energy,eta,phi,time,detid,front_1_x,front_1_y,front_1_z,front_2_x,front_2_y,front_2_z,front_3_x,front_3_y,front_3_z,front_4_x,front_4_y,front_4_z,back_1_x,back_1_y,back_1_z,back_2_x,back_2_y,back_2_z,back_3_x,back_3_y,back_3_z,back_4_x,back_4_y,back_4_z
0.548994,-0.0435,3.01069,-23.7487,1107312803,-1.80583,0.15799,0,-1.78519,0.314777,0,-1.78519,0.314777,-0.157906,-1.80583,0.15799,-0.157906,-2.87975,0.251946,0,-2.84683,0.501974,0,-2.84683,0.501974,-0.251813,-2.87975,0.251946,-0.251813
0.137746,-0.0435,-2.05076,31.6741,1107312817,-0.766091,-1.64289,0,-0.906363,-1.56987,0,-0.906363,-1.56987,-0.157906,-0.766091,-1.64289,-0.157906,-1.22168,-2.61991,0,-1.44538,-2.50346,0,-1.44538,-2.50346,-0.251813,-1.22168,-2.61991,-0.251813
0.388862,-0.1305,3.01069,1.34483,1107312931,-1.80583,0.15799,-0.157906,-1.78519,0.314777,-0.157906,-1.78519,0.314777,-0.317008,-1.80583,0.15799,-0.317008,-2.87975,0.251946,-0.251813,-2.84683,0.501974,-0.251813,-2.84683,0.501974,-0.505533,-2.87975,0.251946,-0.505533
4.07563,-0.2175,-0.0436333,-9.79271,1107313096,1.81273,-1.01294e-07,-0.317008,1.80583,-0.15799,-0.317008,1.80583,-0.15799,-0.478511,1.81273,-1.01294e-07,-0.478511,2.89075,-1.61533e-07,-0.505533,2.87975,-0.251946,-0.505533,2.87975,-0.251946,-0.763081,2.89075,-1.61533e-07,-0.763081
0.263705,-0.3045,0.916298,-7.99383,1107313163,1.03974,1.4849,-0.478511,1.1652,1.38863,-0.478511,1.1652,1.38863,-0.643638,1.03974,1.4849,-0.643638,1.65807,2.36796,-0.763081,1.85814,2.21444,-0.763081,1.85814,2.21444,-1.02641,1.65807,2.36796,-1.02641
0.700413,-0.3045,-1.00356,12.0333,1107313213,1.03974,-1.4849,-0.478511,0.906363,-1.56987,-0.478511,0.906363,-1.56987,-0.643638,1.03974,-1.4849,-0.643638,1.65807,-2.36796,-0.763081,1.44538,-2.50346,-0.763081,1.44538,-2.50346,-1.02641,1.65807,-2.36796,-1.02641
0.164023,-0.3915,2.39983,29.785,1107313308,-1.38863,1.1652,-0.643638,-1.28179,1.28179,-0.643638,-1.28179,1.28179,-0.81364,-1.38863,1.1652,-0.81364,-2.21444,1.85814,-1.02641,-2.04407,2.04407,-1.02641,-2.04407,2.04407,-1.29751,-2.21444,1.85814,-1.29751
0.628288,-0.3915,-1.4399,-3.05056,1107313336,0.314776,-1.78519,-0.643638,0.157989,-1.80583,-0.643638,0.157989,-1.80583,-0.81364,0.314776,-1.78519,-0.81364,0.501973,-2.84683,-1.02641,0.251945,-2.87975,-1.02641,0.251945,-2.87975,-1.29751,0.501973,-2.84683,-1.29751
0.516903,-0.4785,0.0436332,30.7769,1107313409,1.80583,0.157989,-0.81364,1.81273,0,-0.81364,1.81273,0,-0.989805,1.80583,0.157989,-0.989805,2.87975,0.251946,-1.29751,2.89075,0,-1.29751,2.89075,0,-1.57844,2.87975,0.251946,-1.57844
-0.0785873,-0.4785,0.654498,31.3263,1107313416,1.38863,1.1652,-0.81364,1.4849,1.03974,-0.81364,1.4849,1.03974,-0.989805,1.38863,1.1652,-0.989805,2.21444,1.85814,-1.29751,2.36796,1.65807,-1.29751,2.36796,1.65807,-1.57844,2.21444,1.85814,-1.57844
0.158705,-0.4785,-2.57436,-0.762767,1107313451,-1.4849,-1.03974,-0.81364,-1.56987,-0.906363,-0.81364,-1.56987,-0.906363,-0.989805,-1.4849,-1.03974,-0.989805,-2.36796,-1.65807,-1.29751,-2.50346,-1.44538,-1.29751,-2.50346,-1.44538,-1.57844,-2.36796,-1.65807,-1.57844
0.193142,-0.5655,-2.22529,-24.1463,1107313583,-1.03974,-1.4849,-0.989804,-1.1652,-1.38863,-0.989804,-1.1652,-1.38863,-1.17347,-1.03974,-1.4849,-1.17347,-1.65807,-2.36796,-1.57844,-1.85814,-2.21444,-1.57844,-1.85814,-2.21444,-1.87132,-1.65807,-2.36796,-1.87132
0.332735,-0.5655,-0.479966,-1.85486,1107313603,1.64289,-0.766091,-0.989804,1.56987,-0.906363,-0.989804,1.56987,-0.906363,-1.17347,1.64289,-0.766091,-1.17347,2.61991,-1.22168,-1.57844,2.50346,-1.44538,-1.57844,2.50346,-1.44538,-1.87132,2.61991,-1.22168,-1.87132
1.98431,-0.6525,-2.74889,-4.81537,1107313705,-1.64289,-0.766091,-1.17347,-1.7034,-0.619989,-1.17347,-1.7034,-0.619989,-1.36601,-1.64289,-0.766091,-1.36601,-2.61991,-1.22168,-1.87132,-2.71642,-0.988695,-1.87132,-2.71642,-0.988695,-2.17838,-2.61991,-1.22168,-2.17838
-0.084383,-0.7395,2.05076,32.1071,1107313816,-0.906363,1.56987,-1.36601,-0.766091,1.64289,-1.36601,-0.766091,1.64289,-1.56891,-0.906363,1.56987,-1.56891,-1.44538,2.50346,-2.17838,-1.22168,2.61991,-2.17838,-1.22168,2.61991,-2.50194,-1.44538,2.50346,-2.50194
0.185062,-0.7395,-2.57436,-24.0195,1107313835,-1.4849,-1.03974,-1.36601,-1.56987,-0.906363,-1.36601,-1.56987,-0.906363,-1.56891,-1.4849,-1.03974,-1.56891,-2.36796,-1.65807,-2.17838,-2.50346,-1.44538,-2.17838,-2.50346,-1.44538,-2.50194,-2.36796,-1.65807,-2.50194
0.0764816,-0.8265,-2.83616,-23.2311,1107313960,-1.7034,-0.619989,-1.56891,-1.75096,-0.469168,-1.56891,-1.75096,-0.469168,-1.78368,-1.7034,-0.619989,-1.78368,-2.71642,-0.988695,-2.50194,-2.79225,-0.748182,-2.50194,-2.79225,-0.748182,-2.84444,-2.71642,-0.988695,-2.84444
-0.178794,-0.8265,-2.57436,32.1761,1107313963,-1.4849,-1.03974,-1.56891,-1.56987,-0.906363,-1.56891,-1.56987,-0.906363,-1.78368,-1.4849,-1.03974,-1.78368,-2.36796,-1.65807,-2.50194,-2.50346,-1.44538,-2.50194,-2.50346,-1.44538,-2.84444,-2.36796,-1.65807,-2.84444
0.372978,-0.8265,-1.00356,2.63903,1107313981,1.03974,-1.4849,-1.56891,0.906363,-1.56987,-1.56891,0.906363,-1.56987,-1.78368,1.03974,-1.4849,-1.78368,1.65807,-2.36796,-2.50194,1.44538,-2.50346,-2.50194,1.44538,-2.50346,-2.84444,1.65807,-2.36796,-2.84444
1.1318,-0.8265,-0.0436333,1.34538,1107313992,1.81273,-1.01294e-07,-1.56891,1.80583,-0.15799,-1.56891,1.80583,-0.15799,-1.78368,1.81273,-1.01294e-07,-1.78368,2.89075,-1.61533e-07,-2.50194,2.87975,-0.251946,-2.50194,2.87975,-0.251946,-2.84444,2.89075,-1.61533e-07,-2.84444
0.354495,-0.9135,0.567232,13.1342,1107314055,1.4849,1.03974,-1.78368,1.56987,0.906363,-1.78368,1.56987,0.906363,-2.01197,1.4849,1.03974,-2.01197,2.36796,1.65807,-2.84444,2.50346,1.44538,-2.84444,2.50346,1.44538,-3.20849,2.36796,1.65807,-3.20849
0.0336592,-0.9135,0.916298,31.9776,1107314059,1.03974,1.4849,-1.78368,1.1652,1.38863,-1.78368,1.1652,1.38863,-2.01197,1.03974,1.4849,-2.01197,1.65807,2.36796,-2.84444,1.85814,2.21444,-2.84444,1.85814,2.21444,-3.20849,1.65807,2.36796,-3.20849
5.909,-0.9135,-0.218166,6.07154,1107314118,1.78519,-0.314777,-1.78368,1.75096,-0.469168,-1.78368,1.75096,-0.469168,-2.01197,1.78519,-0.314777,-2.01197,2.84683,-0.501974,-2.84444,2.79225,-0.748182,-2.84444,2.79225,-0.748182,-3.20849,2.84683,-0.501974,-3.20849
11.8789,-0.9135,-0.1309,4.38748,1107314119,1.80583,-0.157989,-1.78368,1.78519,-0.314777,-1.78368,1.78519,-0.314777,-2.01197,1.80583,-0.157989,-2.01197,2.87975,-0.251946,-2.84444,2.84683,-0.501974,-2.84444,2.84683,-0.501974,-3.20849,2.87975,-0.251946,-3.20849
6.72462,-0.9135,-0.0436333,2.93868,1107314120,1.81273,-1.01294e-07,-1.78368,1.80583,-0.15799,-1.78368,1.80583,-0.15799,-2.01197,1.81273,-1.01294e-07,-2.01197,2.89075,-1.61533e-07,-2.84444,2.87975,-0.251946,-2.84444,2.87975,-0.251946,-3.20849,2.89075,-1.61533e-07,-3.20849
7.12818,-1.0005,0.0436332,3.67324,1107314177,1.80583,0.157989,-2.01197,1.81273,0,-2.01197,1.81273,0,-2.25549,1.80583,0.157989,-2.25549,2.87975,0.251946,-3.20849,2.89075,0,-3.20849,2.89075,0,-3.59684,2.87975,0.251946,-3.59684
-0.131999,-1.0005,0.829031,31.6687,1107314186,1.1652,1.38863,-2.01197,1.28179,1.28179,-2.01197,1.28179,1.28179,-2.25549,1.1652,1.38863,-2.25549,1.85814,2.21444,-3.20849,2.04407,2.04407,-3.20849,2.04407,2.04407,-3.59684,1.85814,2.21444,-3.59684
0.0449479,-1.0005,1.7017,32.4765,1107314196,-0.314776,1.78519,-2.01197,-0.157989,1.80583,-2.01197,-0.157989,1.80583,-2.25549,-0.314776,1.78519,-2.25549,-0.501974,2.84683,-3.20849,-0.251946,2.87975,-3.20849,-0.251946,2.87975,-3.59684,-0.501974,2.84683,-3.59684
0.626609,-1.0005,-1.4399,19.5602,1107314232,0.314776,-1.78519,-2.01197,0.157989,-1.80583,-2.01197,0.157989,-1.80583,-2.25549,0.314776,-1.78519,-2.25549,0.501973,-2.84683,-3.20849,0.251945,-2.87975,-3.20849,0.251945,-2.87975,-3.59684,0.501973,-2.84683,-3.59684
6.2802,-1.0005,-0.392699,0.0312591,1107314244,1.7034,-0.619989,-2.01197,1.64289,-0.766091,-2.01197,1.64289,-0.766091,-2.25549,1.7034,-0.619989,-2.25549,2.71642,-0.988695,-3.20849,2.61991,-1.22168,-3.20849,2.61991,-1.22168,-3.59684,2.71642,-0.988695,-3.59684
2.68967,-1.0005,-0.305433,-1.11832,1107314245,1.75096,-0.469168,-2.01197,1.7034,-0.619989,-2.01197,1.7034,-0.619989,-2.25549,1.75096,-0.469168,-2.25549,2.79225,-0.748181,-3.20849,2.71642,-0.988695,-3.20849,2.71642,-0.988695,-3.59684,2.79225,-0.748181,-3.59684
40.7698,-1.0005,-0.218166,-0.552594,1107314246,1.78519,-0.314777,-2.01197,1.75096,-0.469168,-2.01197,1.75096,-0.469168,-2.25549,1.78519,-0.314777,-2.25549,2.84683,-0.501974,-3.20849,2.79225,-0.748182,-3.20849,2.79225,-0.748182,-3.59684,2.84683,-0.501974,-3.59684
103.942,-1.0005,-0.1309,-0.259915,1107314247,1.80583,-0.157989,-2.01197,1.78519,-0.314777,-2.01197,1.78519,-0.314777,-2.25549,1.80583,-0.157989,-2.25549,2.87975,-0.251946,-3.20849,2.84683,-0.501974,-3.20849,2.84683,-0.501974,-3.59684,2.87975,-0.251946,-3.59684
6.79326,-1.0005,-0.0436333,-1.00016,1107314248,1.81273,-1.01294e-07,-2.01197,1.80583,-0.15799,-2.01197,1.80583,-0.15799,-2.25549,1.81273,-1.01294e-07,-2.25549,2.89075,-1.61533e-07,-3.20849,2.87975,-0.251946,-3.20849,2.87975,-0.251946,-3.59684,2.89075,-1.61533e-07,-3.59684
4.17127,-1.0875,0.0436332,3.43647,1107314305,1.80583,0.157989,-2.2555,1.81273,0,-2.2555,1.81273,0,-2.5161,1.80583,0.157989,-2.5161,2.87975,0.251946,-3.59684,2.89075,0,-3.59684,2.89075,0,-4.01243,2.87975,0.251946,-4.01243
0.088079,-1.0875,0.305433,-16.8687,1107314308,1.7034,0.619989,-2.2555,1.75096,0.469168,-2.2555,1.75096,0.469168,-2.5161,1.7034,0.619989,-2.5161,2.71642,0.988695,-3.59684,2.79225,0.748181,-3.59684,2.79225,0.748181,-4.01243,2.71642,0.988695,-4.01243
1.15701,-1.0875,-2.48709,7.19079,1107314348,-1.38863,-1.1652,-2.2555,-1.4849,-1.03974,-2.2555,-1.4849,-1.03974,-2.5161,-1.38863,-1.1652,-2.5161,-2.21444,-1.85814,-3.59684,-2.36796,-1.65807,-3.59684,-2.36796,-1.65807,-4.01243,-2.21444,-1.85814,-4.01243
1.67802,-1.0875,-2.05076,6.65242,1107314353,-0.766091,-1.64289,-2.2555,-0.906363,-1.56987,-2.2555,-0.906363,-1.56987,-2.5161,-0.766091,-1.64289,-2.5161,-1.22168,-2.61991,-3.59684,-1.44538,-2.50346,-3.59684,-1.44538,-2.50346,-4.01243,-1.22168,-2.61991,-4.01243
0.893543,-1.0875,-1.9635,-10.329,1107314354,-0.619989,-1.7034,-2.2555,-0.766091,-1.64289,-2.2555,-0.766091,-1.64289,-2.5161,-0.619989,-1.7034,-2.5161,-0.988695,-2.71642,-3.59684,-1.22168,-2.61991,-3.59684,-1.22168,-2.61991,-4.01243,-0.988695,-2.71642,-4.01243
2.2528,-1.0875,-0.392699,-7.78124,1107314372,1.7034,-0.619989,-2.2555,1.64289,-0.766091,-2.2555,1.64289,-0.766091,-2.5161,1.7034,-0.619989,-2.5161,2.71642,-0.988695,-3.59684,2.61991,-1.22168,-3.59684,2.61991,-1.22168,-4.01243,2.71642,-0.988695,-4.01243
17.7066,-1.0875,-0.218166,-0.609876,1107314374,1.78519,-0.314777,-2.2555,1.75096,-0.469168,-2.2555,1.75096,-0.469168,-2.5161,1.78519,-0.314777,-2.5161,2.84683,-0.501974,-3.59684,2.79225,-0.748182,-3.59684,2.79225,-0.748182,-4.01243,2.84683,-0.501974,-4.01243
31.798,-1.0875,-0.1309,2.35399,1107314375,1.80583,-0.157989,-2.2555,1.78519,-0.314777,-2.2555,1.78519,-0.314777,-2.5161,1.80583,-0.157989,-2.5161,2.87975,-0.251946,-3.59684,2.84683,-0.501974,-3.59684,2.84683,-0.501974,-4.01243,2.87975,-0.251946,-4.01243
4.12807,-1.0875,-0.0436333,-4.49142,1107314376,1.81273,-1.01294e-07,-2.2555,1.80583,-0.15799,-2.2555,1.80583,-0.15799,-2.5161,1.81273,-1.01294e-07,-2.5161,2.89075,-1.61533e-07,-3.59684,2.87975,-0.251946,-3.59684,2.87975,-0.251946,-4.01243,2.89075,-1.61533e-07,-4.01243
0.338874,-1.1745,0.0436332,15.4874,1107314433,1.80583,0.157989,-2.5161,1.81273,0,-2.5161,1.81273,0,-2.79577,1.80583,0.157989,-2.79577,2.87975,0.251946,-4.01243,2.89075,0,-4.01243,2.89075,0,-4.4584,2.87975,0.251946,-4.4584
0.153778,-1.1745,1.61443,30.9723,1107314451,-0.157989,1.80583,-2.5161,-7.92367e-08,1.81273,-2.5161,-7.92367e-08,1.81273,-2.79577,-0.157989,1.80583,-2.79577,-0.251946,2.87975,-4.01243,-1.26359e-07,2.89075,-4.01243,-1.26359e-07,2.89075,-4.4584,-0.251946,2.87975,-4.4584
0.441222,-1.1745,2.92343,7.15062,1107314466,-1.78519,0.314777,-2.5161,-1.75096,0.469168,-2.5161,-1.75096,0.469168,-2.79577,-1.78519,0.314777,-2.79577,-2.84683,0.501974,-4.01243,-2.79225,0.748182,-4.01243,-2.79225,0.748182,-4.4584,-2.84683,0.501974,-4.4584
0.669948,-1.1745,-2.22529,-23.2477,1107314479,-1.03974,-1.4849,-2.5161,-1.1652,-1.38863,-2.5161,-1.1652,-1.38863,-2.79577,-1.03974,-1.4849,-2.79577,-1.65807,-2.36796,-4.01243,-1.85814,-2.21444,-4.01243,-1.85814,-2.21444,-4.4584,-1.65807,-2.36796,-4.4584
0.159817,-1.1745,-1.1781,31.7409,1107314491,0.766091,-1.64289,-2.5161,0.619989,-1.7034,-2.5161,0.619989,-1.7034,-2.79577,0.766091,-1.64289,-2.79577,1.22168,-2.61991,-4.01243,0.988695,-2.71642,-4.01243,0.988695,-2.71642,-4.4584,1.22168,-2.61991,-4.4584
0.763196,-1.1745,-0.305433,2.04468,1107314501,1.75096,-0.469168,-2.5161,1.7034,-0.619989,-2.5161,1.7034,-0.619989,-2.79577,1.75096,-0.469168,-2.79577,2.79225,-0.748181,-4.01243,2.71642,-0.988695,-4.01243,2.71642,-0.988695,-4.4584,2.79225,-0.748181,-4.4584
1.70531,-1.1745,-0.218166,-9.89169,1107314502,1.78519,-0.314777,-2.5161,1.75096,-0.469168,-2.5161,1.75096,-0.469168,-2.79577,1.78519,-0.314777,-2.79577,2.84683,-0.501974,-4.01243,2.79225,-0.748182,-4.01243,2.79225,-0.748182,-4.4584,2.84683,-0.501974,-4.4584
1.38867,-1.1745,-0.1309,4.19137,1107314503,1.80583,-0.157989,-2.5161,1.78519,-0.314777,-2.5161,1.78519,-0.314777,-2.79577,1.80583,-0.157989,-2.79577,2.87975,-0.251946,-4.01243,2.84683,-0.501974,-4.01243,2.84683,-0.501974,-4.4584,2.87975,-0.251946,-4.4584
0.22752,-1.2615,0.218166,31.2021,1107314563,1.75096,0.469168,-2.79577,1.78519,0.314776,-2.79577,1.78519,0.314776,-3.0966,1.75096,0.469168,-3.0966,2.49833,0.669426,-3.9891,2.54717,0.449134,-3.9891,2.54717,0.449134,-4.41834,2.49833,0.669426,-4.41834
0.446048,-1.2615,0.567232,-24.0703,1107314567,1.4849,1.03974,-2.79577,1.56987,0.906363,-2.79577,1.56987,0.906363,-3.0966,1.4849,1.03974,-3.0966,2.11871,1.48353,-3.9891,2.23994,1.29323,-3.9891,2.23994,1.29323,-4.41834,2.11871,1.48353,-4.41834
0.905312,-1.2615,0.654498,3.55425,1107314568,1.38863,1.1652,-2.79577,1.4849,1.03974,-2.79577,1.4849,1.03974,-3.0966,1.38863,1.1652,-3.0966,1.98134,1.66255,-3.9891,2.11871,1.48353,-3.9891,2.11871,1.48353,-4.41834,1.98134,1.66255,-4.41834
0.107664,-1.2615,1.61443,30.9145,1107314579,-0.157989,1.80583,-2.79577,-7.92367e-08,1.81273,-2.79577,-7.92367e-08,1.81273,-3.0966,-0.157989,1.80583,-3.0966,-0.225425,2.57662,-3.9891,-1.13058e-07,2.58646,-3.9891,-1.13058e-07,2.58646,-4.41834,-0.225425,2.57662,-4.41834
0.2662,-1.2615,2.31256,-14.7469,1107314587,-1.28179,1.28179,-2.79577,-1.1652,1.38863,-2.79577,-1.1652,1.38863,-3.0966,-1.28179,1.28179,-3.0966,-1.8289,1.8289,-3.9891,-1.66255,1.98134,-3.9891,-1.66255,1.98134,-4.41834,-1.8289,1.8289,-4.41834
0.680768,-1.2615,2.57436,-23.9312,1107314590,-1.56987,0.906363,-2.79577,-1.4849,1.03974,-2.79577,-1.4849,1.03974,-3.0966,-1.56987,0.906363,-3.0966,-2.23994,1.29323,-3.9891,-2.11871,1.48353,-3.9891,-2.11871,1.48353,-4.41834,-2.23994,1.29323,-4.41834
-0.494505,-1.2615,2.66163,-23.8157,1107314591,-1.64289,0.766091,-2.79577,-1.56987,0.906363,-2.79577,-1.56987,0.906363,-3.0966,-1.64289,0.766091,-3.0966,-2.34413,1.09309,-3.9891,-2.23994,1.29323,-3.9891,-2.23994,1.29323,-4.41834,-2.34413,1.09309,-4.41834
0.627218,-1.2615,2.83616,7.21602,1107314593,-1.75096,0.469168,-2.79577,-1.7034,0.619989,-2.79577,-1.7034,0.619989,-3.0966,-1.75096,0.469168,-3.0966,-2.49833,0.669426,-3.9891,-2.43048,0.884622,-3.9891,-2.43048,0.884622,-4.41834,-2.49833,0.669426,-4.41834
0.226257,-1.2615,2.92343,17.936,1107314594,-1.78519,0.314777,-2.79577,-1.75096,0.469168,-2.79577,-1.75096,0.469168,-3.0966,-1.78519,0.314777,-3.0966,-2.54717,0.449135,-3.9891,-2.49833,0.669426,-3.9891,-2.49833,0.669426,-4.41834,-2.54717,0.449135,-4.41834
0.169297,-1.2615,-3.01069,3.15962,1107314598,-1.78519,-0.314777,-2.79577,-1.80583,-0.15799,-2.79577,-1.80583,-0.15799,-3.0966,-1.78519,-0.314777,-3.0966,-2.54717,-0.449135,-3.9891,-2.57662,-0.225425,-3.9891,-2.57662,-0.225425,-4.41834,-2.54717,-0.449135,-4.41834
0.443569,-1.2615,-2.92343,2.89918,1107314599,-1.75096,-0.469168,-2.79577,-1.78519,-0.314777,-2.79577,-1.78519,-0.314777,-3.0966,-1.75096,-0.469168,-3.0966,-2.49833,-0.669426,-3.9891,-2.54717,-0.449135,-3.9891,-2.54717,-0.449135,-4.41834,-2.49833,-0.669426,-4.41834
0.384195,-1.2615,-2.66163,1.48561,1107314602,-1.56987,-0.906363,-2.79577,-1.64289,-0.766091,-2.79577,-1.64289,-0.766091,-3.0966,-1.56987,-0.906363,-3.0966,-2.23994,-1.29323,-3.9891,-2.34413,-1.09309,-3.9891,-2.34413,-1.09309,-4.41834,-2.23994,-1.29323,-4.41834
0.0925322,-1.2615,-2.39983,17.3925,1107314605,-1.28179,-1.28179,-2.79577,-1.38863,-1.1652,-2.79577,-1.38863,-1.1652,-3.0966,-1.28179,-1.28179,-3.0966,-1.8289,-1.8289,-3.9891,-1.98134,-1.66255,-3.9891,-1.98134,-1.66255,-4.41834,-1.8289,-1.8289,-4.41834
0.385196,-1.2615,-2.31256,-13.5575,1107314606,-1.1652,-1.38863,-2.79577,-1.28179,-1.28179,-2.79577,-1.28179,-1.28179,-3.0966,-1.1652,-1.38863,-3.0966,-1.66255,-1.98134,-3.9891,-1.8289,-1.8289,-3.9891,-1.8289,-1.8289,-4.41834,-1.66255,-1.98134,-4.41834
0.377122,-1.2615,-0.654498,-10.4466,1107314625,1.4849,-1.03974,-2.79577,1.38863,-1.1652,-2.79577,1.38863,-1.1652,-3.0966,1.4849,-1.03974,-3.0966,2.11871,-1.48353,-3.9891,1.98134,-1.66255,-3.9891,1.98134,-1.66255,-4.41834,2.11871,-1.48353,-4.41834
0.837498,-1.2615,-0.567232,-9.53156,1107314626,1.56987,-0.906363,-2.79577,1.4849,-1.03974,-2.79577,1.4849,-1.03974,-3.0966,1.56987,-0.906363,-3.0966,2.23994,-1.29323,-3.9891,2.11871,-1.48353,-3.9891,2.11871,-1.48353,-4.41834,2.23994,-1.29323,-4.41834
0.82272,-1.2615,-0.1309,-4.6554,1107314631,1.80583,-0.157989,-2.79577,1.78519,-0.314777,-2.79577,1.78519,-0.314777,-3.0966,1.80583,-0.157989,-3.0966,2.57662,-0.225425,-3.9891,2.54717,-0.449134,-3.9891,2.54717,-0.449134,-4.41834,2.57662,-0.225425,-4.41834
0.598073,0.0435,-2.48709,31.083,1107321004,-1.38863,-1.1652,0.157906,-1.4849,-1.03974,0.157906,-1.4849,-1.03974,0,-1.38863,-1.1652,0,-2.21444,-1.85814,0.251813,-2.36796,-1.65807,0.251813,-2.36796,-1.65807,0,-2.21444,-1.85814,0
0.274307,0.0435,-2.31256,-15.3401,1107321006,-1.1652,-1.38863,0.157906,-1.28179,-1.28179,0.157906,-1.28179,-1.28179,0,-1.1652,-1.38863,0,-1.85814,-2.21444,0.251813,-2.04407,-2.04407,0.251813,-2.04407,-2.04407,0,-1.85814,-2.21444,0
0.2934,0.1305,1.00356,21.1306,1107321100,0.906363,1.56987,0.317008,1.03974,1.4849,0.317008,1.03974,1.4849,0.157906,0.906363,1.56987,0.157906,1.44538,2.50346,0.505533,1.65807,2.36796,0.505533,1.65807,2.36796,0.251813,1.44538,2.50346,0.251813
0.831448,0.1305,-2.74889,-9.74382,1107321129,-1.64289,-0.766091,0.317008,-1.7034,-0.619989,0.317008,-1.7034,-0.619989,0.157906,-1.64289,-0.766091,0.157906,-2.61991,-1.22168,0.505533,-2.71642,-0.988695,0.505533,-2.71642,-0.988695,0.251813,-2.61991,-1.22168,0.251813
0.225229,0.2175,1.26536,9.42775,1107321231,0.469168,1.75096,0.478511,0.619989,1.7034,0.478511,0.619989,1.7034,0.317008,0.469168,1.75096,0.317008,0.748182,2.79225,0.763081,0.988695,2.71642,0.763081,0.988695,2.71642,0.505533,0.748182,2.79225,0.505533
1.54097,0.2175,-1.7017,15.9093,1107321269,-0.15799,-1.80583,0.478511,-0.314777,-1.78519,0.478511,-0.314777,-1.78519,0.317008,-0.15799,-1.80583,0.317008,-0.251946,-2.87975,0.763081,-0.501974,-2.84683,0.763081,-0.501974,-2.84683,0.505533,-0.251946,-2.87975,0.505533
-0.022396,0.3045,0.479966,27.4372,1107321350,1.56987,0.906363,0.643638,1.64289,0.766091,0.643638,1.64289,0.766091,0.478511,1.56987,0.906363,0.478511,2.50346,1.44538,1.02641,2.61991,1.22168,1.02641,2.61991,1.22168,0.763081,2.50346,1.44538,0.763081
2.72719,0.3045,-2.92343,2.33418,1107321383,-1.75096,-0.469168,0.643638,-1.78519,-0.314777,0.643638,-1.78519,-0.314777,0.478511,-1.75096,-0.469168,0.478511,-2.79225,-0.748182,1.02641,-2.84683,-0.501974,1.02641,-2.84683,-0.501974,0.763081,-2.79225,-0.748182,0.763081
0.685814,0.3045,-2.57436,8.3033,1107321387,-1.4849,-1.03974,0.643638,-1.56987,-0.906363,0.643638,-1.56987,-0.906363,0.478511,-1.4849,-1.03974,0.478511,-2.36796,-1.65807,1.02641,-2.50346,-1.44538,1.02641,-2.50346,-1.44538,0.763081,-2.36796,-1.65807,0.763081
0.903523,0.3915,-3.01069,20.3516,1107321510,-1.78519,-0.314777,0.81364,-1.80583,-0.15799,0.81364,-1.80583,-0.15799,0.643638,-1.78519,-0.314777,0.643638,-2.84683,-0.501974,1.29751,-2.87975,-0.251946,1.29751,-2.87975,-0.251946,1.02641,-2.84683,-0.501974,1.02641
1.8659,0.4785,-1.61443,53.0842,1107321654,-2.9533e-07,-1.81273,0.989805,-0.15799,-1.80583,0.989805,-0.15799,-1.80583,0.81364,-2.9533e-07,-1.81273,0.81364,-4.70963e-07,-2.89075,1.57844,-0.251946,-2.87975,1.57844,-0.251946,-2.87975,1.29751,-4.70963e-07,-2.89075,1.29751
-0.0788689,0.5655,-2.74889,31.399,1107321769,-1.64289,-0.766091,1.17347,-1.7034,-0.619989,1.17347,-1.7034,-0.619989,0.989804,-1.64289,-0.766091,0.989804,-2.61991,-1.22168,1.87132,-2.71642,-0.988695,1.87132,-2.71642,-0.988695,1.57844,-2.61991,-1.22168,1.57844
0.132642,0.6525,0.218166,31.655,1107321859,1.75096,0.469168,1.36601,1.78519,0.314776,1.36601,1.78519,0.314776,1.17347,1.75096,0.469168,1.17347,2.79225,0.748181,2.17838,2.84683,0.501974,2.17838,2.84683,0.501974,1.87132,2.79225,0.748181,1.87132
0.275891,0.6525,-2.05076,-23.2937,1107321905,-0.766091,-1.64289,1.36601,-0.906363,-1.56987,1.36601,-0.906363,-1.56987,1.17347,-0.766091,-1.64289,1.17347,-1.22168,-2.61991,2.17838,-1.44538,-2.50346,2.17838,-1.44538,-2.50346,1.87132,-1.22168,-2.61991,1.87132
0.813802,0.6525,-0.916298,2.73927,1107321918,1.1652,-1.38863,1.36601,1.03974,-1.4849,1.36601,1.03974,-1.4849,1.17347,1.1652,-1.38863,1.17347,1.85814,-2.21444,2.17838,1.65807,-2.36796,2.17838,1.65807,-2.36796,1.87132,1.85814,-2.21444,1.87132
0.199613,0.6525,-0.567232,31.9336,1107321922,1.56987,-0.906363,1.36601,1.4849,-1.03974,1.36601,1.4849,-1.03974,1.17347,1.56987,-0.906363,1.17347,2.50346,-1.44538,2.17838,2.36796,-1.65807,2.17838,2.36796,-1.65807,1.87132,2.50346,-1.44538,1.87132
0.91857,0.7395,2.92343,-5.67588,1107322018,-1.78519,0.314777,1.56891,-1.75096,0.469168,1.56891,-1.75096,0.469168,1.36601,-1.78519,0.314777,1.36601,-2.84683,0.501974,2.50194,-2.79225,0.748182,2.50194,-2.79225,0.748182,2.17838,-2.84683,0.501974,2.17838
0.996587,0.8265,1.52716,14.9247,1107322130,1.36857e-07,1.81273,1.78368,0.15799,1.80583,1.78368,0.15799,1.80583,1.56891,1.36857e-07,1.81273,1.56891,2.18246e-07,2.89075,2.84444,0.251946,2.87975,2.84444,0.251946,2.87975,2.50194,2.18246e-07,2.89075,2.50194
1.2018,0.8265,2.66163,-4.93151,1107322143,-1.64289,0.766091,1.78368,-1.56987,0.906363,1.78368,-1.56987,0.906363,1.56891,-1.64289,0.766091,1.56891,-2.61991,1.22168,2.84444,-2.50346,1.44538,2.84444,-2.50346,1.44538,2.50194,-2.61991,1.22168,2.50194
2.04909,0.8265,2.74889,2.50631,1107322144,-1.7034,0.619989,1.78368,-1.64289,0.766091,1.78368,-1.64289,0.766091,1.56891,-1.7034,0.619989,1.56891,-2.71642,0.988695,2.84444,-2.61991,1.22168,2.84444,-2.61991,1.22168,2.50194,-2.71642,0.988695,2.50194
3.31943,0.8265,2.83616,-1.55545,1107322145,-1.75096,0.469168,1.78368,-1.7034,0.619989,1.78368,-1.7034,0.619989,1.56891,-1.75096,0.469168,1.56891,-2.79225,0.748182,2.84444,-2.71642,0.988695,2.84444,-2.71642,0.988695,2.50194,-2.79225,0.748182,2.50194
4.14395,0.8265,2.92343,4.68657,1107322146,-1.78519,0.314777,1.78368,-1.75096,0.469168,1.78368,-1.75096,0.469168,1.56891,-1.78519,0.314777,1.56891,-2.84683,0.501974,2.84444,-2.79225,0.748182,2.84444,-2.79225,0.748182,2.50194,-2.84683,0.501974,2.50194
1.80949,0.8265,3.01069,1.14176,1107322147,-1.80583,0.15799,1.78368,-1.78519,0.314777,1.78368,-1.78519,0.314777,1.56891,-1.80583,0.15799,1.56891,-2.87975,0.251946,2.84444,-2.84683,0.501974,2.84444,-2.84683,0.501974,2.50194,-2.87975,0.251946,2.50194
1.55653,0.8265,3.09796,-6.14466,1107322148,-1.81273,2.73714e-07,1.78368,-1.80583,0.15799,1.78368,-1.80583,0.15799,1.56891,-1.81273,2.73714e-07,1.56891,-2.89075,4.36491e-07,2.84444,-2.87975,0.251946,2.84444,-2.87975,0.251946,2.50194,-2.89075,4.36491e-07,2.50194
-0.0780806,0.8265,-2.57436,31.466,1107322155,-1.4849,-1.03974,1.78368,-1.56987,-0.906363,1.78368,-1.56987,-0.906363,1.56891,-1.4849,-1.03974,1.56891,-2.36796,-1.65807,2.84444,-2.50346,-1.44538,2.84444,-2.50346,-1.44538,2.50194,-2.36796,-1.65807,2.50194
-0.0456219,0.9135,1.00356,-23.9728,1107322252,0.906363,1.56987,2.01197,1.03974,1.4849,2.01197,1.03974,1.4849,1.78368,0.906363,1.56987,1.78368,1.44538,2.50346,3.20849,1.65807,2.36796,3.20849,1.65807,2.36796,2.84444,1.44538,2.50346,2.84444
1.98944,0.9135,2.74889,3.37706,1107322272,-1.7034,0.619989,2.01197,-1.64289,0.766091,2.01197,-1.64289,0.766091,1.78368,-1.7034,0.619989,1.78368,-2.71642,0.988695,3.20849,-2.61991,1.22168,3.20849,-2.61991,1.22168,2.84444,-2.71642,0.988695,2.84444
16.2771,0.9135,2.83616,3.12031,1107322273,-1.75096,0.469168,2.01197,-1.7034,0.619989,2.01197,-1.7034,0.619989,1.78368,-1.75096,0.469168,1.78368,-2.79225,0.748182,3.20849,-2.71642,0.988695,3.20849,-2.71642,0.988695,2.84444,-2.79225,0.748182,2.84444
22.3216,0.9135,2.92343,0.365013,1107322274,-1.78519,0.314777,2.01197,-1.75096,0.469168,2.01197,-1.75096,0.469168,1.78368,-1.78519,0.314777,1.78368,-2.84683,0.501974,3.20849,-2.79225,0.748182,3.20849,-2.79225,0.748182,2.84444,-2.84683,0.501974,2.84444
17.8252,0.9135,3.01069,7.71822,1107322275,-1.80583,0.15799,2.01197,-1.78519,0.314777,2.01197,-1.78519,0.314777,1.78368,-1.80583,0.15799,1.78368,-2.87975,0.251946,3.20849,-2.84683,0.501974,3.20849,-2.84683,0.501974,2.84444,-2.87975,0.251946,2.84444
7.09146,0.9135,3.09796,1.25432,1107322276,-1.81273,2.73714e-07,2.01197,-1.80583,0.15799,2.01197,-1.80583,0.15799,1.78368,-1.81273,2.73714e-07,1.78368,-2.89075,4.36491e-07,3.20849,-2.87975,0.251946,3.20849,-2.87975,0.251946,2.84444,-2.89075,4.36491e-07,2.84444
0.885424,1.0005,1.87623,11.9169,1107322390,-0.619989,1.7034,2.25549,-0.469168,1.75096,2.25549,-0.469168,1.75096,2.01197,-0.619989,1.7034,2.01197,-0.988695,2.71642,3.59684,-0.748181,2.79225,3.59684,-0.748181,2.79225,3.20849,-0.988695,2.71642,3.20849
1.29986,1.0005,2.39983,14.0323,1107322396,-1.38863,1.1652,2.25549,-1.28179,1.28179,2.25549,-1.28179,1.28179,2.01197,-1.38863,1.1652,2.01197,-2.21444,1.85814,3.59684,-2.04407,2.04407,3.59684,-2.04407,2.04407,3.20849,-2.21444,1.85814,3.20849
10.7993,1.0005,2.74889,3.14256,1107322400,-1.7034,0.619989,2.25549,-1.64289,0.766091,2.25549,-1.64289,0.766091,2.01197,-1.7034,0.619989,2.01197,-2.71642,0.988695,3.59684,-2.61991,1.22168,3.59684,-2.61991,1.22168,3.20849,-2.71642,0.988695,3.20849
21.5629,1.0005,2.83616,-1.07044,1107322401,-1.75096,0.469168,2.25549,-1.7034,0.619989,2.25549,-1.7034,0.619989,2.01197,-1.75096,0.469168,2.01197,-2.79225,0.748182,3.59684,-2.71642,0.988695,3.59684,-2.71642,0.988695,3.20849,-2.79225,0.748182,3.20849
50.5894,1.0005,2.92343,0.663895,1107322402,-1.78519,0.314777,2.25549,-1.75096,0.469168,2.25549,-1.75096,0.469168,2.01197,-1.78519,0.314777,2.01197,-2.84683,0.501974,3.59684,-2.79225,0.748182,3.59684,-2.79225,0.748182,3.20849,-2.84683,0.501974,3.20849
45.1401,1.0005,3.01069,-0.317548,1107322403,-1.80583,0.15799,2.25549,-1.78519,0.314777,2.25549,-1.78519,0.314777,2.01197,-1.80583,0.15799,2.01197,-2.87975,0.251946,3.59684,-2.84683,0.501974,3.59684,-2.84683,0.501974,3.20849,-2.87975,0.251946,3.20849
0.768614,1.0005,3.09796,9.57596,1107322404,-1.81273,2.73714e-07,2.25549,-1.80583,0.15799,2.25549,-1.80583,0.15799,2.01197,-1.81273,2.73714e-07,2.01197,-2.89075,4.36491e-07,3.59684,-2.87975,0.251946,3.59684,-2.87975,0.251946,3.20849,-2.89075,4.36491e-07,3.20849
1.52838,1.0005,-3.09796,1.60808,1107322405,-1.80583,-0.15799,2.25549,-1.81273,-2.73714e-07,2.25549,-1.81273,-2.73714e-07,2.01197,-1.80583,-0.15799,2.01197,-2.87975,-0.251946,3.59684,-2.89075,-4.36491e-07,3.59684,-2.89075,-4.36491e-07,3.20849,-2.87975,-0.251946,3.20849
0.345582,1.0005,-2.66163,4.77265,1107322410,-1.56987,-0.906363,2.25549,-1.64289,-0.766091,2.25549,-1.64289,-0.766091,2.01197,-1.56987,-0.906363,2.01197,-2.50346,-1.44538,3.59684,-2.61991,-1.22168,3.59684,-2.61991,-1.22168,3.20849,-2.50346,-1.44538,3.20849
-0.000310233,1.0005,-2.22529,-12.2154,1107322415,-1.03974,-1.4849,2.25549,-1.1652,-1.38863,2.25549,-1.1652,-1.38863,2.01197,-1.03974,-1.4849,2.01197,-1.65807,-2.36796,3.59684,-1.85814,-2.21444,3.59684,-1.85814,-2.21444,3.20849,-1.65807,-2.36796,3.20849
0.489123,1.0875,0.741765,24.703,1107322505,1.28179,1.28179,2.5161,1.38863,1.1652,2.5161,1.38863,1.1652,2.2555,1.28179,1.28179,2.2555,2.04407,2.04407,4.01243,2.21444,1.85814,4.01243,2.21444,1.85814,3.59684,2.04407,2.04407,3.59684
0.98305,1.0875,2.22529,21.962,1107322522,-1.1652,1.38863,2.5161,-1.03974,1.4849,2.5161,-1.03974,1.4849,2.2555,-1.1652,1.38863,2.2555,-1.85814,2.21444,4.01243,-1.65807,2.36796,4.01243,-1.65807,2.36796,3.59684,-1.85814,2.21444,3.59684
3.26002,1.0875,2.83616,1.03259,1107322529,-1.75096,0.469168,2.5161,-1.7034,0.619989,2.5161,-1.7034,0.619989,2.2555,-1.75096,0.469168,2.2555,-2.79225,0.748182,4.01243,-2.71642,0.988695,4.01243,-2.71642,0.988695,3.59684,-2.79225,0.748182,3.59684
4.26223,1.0875,2.92343,4.14463,1107322530,-1.78519,0.314777,2.5161,-1.75096,0.469168,2.5161,-1.75096,0.469168,2.2555,-1.78519,0.314777,2.2555,-2.84683,0.501974,4.01243,-2.79225,0.748182,4.01243,-2.79225,0.748182,3.59684,-2.84683,0.501974,3.59684
2.01427,1.0875,3.01069,-7.97018,1107322531,-1.80583,0.15799,2.5161,-1.78519,0.314777,2.5161,-1.78519,0.314777,2.2555,-1.80583,0.15799,2.2555,-2.87975,0.251946,4.01243,-2.84683,0.501974,4.01243,-2.84683,0.501974,3.59684,-2.87975,0.251946,3.59684
3.24832,1.0875,3.09796,10.8668,1107322532,-1.81273,2.73714e-07,2.5161,-1.80583,0.15799,2.5161,-1.80583,0.15799,2.2555,-1.81273,2.73714e-07,2.2555,-2.89075,4.36491e-07,4.01243,-2.87975,0.251946,4.01243,-2.87975,0.251946,3.59684,-2.89075,4.36491e-07,3.59684
6.22267,1.0875,-3.09796,2.31411,1107322533,-1.80583,-0.15799,2.5161,-1.81273,-2.73714e-07,2.5161,-1.81273,-2.73714e-07,2.2555,-1.80583,-0.15799,2.2555,-2.87975,-0.251946,4.01243,-2.89075,-4.36491e-07,4.01243,-2.89075,-4.36491e-07,3.59684,-2.87975,-0.251946,3.59684
0.419264,1.0875,-1.9635,26.905,1107322546,-0.619989,-1.7034,2.5161,-0.766091,-1.64289,2.5161,-0.766091,-1.64289,2.2555,-0.619989,-1.7034,2.2555,-0.988695,-2.71642,4.01243,-1.22168,-2.61991,4.01243,-1.22168,-2.61991,3.59684,-0.988695,-2.71642,3.59684
0.099286,1.0875,-1.61443,54.8377,1107322550,-2.9533e-07,-1.81273,2.5161,-0.15799,-1.80583,2.5161,-0.15799,-1.80583,2.2555,-2.9533e-07,-1.81273,2.2555,-4.70963e-07,-2.89075,4.01243,-0.251946,-2.87975,4.01243,-0.251946,-2.87975,3.59684,-4.70963e-07,-2.89075,3.59684
1.77829,1.1745,2.83616,1.83994,1107322657,-1.75096,0.469168,2.79577,-1.7034,0.619989,2.79577,-1.7034,0.619989,2.5161,-1.75096,0.469168,2.5161,-2.79225,0.748182,4.4584,-2.71642,0.988695,4.4584,-2.71642,0.988695,4.01243,-2.79225,0.748182,4.01243
1.6839,1.1745,-3.01069,-1.59111,1107322662,-1.78519,-0.314777,2.79577,-1.80583,-0.15799,2.79577,-1.80583,-0.15799,2.5161,-1.78519,-0.314777,2.5161,-2.84683,-0.501974,4.4584,-2.87975,-0.251946,4.4584,-2.87975,-0.251946,4.01243,-2.84683,-0.501974,4.01243
0.216692,1.1745,-2.92343,-11.4376,1107322663,-1.75096,-0.469168,2.79577,-1.78519,-0.314777,2.79577,-1.78519,-0.314777,2.5161,-1.75096,-0.469168,2.5161,-2.79225,-0.748182,4.4584,-2.84683,-0.501974,4.4584,-2.84683,-0.501974,4.01243,-2.79225,-0.748182,4.01243
-0.00343309,1.1745,-0.479966,0.6673,1107322691,1.64289,-0.766091,2.79577,1.56987,-0.906363,2.79577,1.56987,-0.906363,2.5161,1.64289,-0.766091,2.5161,2.61991,-1.22168,4.4584,2.50346,-1.44538,4.4584,2.50346,-1.44538,4.01243,2.61991,-1.22168,4.01243
-0.174851,1.2615,0.392699,-23.0955,1107322757,1.64289,0.766091,3.0966,1.7034,0.619989,3.0966,1.7034,0.619989,2.79577,1.64289,0.766091,2.79577,2.34413,1.09309,4.41834,2.43048,0.884622,4.41834,2.43048,0.884622,3.9891,2.34413,1.09309,3.9891
0.502506,1.2615,0.829031,17.9364,1107322762,1.1652,1.38863,3.0966,1.28179,1.28179,3.0966,1.28179,1.28179,2.79577,1.1652,1.38863,2.79577,1.66255,1.98134,4.41834,1.8289,1.8289,4.41834,1.8289,1.8289,3.9891,1.66255,1.98134,3.9891
0.354946,1.2615,1.00356,4.72422,1107322764,0.906363,1.56987,3.0966,1.03974,1.4849,3.0966,1.03974,1.4849,2.79577,0.906363,1.56987,2.79577,1.29323,2.23994,4.41834,1.48353,2.11871,4.41834,1.48353,2.11871,3.9891,1.29323,2.23994,3.9891
0.302421,1.2615,1.09083,-19.7969,1107322765,0.766091,1.64289,3.0966,0.906363,1.56987,3.0966,0.906363,1.56987,2.79577,0.766091,1.64289,2.79577,1.09309,2.34413,4.41834,1.29323,2.23994,4.41834,1.29323,2.23994,3.9891,1.09309,2.34413,3.9891
-0.117599,1.2615,1.7017,31.1151,1107322772,-0.314776,1.78519,3.0966,-0.157989,1.80583,3.0966,-0.157989,1.80583,2.79577,-0.314776,1.78519,2.79577,-0.449134,2.54717,4.41834,-0.225425,2.57662,4.41834,-0.225425,2.57662,3.9891,-0.449134,2.54717,3.9891
0.308682,1.2615,2.05076,14.3898,1107322776,-0.906363,1.56987,3.0966,-0.766091,1.64289,3.0966,-0.766091,1.64289,2.79577,-0.906363,1.56987,2.79577,-1.29323,2.23994,4.41834,-1.09309,2.34413,4.41834,-1.09309,2.34413,3.9891,-1.29323,2.23994,3.9891
0.577168,1.2615,2.57436,17.8595,1107322782,-1.56987,0.906363,3.0966,-1.4849,1.03974,3.0966,-1.4849,1.03974,2.79577,-1.56987,0.906363,2.79577,-2.23994,1.29323,4.41834,-2.11871,1.48353,4.41834,-2.11871,1.48353,3.9891,-2.23994,1.29323,3.9891
0.146151,1.2615,2.83616,-23.0653,1107322785,-1.75096,0.469168,3.0966,-1.7034,0.619989,3.0966,-1.7034,0.619989,2.79577,-1.75096,0.469168,2.79577,-2.49833,0.669426,4.41834,-2.43048,0.884622,4.41834,-2.43048,0.884622,3.9891,-2.49833,0.669426,3.9891
0.406174,1.2615,2.92343,-10.6722,1107322786,-1.78519,0.314777,3.0966,-1.75096,0.469168,3.0966,-1.75096,0.469168,2.79577,-1.78519,0.314777,2.79577,-2.54717,0.449135,4.41834,-2.49833,0.669426,4.41834,-2.49833,0.669426,3.9891,-2.54717,0.449135,3.9891
0.41727,1.2615,3.01069,30.9433,1107322787,-1.80583,0.15799,3.0966,-1.78519,0.314777,3.0966,-1.78519,0.314777,2.79577,-1.80583,0.15799,2.79577,-2.57662,0.225425,4.41834,-2.54717,0.449135,4.41834,-2.54717,0.449135,3.9891,-2.57662,0.225425,3.9891
0.522978,1.2615,-3.09796,17.3327,1107322789,-1.80583,-0.15799,3.0966,-1.81273,-2.73714e-07,3.0966,-1.81273,-2.73714e-07,2.79577,-1.80583,-0.15799,2.79577,-2.57662,-0.225425,4.41834,-2.58646,-3.90545e-07,4.41834,-2.58646,-3.90545e-07,3.9891,-2.57662,-0.225425,3.9891
0.0649749,1.2615,-3.01069,-23.9316,1107322790,-1.78519,-0.314777,3.0966,-1.80583,-0.15799,3.0966,-1.80583,-0.15799,2.79577,-1.78519,-0.314777,2.79577,-2.54717,-0.449135,4.41834,-2.57662,-0.225425,4.41834,-2.57662,-0.225425,3.9891,-2.54717,-0.449135,3.9891
0.646441,1.2615,-2.31256,28.3904,1107322798,-1.1652,-1.38863,3.0966,-1.28179,-1.28179,3.0966,-1.28179,-1.28179,2.79577,-1.1652,-1.38863,2.79577,-1.66255,-1.98134,4.41834,-1.8289,-1.8289,4.41834,-1.8289,-1.8289,3.9891,-1.66255,-1.98134,3.9891
-0.0633448,1.2615,-1.9635,31.5614,1107322802,-0.619989,-1.7034,3.0966,-0.766091,-1.64289,3.0966,-0.766091,-1.64289,2.79577,-0.619989,-1.7034,2.79577,-0.884622,-2.43048,4.41834,-1.09309,-2.34413,4.41834,-1.09309,-2.34413,3.9891,-0.884622,-2.43048,3.9891
0.513937,1.2615,-1.61443,-33.8915,1107322806,-2.9533e-07,-1.81273,3.0966,-0.15799,-1.80583,3.0966,-0.15799,-1.80583,2.79577,-2.9533e-07,-1.81273,2.79577,-4.21388e-07,-2.58646,4.41834,-0.225425,-2.57662,4.41834,-0.225425,-2.57662,3.9891,-4.21388e-07,-2.58646,3.9891
0.275361,1.2615,-1.35263,28.181,1107322809,0.469167,-1.75096,3.0966,0.314776,-1.78519,3.0966,0.314776,-1.78519,2.79577,0.469167,-1.75096,2.79577,0.669425,-2.49833,4.41834,0.449134,-2.54717,4.41834,0.449134,-2.54717,3.9891,0.669425,-2.49833,3.9891
1.77678,1.2615,-0.567232,3.73663,1107322818,1.56987,-0.906363,3.0966,1.4849,-1.03974,3.0966,1.4849,-1.03974,2.79577,1.56987,-0.906363,2.79577,2.23994,-1.29323,4.41834,2.11871,-1.48353,4.41834,2.11871,-1.48353,3.9891,2.23994,-1.29323,3.9891
0.835711,1.2615,-0.305433,15.4025,1107322821,1.75096,-0.469168,3.0966,1.7034,-0.619989,3.0966,1.7034,-0.619989,2.79577,1.75096,-0.469168,2.79577,2.49833,-0.669426,4.41834,2.43048,-0.884622,4.41834,2.43048,-0.884622,3.9891,2.49833,-0.669426,3.9891
