Name,Index,WasRun,Accept,Error,Objects
HLTriggerFirstPath,0,1,0,0,
HLT_Activity_Ecal_SC7_v13,1,1,0,0,
HLT_L1SingleJet16_v7,2,1,0,0,
HLT_L1SingleJet36_v7,3,1,0,0,
HLT_PFJet40_v6,4,1,0,0,
HLT_PFJet80_v6,5,1,0,0,
HLT_PFJet140_v6,6,1,0,0,
HLT_PFJet200_v6,7,1,0,0,
HLT_PFJet260_v6,8,1,0,0,
HLT_PFJet320_v6,9,1,0,0,
HLT_Jet370_NoJetID_v14,10,1,0,0,
HLT_PFJet400_v6,11,1,0,0,
HLT_MonoCentralPFJet80_PFMETnoMu105_NHEF0p95_v1,12,1,0,0,
HLT_SingleForJet25_v3,13,1,0,0,
HLT_SingleForJet15_v3,14,1,0,0,
HLT_DiPFJetAve40_v7,15,1,0,0,
HLT_DiPFJetAve80_v7,16,1,0,0,
HLT_DiPFJetAve140_v7,17,1,0,0,
HLT_DiPFJetAve200_v7,18,1,0,0,
HLT_DiPFJetAve260_v7,19,1,0,0,
HLT_DiPFJetAve320_v7,20,1,0,0,
HLT_DiPFJetAve400_v7,21,1,0,0,
HLT_FatDiPFJetMass750_DR1p1_Deta1p5_v7,22,1,0,0,
HLT_DoubleJet20_ForwardBackward_v3,23,1,0,0,
HLT_DiJet80_DiJet60_DiJet20_v3,24,1,0,0,
HLT_DiPFJet40_PFMETnoMu65_MJJ800VBF_AllJets_v6,25,1,0,0,
HLT_DiPFJet40_PFMETnoMu65_MJJ600VBF_LeadingJets_v6,26,1,0,0,
HLT_DiJet40Eta2p6_BTagIP3DFastPV_v5,27,1,0,0,
HLT_DiJet80Eta2p6_BTagIP3DFastPVLoose_v5,28,1,0,0,
HLT_Jet60Eta1p7_Jet53Eta1p7_DiBTagIP3DFastPV_v5,29,1,0,0,
HLT_Jet80Eta1p7_Jet70Eta1p7_DiBTagIP3DFastPV_v5,30,1,0,0,
HLT_Jet160Eta2p4_Jet120Eta2p4_DiBTagIP3DFastPVLoose_v5,31,1,0,0,
HLT_QuadJet50_v3,32,1,0,0,
HLT_QuadJet50_Jet20_v2,33,1,0,0,
HLT_QuadJet60_DiJet20_v3,34,1,0,0,
HLT_QuadJet70_v4,35,1,0,0,
HLT_QuadJet80_v4,36,1,0,0,
HLT_QuadJet90_v4,37,1,0,0,
HLT_QuadJet75_55_35_20_BTagIP_VBF_v4,38,1,0,0,
HLT_QuadJet75_55_38_20_BTagIP_VBF_v4,39,1,0,0,
HLT_QuadPFJet78_61_44_31_BTagCSV_VBF_v2,40,1,0,0,
HLT_QuadPFJet82_65_48_35_BTagCSV_VBF_v2,41,1,0,0,
HLT_SixJet35_v4,42,1,0,0,
HLT_SixJet45_v4,43,1,0,0,
HLT_SixJet50_v4,44,1,0,0,
HLT_EightJet30_eta3p0_v3,45,1,0,0,
HLT_EightJet35_eta3p0_v3,46,1,0,0,
HLT_ExclDiJet35_HFOR_v3,47,1,0,0,
HLT_ExclDiJet35_HFAND_v3,48,1,0,0,
HLT_ExclDiJet80_HFAND_v3,49,1,0,0,
HLT_JetE30_NoBPTX_v13,50,1,0,0,
HLT_JetE30_NoBPTX3BX_NoHalo_v15,51,1,0,0,
HLT_JetE50_NoBPTX3BX_NoHalo_v12,52,1,0,0,
HLT_JetE70_NoBPTX3BX_NoHalo_v4,53,1,0,0,
HLT_HT200_AlphaT0p57_v6,54,1,0,0,
HLT_HT200_v4,55,1,0,0,
HLT_HT250_AlphaT0p55_v6,56,1,0,0,
HLT_HT250_AlphaT0p57_v6,57,1,0,0,
HLT_HT250_v5,58,1,0,0,
HLT_HT300_AlphaT0p53_v6,59,1,0,0,
HLT_HT300_AlphaT0p54_v12,60,1,0,0,
HLT_HT300_v5,61,1,0,0,
HLT_HT300_DoubleDisplacedPFJet60_v7,62,1,0,0,
HLT_HT300_DoubleDisplacedPFJet60_ChgFraction10_v7,63,1,0,0,
HLT_HT300_SingleDisplacedPFJet60_v7,64,1,0,0,
HLT_HT300_SingleDisplacedPFJet60_ChgFraction10_v7,65,1,0,0,
HLT_HT350_v5,66,1,0,0,
HLT_HT350_AlphaT0p52_v6,67,1,0,0,
HLT_HT350_AlphaT0p53_v17,68,1,0,0,
HLT_HT400_v5,69,1,0,0,
HLT_HT400_AlphaT0p51_v17,70,1,0,0,
HLT_HT400_AlphaT0p52_v12,71,1,0,0,
HLT_HT450_AlphaT0p51_v12,72,1,0,0,
HLT_HT450_v5,73,1,0,0,
HLT_HT500_v5,74,1,0,0,
HLT_HT550_v5,75,1,0,0,
HLT_HT650_v5,76,1,0,0,
HLT_HT650_Track50_dEdx3p6_v8,77,1,0,0,
HLT_HT650_Track60_dEdx3p7_v8,78,1,0,0,
HLT_HT750_v5,79,1,0,0,
HLT_PFNoPUHT350_v1,80,1,0,0,
HLT_PFNoPUHT650_v1,81,1,0,0,
HLT_PFNoPUHT650_DiCentralPFNoPUJet80_CenPFNoPUJet40_v1,82,1,0,0,
HLT_PFNoPUHT700_v1,83,1,0,0,
HLT_PFNoPUHT750_v1,84,1,0,0,
HLT_PFMET150_v5,85,1,0,0,
HLT_PFMET180_v5,86,1,0,0,
HLT_DiCentralJetSumpT100_dPhi05_DiCentralPFJet60_25_PFMET100_HBHENoiseCleaned_v2,87,1,0,0,
HLT_DiCentralPFJet30_PFMET80_v3,88,1,0,0,
HLT_DiCentralPFNoPUJet50_PFMETORPFMETNoMu80_v1,89,1,0,0,
HLT_DiCentralPFJet30_PFMET80_BTagCSV07_v2,90,1,0,0,
HLT_DiPFJet80_DiPFJet30_BTagCSVd07d05d03_v2,91,1,0,0,
HLT_DiPFJet80_DiPFJet30_BTagCSVd07d05d05_v2,92,1,0,0,
HLT_DiPFJet80_DiPFJet30_BTagCSVd07d05_v2,93,1,0,0,
HLT_MET80_v4,94,1,0,0,
HLT_MET80_Track50_dEdx3p6_v5,95,1,0,0,
HLT_MET80_Track60_dEdx3p7_v5,96,1,0,0,
HLT_MET120_v11,97,1,0,0,
HLT_MET120_HBHENoiseCleaned_v4,98,1,0,0,
HLT_MET200_v11,99,1,0,0,
HLT_MET200_HBHENoiseCleaned_v4,100,1,0,0,
HLT_MET300_v3,101,1,0,0,
HLT_MET300_HBHENoiseCleaned_v4,102,1,0,0,
HLT_MET400_v6,103,1,0,0,
HLT_MET400_HBHENoiseCleaned_v4,104,1,0,0,
HLT_L1SingleMuOpen_v7,105,1,0,0,
HLT_L1SingleMu12_v2,106,1,0,0,
HLT_L2Mu70_eta2p1_PFMET55_v2,107,1,0,0,
HLT_L2Mu70_eta2p1_PFMET60_v2,108,1,0,0,
HLT_L2Mu20_eta2p1_NoVertex_v2,109,1,0,0,
HLT_L2Mu10_NoVertex_NoBPTX3BX_NoHalo_v4,110,1,0,0,
HLT_L2Mu20_NoVertex_2Cha_NoBPTX3BX_NoHalo_v1,111,1,0,0,
HLT_L2Mu30_NoVertex_2Cha_NoBPTX3BX_NoHalo_v1,112,1,0,0,
HLT_L2TripleMu10_0_0_NoVertex_PFJet40Neutral_v5,113,1,0,0,
HLT_DoubleDisplacedMu4_DiPFJet40Neutral_v5,114,1,0,0,
HLT_Mu5_v19,115,1,0,0,
HLT_Mu8_v17,116,1,0,0,
HLT_Mu12_v17,117,1,0,0,
HLT_Mu17_v4,118,1,0,0,
HLT_Mu12_eta2p1_L1Mu10erJetC12WdEtaPhi1DiJetsC_v5,119,1,0,0,-81/94 
HLT_Mu15_eta2p1_L1Mu10erJetC12WdEtaPhi1DiJetsC_v1,120,1,0,0,-81/94 
HLT_Mu15_eta2p1_v4,121,1,0,0,
HLT_Mu24_v15,122,1,0,0,
HLT_Mu24_eta2p1_v4,123,1,0,0,
HLT_Mu30_v15,124,1,0,0,
HLT_Mu30_eta2p1_v4,125,1,0,0,
HLT_Mu40_v13,126,1,0,0,
HLT_Mu40_eta2p1_v10,127,1,0,0,
HLT_Mu50_eta2p1_v7,128,1,0,0,
HLT_RelIso1p0Mu5_v5,129,1,0,0,
HLT_RelIso1p0Mu20_v2,130,1,0,0,
HLT_IsoMu15_eta2p1_L1ETM20_v6,131,1,0,0,
HLT_IsoMu20_eta2p1_v6,132,1,0,0,
HLT_IsoMu24_v16,133,1,0,0,
HLT_IsoMu24_eta2p1_v14,134,1,0,0,
HLT_IsoMu30_v10,135,1,0,0,
HLT_IsoMu30_eta2p1_v14,136,1,0,0,
HLT_IsoMu34_eta2p1_v12,137,1,0,0,
HLT_IsoMu40_eta2p1_v9,138,1,0,0,
HLT_Mu40_eta2p1_Track50_dEdx3p6_v4,139,1,0,0,
HLT_Mu40_eta2p1_Track60_dEdx3p7_v4,140,1,0,0,
HLT_L2DoubleMu23_NoVertex_v11,141,1,0,0,
HLT_L2DoubleMu23_NoVertex_2Cha_Angle2p5_v3,142,1,0,0,
HLT_L2DoubleMu38_NoVertex_2Cha_Angle2p5_v3,143,1,0,0,
HLT_DoubleMu11_Acoplanarity03_v4,144,1,0,0,
HLT_DoubleMu4_Jpsi_Displaced_v11,145,1,0,0,
HLT_DoubleMu4_JpsiTk_Displaced_v5,146,1,0,0,
HLT_DoubleMu3_4_Dimuon5_Bs_Central_v4,147,1,0,0,
HLT_DoubleMu3p5_4_Dimuon5_Bs_Central_v4,148,1,0,0,
HLT_DoubleMu4_Dimuon7_Bs_Forward_v4,149,1,0,0,
HLT_DoubleMu3p5_LowMass_Displaced_v5,150,1,0,0,
HLT_DoubleMu3p5_LowMassNonResonant_Displaced_v5,151,1,0,0,
HLT_Dimuon0_Jpsi_v16,152,1,0,0,
HLT_Dimuon0_Jpsi_NoVertexing_v13,153,1,0,0,
HLT_Dimuon0_Upsilon_v16,154,1,0,0,
HLT_Dimuon0_PsiPrime_v5,155,1,0,0,
HLT_Dimuon5_Upsilon_v5,156,1,0,0,
HLT_Dimuon5_PsiPrime_v5,157,1,0,0,
HLT_Dimuon7_Upsilon_v6,158,1,0,0,
HLT_Dimuon7_PsiPrime_v2,159,1,0,0,
HLT_Dimuon8_Jpsi_v6,160,1,0,0,
HLT_Dimuon8_Upsilon_v5,161,1,0,0,
HLT_Dimuon10_Jpsi_v5,162,1,0,0,
HLT_Dimuon11_Upsilon_v5,163,1,0,0,
HLT_Dimuon0_Jpsi_Muon_v17,164,1,0,0,
HLT_Dimuon0_Upsilon_Muon_v17,165,1,0,0,
HLT_Dimuon3p5_SameSign_v5,166,1,0,0,
HLT_DoubleMu4_Acoplanarity03_v4,167,1,0,0,
HLT_Tau2Mu_ItTrack_v5,168,1,0,0,
HLT_Mu13_Mu8_v19,169,1,1,0,-81/94 -81/95 83/2 83/3 83/2 83/3 83/4 83/5 83/5 
HLT_Mu17_Mu8_v19,170,1,1,0,-81/94 -81/95 83/2 83/3 83/2 83/3 83/4 83/5 83/5 
HLT_Mu17_TkMu8_v12,171,1,0,0,-81/94 -81/95 83/2 83/3 83/5 83/0 83/1 
HLT_Mu22_TkMu8_v7,172,1,0,0,
HLT_Mu22_TkMu22_v7,173,1,0,0,
HLT_TripleMu5_v18,174,1,0,0,
HLT_DoubleMu5_IsoMu5_v19,175,1,0,0,
HLT_Mu5_L2Mu3_Jpsi_v6,176,1,0,0,
HLT_Mu5_Track2_Jpsi_v20,177,1,0,0,
HLT_Mu5_Track3p5_Jpsi_v6,178,1,0,0,
HLT_Mu7_Track7_Jpsi_v19,179,1,0,0,
HLT_Photon20_CaloIdVL_v4,180,1,0,0,
HLT_Photon20_CaloIdVL_IsoL_v16,181,1,0,0,
HLT_Photon22_R9Id90_HE10_Iso40_EBOnly_v5,182,1,0,0,
HLT_Photon26_Photon18_v12,183,1,0,0,
HLT_Photon26_R9Id85_Photon18_R9Id85_Mass60_v4,184,1,0,0,
HLT_Photon26_R9Id85_Photon18_CaloId10_Iso50_Mass60_v6,185,1,0,0,
HLT_Photon26_CaloId10_Iso50_Photon18_R9Id85_Mass60_v6,186,1,0,0,
HLT_Photon26_CaloId10_Iso50_Photon18_CaloId10_Iso50_Mass60_v6,187,1,0,0,
HLT_Photon26_R9Id85_OR_CaloId10_Iso50_Photon18_R9Id85_OR_CaloId10_Iso50_Mass60_v6,188,1,0,0,
HLT_Photon26_R9Id85_OR_CaloId10_Iso50_Photon18_R9Id85_OR_CaloId10_Iso50_Mass70_v2,189,1,0,0,
HLT_Photon26_R9Id85_OR_CaloId10_Iso50_Photon18_v5,190,1,0,0,
HLT_Photon30_CaloIdVL_v14,191,1,0,0,
HLT_Photon30_CaloIdVL_IsoL_v19,192,1,0,0,
HLT_Photon36_R9Id90_HE10_Iso40_EBOnly_v5,193,1,0,0,
HLT_Photon36_Photon22_v6,194,1,0,0,
HLT_Photon36_R9Id85_Photon22_R9Id85_v4,195,1,0,0,
HLT_Photon36_R9Id85_Photon22_CaloId10_Iso50_v6,196,1,0,0,
HLT_Photon36_CaloId10_Iso50_Photon22_R9Id85_v6,197,1,0,0,
HLT_Photon36_CaloId10_Iso50_Photon22_CaloId10_Iso50_v6,198,1,0,0,
HLT_Photon36_R9Id85_OR_CaloId10_Iso50_Photon22_R9Id85_OR_CaloId10_Iso50_v6,199,1,0,0,
HLT_Photon36_R9Id85_OR_CaloId10_Iso50_Photon22_v5,200,1,0,0,
HLT_Photon50_CaloIdVL_v10,201,1,0,0,
HLT_Photon50_CaloIdVL_IsoL_v17,202,1,0,0,
HLT_Photon50_R9Id90_HE10_Iso40_EBOnly_v5,203,1,0,0,
HLT_Photon60_CaloIdL_MHT70_v9,204,1,0,0,
HLT_Photon60_CaloIdL_HT300_v2,205,1,0,0,
HLT_Photon70_CaloIdXL_PFNoPUHT400_v1,206,1,0,0,
HLT_Photon70_CaloIdXL_PFNoPUHT500_v1,207,1,0,0,
HLT_Photon70_CaloIdXL_PFMET100_v5,208,1,0,0,
HLT_Photon75_CaloIdVL_v13,209,1,0,0,
HLT_Photon75_CaloIdVL_IsoL_v18,210,1,0,0,
HLT_Photon75_R9Id90_HE10_Iso40_EBOnly_v5,211,1,0,0,
HLT_Photon90_CaloIdVL_v10,212,1,0,0,
HLT_Photon90_CaloIdVL_IsoL_v15,213,1,0,0,
HLT_Photon90_R9Id90_HE10_Iso40_EBOnly_v5,214,1,0,0,
HLT_DisplacedPhoton65_CaloIdVL_IsoL_PFMET25_v2,215,1,0,0,
HLT_DisplacedPhoton65EBOnly_CaloIdVL_IsoL_PFMET30_v2,216,1,0,0,
HLT_Photon135_v7,217,1,0,0,
HLT_Photon150_v4,218,1,0,0,
HLT_Photon160_v4,219,1,0,0,
HLT_Photon300_NoHE_v5,220,1,0,0,
HLT_DoublePhoton48_HEVT_v8,221,1,0,0,
HLT_DoublePhoton53_HEVT_v2,222,1,0,0,
HLT_DoublePhoton70_v6,223,1,0,0,
HLT_DoublePhoton80_v7,224,1,0,0,
HLT_DoublePhoton5_IsoVL_CEP_v16,225,1,0,0,
HLT_L1SingleEG5_v6,226,1,0,0,
HLT_L1SingleEG12_v6,227,1,0,0,
HLT_L1DoubleEG3_FwdVeto_v2,228,1,0,0,
HLT_L1ETM30_v2,229,1,0,0,
HLT_L1ETM40_v2,230,1,0,0,
HLT_L1ETM70_v2,231,1,0,0,
HLT_L1ETM100_v2,232,1,0,0,
HLT_Ele8_CaloIdT_TrkIdVL_v5,233,1,0,0,
HLT_Ele8_CaloIdT_TrkIdVL_EG7_v2,234,1,0,0,
HLT_Ele8_CaloIdT_TrkIdVL_Jet30_v5,235,1,0,0,
HLT_Ele8_CaloIdL_CaloIsoVL_v17,236,1,0,0,
HLT_Ele8_CaloIdT_CaloIsoVL_TrkIdVL_TrkIsoVL_v15,237,1,0,0,
HLT_Ele17_CaloIdL_CaloIsoVL_v17,238,1,0,0,
HLT_Ele17_CaloIdT_CaloIsoVL_TrkIdVL_TrkIsoVL_v6,239,1,0,0,
HLT_Ele17_CaloIdT_CaloIsoVL_TrkIdVL_TrkIsoVL_Ele8_CaloIdT_CaloIsoVL_TrkIdVL_TrkIsoVL_v18,240,1,0,0,
HLT_Ele17_CaloIdVT_CaloIsoVT_TrkIdT_TrkIsoVT_Ele8_Mass50_v6,241,1,0,0,
HLT_Ele20_CaloIdVT_CaloIsoVT_TrkIdT_TrkIsoVT_SC4_Mass50_v6,242,1,0,0,
HLT_Ele22_CaloIdL_CaloIsoVL_v6,243,1,0,0,
HLT_Ele27_CaloIdL_CaloIsoVL_TrkIdVL_TrkIsoVL_v11,244,1,0,0,
HLT_Ele27_CaloIdT_CaloIsoVL_TrkIdVL_TrkIsoVL_Ele15_CaloIdT_CaloIsoVL_trackless_v7,245,1,0,0,
HLT_Ele27_CaloIdT_CaloIsoVL_TrkIdVL_TrkIsoVL_HFT15_v7,246,1,0,0,
HLT_Ele23_CaloIdT_CaloIsoVL_TrkIdVL_TrkIsoVL_HFT30_v7,247,1,0,0,
HLT_Ele25_CaloIdVT_CaloIsoVL_TrkIdVL_TrkIsoT_TriCentralPFNoPUJet30_v2,248,1,0,0,
HLT_Ele25_CaloIdVT_CaloIsoVL_TrkIdVL_TrkIsoT_TriCentralPFNoPUJet50_40_30_v2,249,1,0,0,
HLT_Ele27_WP80_v11,250,1,0,0,
HLT_Ele27_WP80_PFMET_MT50_v5,251,1,0,0,
HLT_Ele30_CaloIdVT_TrkIdT_v6,252,1,0,0,
HLT_Ele32_CaloIdL_CaloIsoVL_TrkIdVL_TrkIsoVL_v11,253,1,0,0,
HLT_Ele32_CaloIdT_CaloIsoT_TrkIdT_TrkIsoT_SC17_Mass50_v6,254,1,0,0,
HLT_Ele80_CaloIdVT_GsfTrkIdT_v2,255,1,0,0,
HLT_Ele90_CaloIdVT_GsfTrkIdT_v2,256,1,0,0,
HLT_DoubleEle8_CaloIdT_TrkIdVL_v12,257,1,0,0,
HLT_DoubleEle33_CaloIdL_v14,258,1,0,0,
HLT_DoubleEle33_CaloIdL_GsfTrkIdVL_v7,259,1,0,0,
HLT_DoubleEle33_CaloIdT_v10,260,1,0,0,
HLT_Ele15_Ele8_Ele5_CaloIdL_TrkIdVL_v6,261,1,0,0,
HLT_LooseIsoPFTau35_Trk20_Prong1_v7,262,1,0,0,
HLT_LooseIsoPFTau35_Trk20_Prong1_MET70_v7,263,1,0,0,
HLT_LooseIsoPFTau35_Trk20_Prong1_MET75_v7,264,1,0,0,
HLT_IsoMu15_eta2p1_LooseIsoPFTau35_Trk20_Prong1_L1ETM20_v7,265,1,0,0,
HLT_DoubleMediumIsoPFTau30_Trk1_eta2p1_Jet30_v1,266,1,0,0,
HLT_DoubleMediumIsoPFTau30_Trk1_eta2p1_v1,267,1,0,0,
HLT_DoubleMediumIsoPFTau35_Trk1_eta2p1_Prong1_v1,268,1,0,0,
HLT_DoubleMediumIsoPFTau35_Trk1_eta2p1_v1,269,1,0,0,
HLT_IsoMu18_eta2p1_MediumIsoPFTau25_Trk1_eta2p1_v1,270,1,0,0,
HLT_BTagMu_DiJet20_Mu5_v4,271,1,0,0,
HLT_BTagMu_DiJet40_Mu5_v4,272,1,0,0,
HLT_BTagMu_DiJet70_Mu5_v4,273,1,0,0,
HLT_BTagMu_DiJet110_Mu5_v4,274,1,0,0,
HLT_BTagMu_Jet300_Mu5_v4,275,1,0,0,
HLT_Mu7_Ele7_CaloIdT_CaloIsoVL_v6,276,1,0,0,
HLT_Mu8_Ele17_CaloIdT_CaloIsoVL_TrkIdVL_TrkIsoVL_v8,277,1,0,0,
HLT_Mu8_DiJet30_v5,278,1,0,0,
HLT_Mu8_TriJet30_v5,279,1,0,0,
HLT_Mu8_QuadJet30_v5,280,1,0,0,
HLT_IsoMu12_DoubleCentralJet65_v2,281,1,0,0,
HLT_Mu15_eta2p1_L1ETM20_v4,282,1,0,0,
HLT_Mu24_PFJet30_PFJet25_Deta3_CentralPFJet25_v2,283,1,0,0,
HLT_Mu24_CentralPFJet30_CentralPFJet25_v2,284,1,0,0,
HLT_IsoMu24_PFJet30_PFJet25_Deta3_CentralPFJet25_v2,285,1,0,0,
HLT_IsoMu24_CentralPFJet30_CentralPFJet25_v2,286,1,0,0,
HLT_IsoMu24_CentralPFJet30_CentralPFJet25_PFMET20_v2,287,1,0,0,
HLT_Ele32_WP80_PFJet30_PFJet25_Deta3_v2,288,1,0,0,
HLT_Ele32_WP80_PFJet30_PFJet25_Deta3_CentralPFJet30_v2,289,1,0,0,
HLT_Ele32_WP80_CentralPFJet35_CentralPFJet25_v2,290,1,0,0,
HLT_Ele32_WP80_CentralPFJet35_CentralPFJet25_PFMET20_v2,291,1,0,0,
HLT_IsoMu17_eta2p1_CentralPFNoPUJet30_BTagIPIter_v2,292,1,0,0,
HLT_IsoMu17_eta2p1_CentralPFNoPUJet30_v2,293,1,0,0,
HLT_IsoMu17_eta2p1_TriCentralPFNoPUJet30_30_20_v2,294,1,0,0,
HLT_Mu17_eta2p1_CentralPFNoPUJet30_BTagIPIter_v2,295,1,0,0,
HLT_Mu17_eta2p1_TriCentralPFNoPUJet30_30_20_v2,296,1,0,0,
HLT_IsoMu20_WCandPt80_v2,297,1,0,0,
HLT_Mu17_Ele8_CaloIdT_CaloIsoVL_TrkIdVL_TrkIsoVL_v8,298,1,0,0,
HLT_Mu12_eta2p1_DiCentral_40_20_DiBTagIP3D1stTrack_v5,299,1,0,0,-81/94 -81/94 83/2 
HLT_Mu12_eta2p1_DiCentral_40_20_BTagIP3D1stTrack_v5,300,1,0,0,-81/94 
HLT_Mu12_eta2p1_DiCentral_40_20_v5,301,1,0,0,-81/94 
HLT_Mu12_eta2p1_DiCentral_20_v5,302,1,0,0,-81/94 
HLT_Mu15_eta2p1_TriCentral_40_20_20_DiBTagIP3D1stTrack_v5,303,1,0,0,-81/94 -81/94 83/2 
HLT_Mu15_eta2p1_TriCentral_40_20_20_BTagIP3D1stTrack_v5,304,1,0,0,-81/94 
HLT_Mu15_eta2p1_TriCentral_40_20_20_v5,305,1,0,0,-81/94 
HLT_Mu30_Ele30_CaloIdL_v7,306,1,0,0,
HLT_IsoMu17_eta2p1_DiCentralPFNoPUJet30_PFNoPUHT350_PFMHT40_v1,307,1,0,0,
HLT_IsoMu20_eta2p1_CentralPFJet80_v7,308,1,0,0,
HLT_DoubleRelIso1p0Mu5_Mass8_PFNoPUHT175_v1,309,1,0,0,
HLT_DoubleRelIso1p0Mu5_Mass8_PFNoPUHT225_v1,310,1,0,0,
HLT_DoubleMu8_Mass8_PFNoPUHT175_v1,311,1,0,0,
HLT_DoubleMu8_Mass8_PFNoPUHT225_v1,312,1,0,0,
HLT_RelIso1p0Mu5_Ele8_CaloIdT_TrkIdVL_Mass8_PFNoPUHT175_v1,313,1,0,0,
HLT_RelIso1p0Mu5_Ele8_CaloIdT_TrkIdVL_Mass8_PFNoPUHT225_v1,314,1,0,0,
HLT_Mu8_Ele8_CaloIdT_TrkIdVL_Mass8_PFNoPUHT175_v1,315,1,0,0,
HLT_Mu8_Ele8_CaloIdT_TrkIdVL_Mass8_PFNoPUHT225_v1,316,1,0,0,
HLT_PFNoPUHT350_Mu15_PFMET45_v1,317,1,0,0,
HLT_PFNoPUHT350_Mu15_PFMET50_v1,318,1,0,0,
HLT_PFNoPUHT400_Mu5_PFMET45_v1,319,1,0,0,
HLT_PFNoPUHT400_Mu5_PFMET50_v1,320,1,0,0,
HLT_Mu40_PFNoPUHT350_v1,321,1,0,0,
HLT_Mu60_PFNoPUHT350_v1,322,1,0,0,
HLT_Mu40_HT200_v2,323,1,0,0,
HLT_DoubleMu5_Ele8_CaloIdT_TrkIdVL_v15,324,1,0,0,
HLT_DoubleMu8_Ele8_CaloIdT_TrkIdVL_v4,325,1,0,0,
HLT_Ele8_CaloIdT_CaloIsoVL_TrkIdVL_TrkIsoVL_Jet30_v6,326,1,0,0,
HLT_Ele8_CaloIdT_TrkIdT_DiJet30_v16,327,1,0,0,
HLT_Ele8_CaloIdT_TrkIdT_TriJet30_v16,328,1,0,0,
HLT_Ele8_CaloIdT_TrkIdT_QuadJet30_v16,329,1,0,0,
HLT_Ele17_CaloIdT_CaloIsoVL_TrkIdVL_TrkIsoVL_Jet30_v6,330,1,0,0,
HLT_Ele25_CaloIdVT_TrkIdT_TriCentralPFNoPUJet30_30_20_v2,331,1,0,0,
HLT_Ele25_CaloIdVT_CaloIsoT_TrkIdT_TrkIsoT_CentralPFNoPUJet30_v6,332,1,0,0,
HLT_Ele25_CaloIdVT_CaloIsoT_TrkIdT_TrkIsoT_TriCentralPFNoPUJet30_30_20_v2,333,1,0,0,
HLT_Ele25_CaloIdVL_CaloIsoT_TrkIdVL_TrkIsoT_TriCentralPFNoPUJet30_30_20_v2,334,1,0,0,
HLT_Ele25_CaloIdVT_CaloIsoT_TrkIdT_TrkIsoT_CentralPFNoPUJet30_BTagIPIter_v7,335,1,0,0,
HLT_Ele27_WP80_CentralPFJet80_v7,336,1,0,0,
HLT_Ele27_WP80_WCandPt80_v7,337,1,0,0,
HLT_Ele30_CaloIdVT_TrkIdT_PFNoPUJet100_PFNoPUJet25_v6,338,1,0,0,
HLT_Ele30_CaloIdVT_TrkIdT_PFNoPUJet150_PFNoPUJet25_v6,339,1,0,0,
HLT_DoubleEle8_CaloIdT_TrkIdVL_Mass8_PFNoPUHT175_v1,340,1,0,0,
HLT_DoubleEle8_CaloIdT_TrkIdVL_Mass8_PFNoPUHT225_v1,341,1,0,0,
HLT_DoubleEle10_CaloIdL_TrkIdVL_Ele10_CaloIdT_TrkIdVL_v12,342,1,0,0,
HLT_TripleEle10_CaloIdL_TrkIdVL_v18,343,1,0,0,
HLT_RsqMR40_Rsq0p04_v4,344,1,0,0,
HLT_RsqMR45_Rsq0p09_v3,345,1,0,0,
HLT_RsqMR55_Rsq0p09_MR150_v4,346,1,0,0,
HLT_RsqMR60_Rsq0p09_MR150_v4,347,1,0,0,
HLT_RsqMR65_Rsq0p09_MR150_v3,348,1,0,0,
HLT_IsoMu12_RsqMR30_Rsq0p04_MR200_v2,349,1,0,0,
HLT_IsoMu12_RsqMR40_Rsq0p04_MR200_v2,350,1,0,0,
HLT_Ele12_CaloIdT_CaloIsoVL_TrkIdVL_TrkIsoVL_RsqMR30_Rsq0p04_MR200_v2,351,1,0,0,
HLT_Ele12_CaloIdT_CaloIsoVL_TrkIdVL_TrkIsoVL_RsqMR40_Rsq0p04_MR200_v2,352,1,0,0,
HLT_Ele12_CaloIdT_CaloIsoVL_TrkIdVL_TrkIsoVL_DoubleCentralJet65_v2,353,1,0,0,
HLT_Photon40_CaloIdL_RsqMR35_Rsq0p09_MR150_v4,354,1,0,0,
HLT_Photon40_CaloIdL_RsqMR40_Rsq0p09_MR150_v4,355,1,0,0,
HLT_Photon40_CaloIdL_RsqMR45_Rsq0p09_MR150_v4,356,1,0,0,
HLT_Photon40_CaloIdL_RsqMR50_Rsq0p09_MR150_v4,357,1,0,0,
HLT_DoublePhoton40_CaloIdL_Rsq0p035_v4,358,1,0,0,
HLT_DoublePhoton40_CaloIdL_Rsq0p06_v4,359,1,0,0,
HLT_Mu22_Photon22_CaloIdL_v6,360,1,0,0,
HLT_Mu8_DoubleEle8_CaloIdT_TrkIdVL_v6,361,1,0,0,
HLT_Mu8_Ele8_CaloIdT_TrkIdVL_Ele8_CaloIdL_TrkIdVL_v6,362,1,0,0,
HLT_DoubleMu14_Mass8_PFMET40_v6,363,1,0,0,-81/94 -81/95 83/2 83/3 
HLT_DoubleMu14_Mass8_PFMET50_v6,364,1,0,0,-81/94 -81/95 83/2 83/3 
HLT_DoubleEle14_CaloIdT_TrkIdVL_Mass8_PFMET40_v6,365,1,0,0,
HLT_DoubleEle14_CaloIdT_TrkIdVL_Mass8_PFMET50_v6,366,1,0,0,
HLT_Mu14_Ele14_CaloIdT_TrkIdVL_Mass8_PFMET40_v6,367,1,0,0,
HLT_Mu14_Ele14_CaloIdT_TrkIdVL_Mass8_PFMET50_v6,368,1,0,0,
HLT_PFNoPUHT350_PFMET100_v1,369,1,0,0,
HLT_PFNoPUHT400_PFMET100_v1,370,1,0,0,
HLT_CleanPFNoPUHT350_Ele5_CaloIdT_CaloIsoVL_TrkIdT_TrkIsoVL_PFMET45_v1,371,1,0,0,
HLT_CleanPFNoPUHT350_Ele5_CaloIdT_CaloIsoVL_TrkIdT_TrkIsoVL_PFMET50_v1,372,1,0,0,
HLT_CleanPFNoPUHT300_Ele15_CaloIdT_CaloIsoVL_TrkIdT_TrkIsoVL_PFMET45_v1,373,1,0,0,
HLT_CleanPFNoPUHT300_Ele15_CaloIdT_CaloIsoVL_TrkIdT_TrkIsoVL_PFMET50_v1,374,1,0,0,
HLT_CleanPFNoPUHT300_Ele40_CaloIdVT_TrkIdT_v1,375,1,0,0,
HLT_CleanPFNoPUHT300_Ele60_CaloIdVT_TrkIdT_v1,376,1,0,0,
HLT_Ele5_SC5_Jpsi_Mass2to15_v4,377,1,0,0,
HLT_DiJet35_MJJ650_AllJets_DEta3p5_VBF_v3,378,1,0,0,
HLT_DiJet35_MJJ700_AllJets_DEta3p5_VBF_v3,379,1,0,0,
HLT_DiJet35_MJJ750_AllJets_DEta3p5_VBF_v3,380,1,0,0,
HLT_Ele22_eta2p1_WP90Rho_LooseIsoPFTau20_v3,381,1,0,0,
HLT_Ele22_eta2p1_WP90NoIso_LooseIsoPFTau20_v3,382,1,0,0,
HLT_IsoMu17_eta2p1_LooseIsoPFTau20_v3,383,1,0,0,
HLT_Mu17_eta2p1_LooseIsoPFTau20_v3,384,1,0,0,
HLT_PixelTracks_Multiplicity70_v3,385,1,0,0,
HLT_PixelTracks_Multiplicity80_v12,386,1,0,0,
HLT_PixelTracks_Multiplicity90_v3,387,1,0,0,
DST_HT250_v2,388,1,0,0,
DST_L1HTT_Or_L1MultiJet_v2,389,1,0,0,
DST_Mu5_HT250_v2,390,1,0,0,
DST_Ele8_CaloIdL_CaloIsoVL_TrkIdVL_TrkIsoVL_HT250_v2,391,1,0,0,
HLT_BeamGas_HF_Beam1_v5,392,1,0,0,
HLT_BeamGas_HF_Beam2_v5,393,1,0,0,
HLT_BeamHalo_v13,394,1,0,0,
HLT_IsoTrackHE_v15,395,1,0,0,
HLT_IsoTrackHB_v14,396,1,0,0,
HLT_HcalPhiSym_v11,397,1,0,0,
HLT_HcalNZS_v10,398,1,0,0,
HLT_GlobalRunHPDNoise_v8,399,1,0,0,
HLT_L1Tech_HBHEHO_totalOR_v6,400,1,0,0,
HLT_L1Tech_HCAL_HF_single_channel_v4,401,1,0,0,
HLT_ZeroBias_v7,402,1,0,0,
HLT_ZeroBiasPart1_v7,403,1,0,0,
HLT_ZeroBiasPart2_v7,404,1,0,0,
HLT_ZeroBiasPart3_v7,405,1,0,0,
HLT_ZeroBiasPart4_v7,406,1,0,0,
HLT_ZeroBiasPixel_DoubleTrack_v2,407,1,0,0,
HLT_Physics_v5,408,1,0,0,
DST_Physics_v5,409,1,0,0,
HLT_DTCalibration_v2,410,1,0,0,
HLT_EcalCalibration_v3,411,1,0,0,
HLT_HcalCalibration_v3,412,1,0,0,
HLT_TrackerCalibration_v3,413,1,0,0,
HLT_Random_v2,414,1,0,0,
HLT_L1SingleMuOpen_AntiBPTX_v7,415,1,0,0,
HLT_L1TrackerCosmics_v7,416,1,0,0,
HLT_LogMonitor_v4,417,1,0,0,
HLT_DTErrors_v3,418,1,0,0,
HLT_L1DoubleJet36Central_v7,419,1,0,0,
AlCa_EcalPi0EBonly_v6,420,1,0,0,
AlCa_EcalPi0EEonly_v6,421,1,0,0,
AlCa_EcalEtaEBonly_v6,422,1,0,0,
AlCa_EcalEtaEEonly_v6,423,1,0,0,
AlCa_EcalPhiSym_v13,424,1,0,0,
AlCa_RPCMuonNoTriggers_v9,425,1,0,0,
AlCa_RPCMuonNoHits_v9,426,1,0,0,
AlCa_RPCMuonNormalisation_v9,427,1,0,0,
AlCa_LumiPixels_v8,428,1,0,0,
AlCa_LumiPixels_ZeroBias_v4,429,1,0,0,
AlCa_LumiPixels_Random_v1,430,1,0,0,
DQM_FEDIntegrity_v11,431,1,0,0,
HLTriggerFinalPath,432,1,1,0,
