path,slot,moduleLabel,moduleType,VID,KEY,id,pt,eta,phi,mass
HLT_DoubleDisplacedMu4_DiPFJet40Neutral_v5,7,hltL1sL1DoubleMu0erOR3erHighQ,HLTLevel1GTSeed,-81,103,0,12,1.15,-2.18166,0.105658
HLT_DoubleDisplacedMu4_DiPFJet40Neutral_v5,7,hltL1sL1DoubleMu0erOR3erHighQ,HLTLevel1GTSeed,-81,104,0,7,1.15,1.7017,0.105658
HLT_DoubleDisplacedMu4_DiPFJet40Neutral_v5,22,hltDoubleMu4L2PreFiltered,HLTMuonL2PreFilter,83,0,-13,15.9997,1.09898,-1.97264,3.37175e-07
HLT_DoubleDisplacedMu4_DiPFJet40Neutral_v5,22,hltDoubleMu4L2PreFiltered,HLTMuonL2PreFilter,83,1,13,5.47615,1.19087,1.41297,0
HLT_DoubleDisplacedMu4_DiPFJet40Neutral_v5,48,hltDoubleDisplacedMu4L3PreFiltered,HLTMuonL3PreFilter,83,5,13,12.7921,1.1189,1.54728,-2.38419e-07
HLT_Mu12_eta2p1_L1Mu10erJetC12WdEtaPhi1DiJetsC_v5,7,hltL1sL1Mu10erJetC20JetC12Corr1OrL1Mu10erJetC32OrMu10erJetC32JetC12Corr1OrMu12er,HLTLevel1GTSeed,-81,103,0,12,1.15,-2.18166,0.105658
HLT_Mu15_eta2p1_L1Mu10erJetC12WdEtaPhi1DiJetsC_v1,7,hltL1sL1Mu10erJetC20JetC12Corr1OrL1Mu10erJetC32OrMu10erJetC32JetC12Corr1OrMu12er,HLTLevel1GTSeed,-81,103,0,12,1.15,-2.18166,0.105658
HLT_L2DoubleMu23_NoVertex_v11,7,hltL1sL1DoubleMu103p5,HLTLevel1GTSeed,-81,103,0,12,1.15,-2.18166,0.105658
HLT_L2DoubleMu23_NoVertex_v11,7,hltL1sL1DoubleMu103p5,HLTLevel1GTSeed,-81,104,0,7,1.15,1.7017,0.105658
HLT_L2DoubleMu23_NoVertex_2Cha_Angle2p5_v3,7,hltL1sL1DoubleMu103p5,HLTLevel1GTSeed,-81,103,0,12,1.15,-2.18166,0.105658
HLT_L2DoubleMu23_NoVertex_2Cha_Angle2p5_v3,7,hltL1sL1DoubleMu103p5,HLTLevel1GTSeed,-81,104,0,7,1.15,1.7017,0.105658
HLT_L2DoubleMu38_NoVertex_2Cha_Angle2p5_v3,7,hltL1sL1DoubleMu103p5,HLTLevel1GTSeed,-81,103,0,12,1.15,-2.18166,0.105658
HLT_L2DoubleMu38_NoVertex_2Cha_Angle2p5_v3,7,hltL1sL1DoubleMu103p5,HLTLevel1GTSeed,-81,104,0,7,1.15,1.7017,0.105658
HLT_DoubleMu11_Acoplanarity03_v4,7,hltL1sL1DoubleMu10Mu3p5,HLTLevel1GTSeed,-81,103,0,12,1.15,-2.18166,0.105658
HLT_DoubleMu11_Acoplanarity03_v4,7,hltL1sL1DoubleMu10Mu3p5,HLTLevel1GTSeed,-81,104,0,7,1.15,1.7017,0.105658
HLT_DoubleMu4_Jpsi_Displaced_v11,7,hltL1sL1DoubleMu33HighQ,HLTLevel1GTSeed,-81,103,0,12,1.15,-2.18166,0.105658
HLT_DoubleMu4_Jpsi_Displaced_v11,7,hltL1sL1DoubleMu33HighQ,HLTLevel1GTSeed,-81,104,0,7,1.15,1.7017,0.105658
HLT_DoubleMu4_Jpsi_Displaced_v11,9,hltDimuon33L1Filtered0,HLTMuonL1Filter,-81,103,0,12,1.15,-2.18166,0.105658
HLT_DoubleMu4_Jpsi_Displaced_v11,9,hltDimuon33L1Filtered0,HLTMuonL1Filter,-81,104,0,7,1.15,1.7017,0.105658
HLT_DoubleMu4_Jpsi_Displaced_v11,22,hltDimuon33L2PreFiltered0,HLTMuonL2PreFilter,83,0,-13,15.9997,1.09898,-1.97264,3.37175e-07
HLT_DoubleMu4_Jpsi_Displaced_v11,22,hltDimuon33L2PreFiltered0,HLTMuonL2PreFilter,83,1,13,5.47615,1.19087,1.41297,0
HLT_DoubleMu4_JpsiTk_Displaced_v5,7,hltL1sL1DoubleMu33HighQ,HLTLevel1GTSeed,-81,103,0,12,1.15,-2.18166,0.105658
HLT_DoubleMu4_JpsiTk_Displaced_v5,7,hltL1sL1DoubleMu33HighQ,HLTLevel1GTSeed,-81,104,0,7,1.15,1.7017,0.105658
HLT_DoubleMu4_JpsiTk_Displaced_v5,9,hltDimuon33L1Filtered0,HLTMuonL1Filter,-81,103,0,12,1.15,-2.18166,0.105658
HLT_DoubleMu4_JpsiTk_Displaced_v5,9,hltDimuon33L1Filtered0,HLTMuonL1Filter,-81,104,0,7,1.15,1.7017,0.105658
HLT_DoubleMu4_JpsiTk_Displaced_v5,22,hltDimuon33L2PreFiltered0,HLTMuonL2PreFilter,83,0,-13,15.9997,1.09898,-1.97264,3.37175e-07
HLT_DoubleMu4_JpsiTk_Displaced_v5,22,hltDimuon33L2PreFiltered0,HLTMuonL2PreFilter,83,1,13,5.47615,1.19087,1.41297,0
HLT_DoubleMu3_4_Dimuon5_Bs_Central_v4,7,hltL1sL1DoubleMu0erHighQ,HLTLevel1GTSeed,-81,103,0,12,1.15,-2.18166,0.105658
HLT_DoubleMu3_4_Dimuon5_Bs_Central_v4,7,hltL1sL1DoubleMu0erHighQ,HLTLevel1GTSeed,-81,104,0,7,1.15,1.7017,0.105658
HLT_DoubleMu3_4_Dimuon5_Bs_Central_v4,9,hltDimuonL1Filtered0,HLTMuonL1Filter,-81,103,0,12,1.15,-2.18166,0.105658
HLT_DoubleMu3_4_Dimuon5_Bs_Central_v4,9,hltDimuonL1Filtered0,HLTMuonL1Filter,-81,104,0,7,1.15,1.7017,0.105658
HLT_DoubleMu3_4_Dimuon5_Bs_Central_v4,22,hltDimuonL2PreFiltered0,HLTMuonL2PreFilter,83,0,-13,15.9997,1.09898,-1.97264,3.37175e-07
HLT_DoubleMu3_4_Dimuon5_Bs_Central_v4,22,hltDimuonL2PreFiltered0,HLTMuonL2PreFilter,83,1,13,5.47615,1.19087,1.41297,0
HLT_DoubleMu3p5_4_Dimuon5_Bs_Central_v4,7,hltL1sL1DoubleMu33HighQ,HLTLevel1GTSeed,-81,103,0,12,1.15,-2.18166,0.105658
HLT_DoubleMu3p5_4_Dimuon5_Bs_Central_v4,7,hltL1sL1DoubleMu33HighQ,HLTLevel1GTSeed,-81,104,0,7,1.15,1.7017,0.105658
HLT_DoubleMu3p5_4_Dimuon5_Bs_Central_v4,9,hltDimuon33L1Filtered0,HLTMuonL1Filter,-81,103,0,12,1.15,-2.18166,0.105658
HLT_DoubleMu3p5_4_Dimuon5_Bs_Central_v4,9,hltDimuon33L1Filtered0,HLTMuonL1Filter,-81,104,0,7,1.15,1.7017,0.105658
HLT_DoubleMu3p5_4_Dimuon5_Bs_Central_v4,22,hltDimuon33L2PreFiltered0,HLTMuonL2PreFilter,83,0,-13,15.9997,1.09898,-1.97264,3.37175e-07
HLT_DoubleMu3p5_4_Dimuon5_Bs_Central_v4,22,hltDimuon33L2PreFiltered0,HLTMuonL2PreFilter,83,1,13,5.47615,1.19087,1.41297,0
HLT_DoubleMu4_Dimuon7_Bs_Forward_v4,7,hltL1sL1DoubleMu33HighQ,HLTLevel1GTSeed,-81,103,0,12,1.15,-2.18166,0.105658
HLT_DoubleMu4_Dimuon7_Bs_Forward_v4,7,hltL1sL1DoubleMu33HighQ,HLTLevel1GTSeed,-81,104,0,7,1.15,1.7017,0.105658
HLT_DoubleMu4_Dimuon7_Bs_Forward_v4,9,hltDimuon33L1Filtered0,HLTMuonL1Filter,-81,103,0,12,1.15,-2.18166,0.105658
HLT_DoubleMu4_Dimuon7_Bs_Forward_v4,9,hltDimuon33L1Filtered0,HLTMuonL1Filter,-81,104,0,7,1.15,1.7017,0.105658
HLT_DoubleMu4_Dimuon7_Bs_Forward_v4,22,hltDimuon33L2PreFiltered0,HLTMuonL2PreFilter,83,0,-13,15.9997,1.09898,-1.97264,3.37175e-07
HLT_DoubleMu4_Dimuon7_Bs_Forward_v4,22,hltDimuon33L2PreFiltered0,HLTMuonL2PreFilter,83,1,13,5.47615,1.19087,1.41297,0
HLT_DoubleMu3p5_LowMass_Displaced_v5,7,hltL1sL1DoubleMu33HighQ,HLTLevel1GTSeed,-81,103,0,12,1.15,-2.18166,0.105658
HLT_DoubleMu3p5_LowMass_Displaced_v5,7,hltL1sL1DoubleMu33HighQ,HLTLevel1GTSeed,-81,104,0,7,1.15,1.7017,0.105658
HLT_DoubleMu3p5_LowMass_Displaced_v5,9,hltDimuon33L1Filtered0,HLTMuonL1Filter,-81,103,0,12,1.15,-2.18166,0.105658
HLT_DoubleMu3p5_LowMass_Displaced_v5,9,hltDimuon33L1Filtered0,HLTMuonL1Filter,-81,104,0,7,1.15,1.7017,0.105658
HLT_DoubleMu3p5_LowMass_Displaced_v5,22,hltDimuon33L2PreFiltered0,HLTMuonL2PreFilter,83,0,-13,15.9997,1.09898,-1.97264,3.37175e-07
HLT_DoubleMu3p5_LowMass_Displaced_v5,22,hltDimuon33L2PreFiltered0,HLTMuonL2PreFilter,83,1,13,5.47615,1.19087,1.41297,0
HLT_DoubleMu3p5_LowMassNonResonant_Displaced_v5,7,hltL1sL1DoubleMu33HighQ,HLTLevel1GTSeed,-81,103,0,12,1.15,-2.18166,0.105658
HLT_DoubleMu3p5_LowMassNonResonant_Displaced_v5,7,hltL1sL1DoubleMu33HighQ,HLTLevel1GTSeed,-81,104,0,7,1.15,1.7017,0.105658
HLT_DoubleMu3p5_LowMassNonResonant_Displaced_v5,9,hltDimuon33L1Filtered0,HLTMuonL1Filter,-81,103,0,12,1.15,-2.18166,0.105658
HLT_DoubleMu3p5_LowMassNonResonant_Displaced_v5,9,hltDimuon33L1Filtered0,HLTMuonL1Filter,-81,104,0,7,1.15,1.7017,0.105658
HLT_DoubleMu3p5_LowMassNonResonant_Displaced_v5,22,hltDimuon33L2PreFiltered0,HLTMuonL2PreFilter,83,0,-13,15.9997,1.09898,-1.97264,3.37175e-07
HLT_DoubleMu3p5_LowMassNonResonant_Displaced_v5,22,hltDimuon33L2PreFiltered0,HLTMuonL2PreFilter,83,1,13,5.47615,1.19087,1.41297,0
HLT_Dimuon0_Jpsi_v16,7,hltL1sL1DoubleMu0erHighQ,HLTLevel1GTSeed,-81,103,0,12,1.15,-2.18166,0.105658
HLT_Dimuon0_Jpsi_v16,7,hltL1sL1DoubleMu0erHighQ,HLTLevel1GTSeed,-81,104,0,7,1.15,1.7017,0.105658
HLT_Dimuon0_Jpsi_NoVertexing_v13,7,hltL1sL1DoubleMu0erHighQ,HLTLevel1GTSeed,-81,103,0,12,1.15,-2.18166,0.105658
HLT_Dimuon0_Jpsi_NoVertexing_v13,7,hltL1sL1DoubleMu0erHighQ,HLTLevel1GTSeed,-81,104,0,7,1.15,1.7017,0.105658
HLT_Dimuon0_Upsilon_v16,7,hltL1sL1DoubleMu0erHighQ,HLTLevel1GTSeed,-81,103,0,12,1.15,-2.18166,0.105658
HLT_Dimuon0_Upsilon_v16,7,hltL1sL1DoubleMu0erHighQ,HLTLevel1GTSeed,-81,104,0,7,1.15,1.7017,0.105658
HLT_Dimuon0_PsiPrime_v5,7,hltL1sL1DoubleMu0erHighQ,HLTLevel1GTSeed,-81,103,0,12,1.15,-2.18166,0.105658
HLT_Dimuon0_PsiPrime_v5,7,hltL1sL1DoubleMu0erHighQ,HLTLevel1GTSeed,-81,104,0,7,1.15,1.7017,0.105658
HLT_Dimuon5_Upsilon_v5,7,hltL1sL1DoubleMu0erHighQ,HLTLevel1GTSeed,-81,103,0,12,1.15,-2.18166,0.105658
HLT_Dimuon5_Upsilon_v5,7,hltL1sL1DoubleMu0erHighQ,HLTLevel1GTSeed,-81,104,0,7,1.15,1.7017,0.105658
HLT_Dimuon5_Upsilon_v5,9,hltDimuonL1Filtered0,HLTMuonL1Filter,-81,103,0,12,1.15,-2.18166,0.105658
HLT_Dimuon5_Upsilon_v5,9,hltDimuonL1Filtered0,HLTMuonL1Filter,-81,104,0,7,1.15,1.7017,0.105658
HLT_Dimuon5_Upsilon_v5,22,hltDimuonL2PreFiltered0,HLTMuonL2PreFilter,83,0,-13,15.9997,1.09898,-1.97264,3.37175e-07
HLT_Dimuon5_Upsilon_v5,22,hltDimuonL2PreFiltered0,HLTMuonL2PreFilter,83,1,13,5.47615,1.19087,1.41297,0
HLT_Dimuon5_PsiPrime_v5,7,hltL1sL1DoubleMu0erHighQ,HLTLevel1GTSeed,-81,103,0,12,1.15,-2.18166,0.105658
HLT_Dimuon5_PsiPrime_v5,7,hltL1sL1DoubleMu0erHighQ,HLTLevel1GTSeed,-81,104,0,7,1.15,1.7017,0.105658
HLT_Dimuon5_PsiPrime_v5,9,hltDimuonL1Filtered0,HLTMuonL1Filter,-81,103,0,12,1.15,-2.18166,0.105658
HLT_Dimuon5_PsiPrime_v5,9,hltDimuonL1Filtered0,HLTMuonL1Filter,-81,104,0,7,1.15,1.7017,0.105658
HLT_Dimuon5_PsiPrime_v5,22,hltDimuonL2PreFiltered0,HLTMuonL2PreFilter,83,0,-13,15.9997,1.09898,-1.97264,3.37175e-07
HLT_Dimuon5_PsiPrime_v5,22,hltDimuonL2PreFiltered0,HLTMuonL2PreFilter,83,1,13,5.47615,1.19087,1.41297,0
HLT_Dimuon7_Upsilon_v6,7,hltL1sL1DoubleMu0erHighQ,HLTLevel1GTSeed,-81,103,0,12,1.15,-2.18166,0.105658
HLT_Dimuon7_Upsilon_v6,7,hltL1sL1DoubleMu0erHighQ,HLTLevel1GTSeed,-81,104,0,7,1.15,1.7017,0.105658
HLT_Dimuon7_Upsilon_v6,9,hltDimuonL1Filtered0,HLTMuonL1Filter,-81,103,0,12,1.15,-2.18166,0.105658
HLT_Dimuon7_Upsilon_v6,9,hltDimuonL1Filtered0,HLTMuonL1Filter,-81,104,0,7,1.15,1.7017,0.105658
HLT_Dimuon7_Upsilon_v6,22,hltDimuonL2PreFiltered0,HLTMuonL2PreFilter,83,0,-13,15.9997,1.09898,-1.97264,3.37175e-07
HLT_Dimuon7_Upsilon_v6,22,hltDimuonL2PreFiltered0,HLTMuonL2PreFilter,83,1,13,5.47615,1.19087,1.41297,0
HLT_Dimuon7_PsiPrime_v2,7,hltL1sL1DoubleMu30HighQ,HLTLevel1GTSeed,-81,103,0,12,1.15,-2.18166,0.105658
HLT_Dimuon7_PsiPrime_v2,7,hltL1sL1DoubleMu30HighQ,HLTLevel1GTSeed,-81,104,0,7,1.15,1.7017,0.105658
HLT_Dimuon7_PsiPrime_v2,9,hltDimuon30L1Filtered0,HLTMuonL1Filter,-81,103,0,12,1.15,-2.18166,0.105658
HLT_Dimuon7_PsiPrime_v2,9,hltDimuon30L1Filtered0,HLTMuonL1Filter,-81,104,0,7,1.15,1.7017,0.105658
HLT_Dimuon7_PsiPrime_v2,22,hltDimuon30L2PreFiltered0,HLTMuonL2PreFilter,83,0,-13,15.9997,1.09898,-1.97264,3.37175e-07
HLT_Dimuon7_PsiPrime_v2,22,hltDimuon30L2PreFiltered0,HLTMuonL2PreFilter,83,1,13,5.47615,1.19087,1.41297,0
HLT_Dimuon8_Jpsi_v6,7,hltL1sL1DoubleMu0erHighQ,HLTLevel1GTSeed,-81,103,0,12,1.15,-2.18166,0.105658
HLT_Dimuon8_Jpsi_v6,7,hltL1sL1DoubleMu0erHighQ,HLTLevel1GTSeed,-81,104,0,7,1.15,1.7017,0.105658
HLT_Dimuon8_Jpsi_v6,9,hltDimuonL1Filtered0,HLTMuonL1Filter,-81,103,0,12,1.15,-2.18166,0.105658
HLT_Dimuon8_Jpsi_v6,9,hltDimuonL1Filtered0,HLTMuonL1Filter,-81,104,0,7,1.15,1.7017,0.105658
HLT_Dimuon8_Jpsi_v6,22,hltDimuonL2PreFiltered0,HLTMuonL2PreFilter,83,0,-13,15.9997,1.09898,-1.97264,3.37175e-07
HLT_Dimuon8_Jpsi_v6,22,hltDimuonL2PreFiltered0,HLTMuonL2PreFilter,83,1,13,5.47615,1.19087,1.41297,0
HLT_Dimuon8_Upsilon_v5,7,hltL1sL1DoubleMu30HighQ,HLTLevel1GTSeed,-81,103,0,12,1.15,-2.18166,0.105658
HLT_Dimuon8_Upsilon_v5,7,hltL1sL1DoubleMu30HighQ,HLTLevel1GTSeed,-81,104,0,7,1.15,1.7017,0.105658
HLT_Dimuon8_Upsilon_v5,9,hltDimuon30L1Filtered0,HLTMuonL1Filter,-81,103,0,12,1.15,-2.18166,0.105658
HLT_Dimuon8_Upsilon_v5,9,hltDimuon30L1Filtered0,HLTMuonL1Filter,-81,104,0,7,1.15,1.7017,0.105658
HLT_Dimuon8_Upsilon_v5,22,hltDimuon30L2PreFiltered0,HLTMuonL2PreFilter,83,0,-13,15.9997,1.09898,-1.97264,3.37175e-07
HLT_Dimuon8_Upsilon_v5,22,hltDimuon30L2PreFiltered0,HLTMuonL2PreFilter,83,1,13,5.47615,1.19087,1.41297,0
HLT_Dimuon10_Jpsi_v5,7,hltL1sL1DoubleMu30HighQ,HLTLevel1GTSeed,-81,103,0,12,1.15,-2.18166,0.105658
HLT_Dimuon10_Jpsi_v5,7,hltL1sL1DoubleMu30HighQ,HLTLevel1GTSeed,-81,104,0,7,1.15,1.7017,0.105658
HLT_Dimuon10_Jpsi_v5,9,hltDimuon30L1Filtered0,HLTMuonL1Filter,-81,103,0,12,1.15,-2.18166,0.105658
HLT_Dimuon10_Jpsi_v5,9,hltDimuon30L1Filtered0,HLTMuonL1Filter,-81,104,0,7,1.15,1.7017,0.105658
HLT_Dimuon10_Jpsi_v5,22,hltDimuon30L2PreFiltered0,HLTMuonL2PreFilter,83,0,-13,15.9997,1.09898,-1.97264,3.37175e-07
HLT_Dimuon10_Jpsi_v5,22,hltDimuon30L2PreFiltered0,HLTMuonL2PreFilter,83,1,13,5.47615,1.19087,1.41297,0
HLT_Dimuon11_Upsilon_v5,7,hltL1sL1DoubleMu30HighQ,HLTLevel1GTSeed,-81,103,0,12,1.15,-2.18166,0.105658
HLT_Dimuon11_Upsilon_v5,7,hltL1sL1DoubleMu30HighQ,HLTLevel1GTSeed,-81,104,0,7,1.15,1.7017,0.105658
HLT_Dimuon11_Upsilon_v5,9,hltDimuon30L1Filtered0,HLTMuonL1Filter,-81,103,0,12,1.15,-2.18166,0.105658
HLT_Dimuon11_Upsilon_v5,9,hltDimuon30L1Filtered0,HLTMuonL1Filter,-81,104,0,7,1.15,1.7017,0.105658
HLT_Dimuon11_Upsilon_v5,22,hltDimuon30L2PreFiltered0,HLTMuonL2PreFilter,83,0,-13,15.9997,1.09898,-1.97264,3.37175e-07
HLT_Dimuon11_Upsilon_v5,22,hltDimuon30L2PreFiltered0,HLTMuonL2PreFilter,83,1,13,5.47615,1.19087,1.41297,0
HLT_Dimuon3p5_SameSign_v5,7,hltL1sL1DoubleMu0erHighQ,HLTLevel1GTSeed,-81,103,0,12,1.15,-2.18166,0.105658
HLT_Dimuon3p5_SameSign_v5,7,hltL1sL1DoubleMu0erHighQ,HLTLevel1GTSeed,-81,104,0,7,1.15,1.7017,0.105658
HLT_Tau2Mu_ItTrack_v5,7,hltL1sL1DoubleMu0or33HighQ,HLTLevel1GTSeed,-81,103,0,12,1.15,-2.18166,0.105658
HLT_Tau2Mu_ItTrack_v5,7,hltL1sL1DoubleMu0or33HighQ,HLTLevel1GTSeed,-81,104,0,7,1.15,1.7017,0.105658
HLT_Tau2Mu_ItTrack_v5,9,hltDimuon0or33L1Filtered0,HLTMuonL1Filter,-81,103,0,12,1.15,-2.18166,0.105658
HLT_Tau2Mu_ItTrack_v5,9,hltDimuon0or33L1Filtered0,HLTMuonL1Filter,-81,104,0,7,1.15,1.7017,0.105658
HLT_Tau2Mu_ItTrack_v5,22,hltDimuon0or33L2PreFiltered0,HLTMuonL2PreFilter,83,0,-13,15.9997,1.09898,-1.97264,3.37175e-07
HLT_Tau2Mu_ItTrack_v5,22,hltDimuon0or33L2PreFiltered0,HLTMuonL2PreFilter,83,1,13,5.47615,1.19087,1.41297,0
HLT_Mu13_Mu8_v19,7,hltL1sL1DoubleMu10MuOpenORDoubleMu103p5,HLTLevel1GTSeed,-81,103,0,12,1.15,-2.18166,0.105658
HLT_Mu13_Mu8_v19,7,hltL1sL1DoubleMu10MuOpenORDoubleMu103p5,HLTLevel1GTSeed,-81,104,0,7,1.15,1.7017,0.105658
HLT_Mu13_Mu8_v19,22,hltL2pfL1DoubleMu10MuOpenOR3p5L1f0L2PreFiltered0,HLTMuonL2PreFilter,83,0,-13,15.9997,1.09898,-1.97264,3.37175e-07
HLT_Mu13_Mu8_v19,22,hltL2pfL1DoubleMu10MuOpenOR3p5L1f0L2PreFiltered0,HLTMuonL2PreFilter,83,1,13,5.47615,1.19087,1.41297,0
HLT_Mu13_Mu8_v19,23,hltL2fL1DoubleMu10MuOpenOR3p5L1f0L2Filtered10,HLTMuonL2PreFilter,83,0,-13,15.9997,1.09898,-1.97264,3.37175e-07
HLT_Mu13_Mu8_v19,49,hltL3pfL1DoubleMu10MuOpenOR3p5L1f0L2pf0L3PreFiltered8,HLTMuonL3PreFilter,83,4,-13,13.109,1.09028,-1.94498,-2.38419e-07
HLT_Mu13_Mu8_v19,49,hltL3pfL1DoubleMu10MuOpenOR3p5L1f0L2pf0L3PreFiltered8,HLTMuonL3PreFilter,83,5,13,12.7921,1.1189,1.54728,-2.38419e-07
HLT_Mu13_Mu8_v19,50,hltL3fL1DoubleMu10MuOpenOR3p5L1f0L2f10L3Filtered13,HLTMuonL3PreFilter,83,4,-13,13.109,1.09028,-1.94498,-2.38419e-07
HLT_Mu17_Mu8_v19,7,hltL1sL1DoubleMu10MuOpenORDoubleMu103p5,HLTLevel1GTSeed,-81,103,0,12,1.15,-2.18166,0.105658
HLT_Mu17_Mu8_v19,7,hltL1sL1DoubleMu10MuOpenORDoubleMu103p5,HLTLevel1GTSeed,-81,104,0,7,1.15,1.7017,0.105658
HLT_Mu17_Mu8_v19,22,hltL2pfL1DoubleMu10MuOpenOR3p5L1f0L2PreFiltered0,HLTMuonL2PreFilter,83,0,-13,15.9997,1.09898,-1.97264,3.37175e-07
HLT_Mu17_Mu8_v19,22,hltL2pfL1DoubleMu10MuOpenOR3p5L1f0L2PreFiltered0,HLTMuonL2PreFilter,83,1,13,5.47615,1.19087,1.41297,0
HLT_Mu17_Mu8_v19,23,hltL2fL1DoubleMu10MuOpenOR3p5L1f0L2Filtered10,HLTMuonL2PreFilter,83,0,-13,15.9997,1.09898,-1.97264,3.37175e-07
HLT_Mu17_Mu8_v19,49,hltL3pfL1DoubleMu10MuOpenOR3p5L1f0L2pf0L3PreFiltered8,HLTMuonL3PreFilter,83,4,-13,13.109,1.09028,-1.94498,-2.38419e-07
HLT_Mu17_Mu8_v19,49,hltL3pfL1DoubleMu10MuOpenOR3p5L1f0L2pf0L3PreFiltered8,HLTMuonL3PreFilter,83,5,13,12.7921,1.1189,1.54728,-2.38419e-07
HLT_Mu17_TkMu8_v12,7,hltL1sL1DoubleMu10MuOpenORDoubleMu103p5,HLTLevel1GTSeed,-81,103,0,12,1.15,-2.18166,0.105658
HLT_Mu17_TkMu8_v12,7,hltL1sL1DoubleMu10MuOpenORDoubleMu103p5,HLTLevel1GTSeed,-81,104,0,7,1.15,1.7017,0.105658
HLT_Mu17_TkMu8_v12,22,hltL2fL1sDoubleMu10MuOpenOR3p5L1f0L2Filtered10,HLTMuonL2PreFilter,83,0,-13,15.9997,1.09898,-1.97264,3.37175e-07
HLT_Mu5_L2Mu3_Jpsi_v6,7,hltL1sL1DoubleMu0erHighQ,HLTLevel1GTSeed,-81,103,0,12,1.15,-2.18166,0.105658
HLT_Mu5_L2Mu3_Jpsi_v6,7,hltL1sL1DoubleMu0erHighQ,HLTLevel1GTSeed,-81,104,0,7,1.15,1.7017,0.105658
HLT_Mu12_eta2p1_DiCentral_40_20_DiBTagIP3D1stTrack_v5,7,hltL1sL1Mu10erJetC20JetC12Corr1OrL1Mu10erJetC32OrMu10erJetC32JetC12Corr1OrMu12er,HLTLevel1GTSeed,-81,103,0,12,1.15,-2.18166,0.105658
HLT_Mu12_eta2p1_DiCentral_40_20_DiBTagIP3D1stTrack_v5,9,hltL1Mu10erJetC20JetC12Corr1OrL1Mu10erJetC32OrMu10erJetC32JetC12Corr1OrMu12erL1MuFiltered0Eta2p1,HLTMuonL1Filter,-81,103,0,12,1.15,-2.18166,0.105658
HLT_Mu12_eta2p1_DiCentral_40_20_DiBTagIP3D1stTrack_v5,22,hltL2L1Mu10erJetC20JetC12Corr1OrL1Mu10erJetC32OrMu10erJetC32JetC12Corr1OrMu12erL2MuFiltered10Eta2p1,HLTMuonL2PreFilter,83,0,-13,15.9997,1.09898,-1.97264,3.37175e-07
HLT_Mu12_eta2p1_DiCentral_40_20_DiBTagIP3D1stTrack_v5,35,hltDiBJet20CentralL1FastJet,HLT1CaloJet,86,6,0,23.6387,1.62984,-2.56716,5.53899
HLT_Mu12_eta2p1_DiCentral_40_20_DiBTagIP3D1stTrack_v5,35,hltDiBJet20CentralL1FastJet,HLT1CaloJet,86,7,0,23.0762,1.05975,-2.03385,5.4623
HLT_Mu12_eta2p1_DiCentral_40_20_DiBTagIP3D1stTrack_v5,35,hltDiBJet20CentralL1FastJet,HLT1CaloJet,86,8,0,22.7387,1.20196,1.3272,6.1886
HLT_Mu12_eta2p1_DiCentral_40_20_BTagIP3D1stTrack_v5,7,hltL1sL1Mu10erJetC20JetC12Corr1OrL1Mu10erJetC32OrMu10erJetC32JetC12Corr1OrMu12er,HLTLevel1GTSeed,-81,103,0,12,1.15,-2.18166,0.105658
HLT_Mu12_eta2p1_DiCentral_40_20_v5,7,hltL1sL1Mu10erJetC20JetC12Corr1OrL1Mu10erJetC32OrMu10erJetC32JetC12Corr1OrMu12er,HLTLevel1GTSeed,-81,103,0,12,1.15,-2.18166,0.105658
HLT_Mu12_eta2p1_DiCentral_20_v5,7,hltL1sL1Mu10erJetC20JetC12Corr1OrL1Mu10erJetC32OrMu10erJetC32JetC12Corr1OrMu12er,HLTLevel1GTSeed,-81,103,0,12,1.15,-2.18166,0.105658
HLT_Mu15_eta2p1_TriCentral_40_20_20_DiBTagIP3D1stTrack_v5,7,hltL1sL1Mu10erJetC20JetC12Corr1OrL1Mu10erJetC32OrMu10erJetC32JetC12Corr1OrMu12er,HLTLevel1GTSeed,-81,103,0,12,1.15,-2.18166,0.105658
HLT_Mu15_eta2p1_TriCentral_40_20_20_DiBTagIP3D1stTrack_v5,9,hltL1Mu10erJetC20JetC12Corr1OrL1Mu10erJetC32OrMu10erJetC32JetC12Corr1OrMu12erL1MuFiltered0Eta2p1,HLTMuonL1Filter,-81,103,0,12,1.15,-2.18166,0.105658
HLT_Mu15_eta2p1_TriCentral_40_20_20_DiBTagIP3D1stTrack_v5,22,hltL2L1Mu10erJetC20JetC12Corr1OrL1Mu10erJetC32OrMu10erJetC32JetC12Corr1OrMu12erL2MuFiltered10Eta2p1,HLTMuonL2PreFilter,83,0,-13,15.9997,1.09898,-1.97264,3.37175e-07
HLT_Mu15_eta2p1_TriCentral_40_20_20_DiBTagIP3D1stTrack_v5,35,hltTriBJet20CentralL1FastJet,HLT1CaloJet,86,6,0,23.6387,1.62984,-2.56716,5.53899
HLT_Mu15_eta2p1_TriCentral_40_20_20_DiBTagIP3D1stTrack_v5,35,hltTriBJet20CentralL1FastJet,HLT1CaloJet,86,7,0,23.0762,1.05975,-2.03385,5.4623
HLT_Mu15_eta2p1_TriCentral_40_20_20_DiBTagIP3D1stTrack_v5,35,hltTriBJet20CentralL1FastJet,HLT1CaloJet,86,8,0,22.7387,1.20196,1.3272,6.1886
HLT_Mu15_eta2p1_TriCentral_40_20_20_BTagIP3D1stTrack_v5,7,hltL1sL1Mu10erJetC20JetC12Corr1OrL1Mu10erJetC32OrMu10erJetC32JetC12Corr1OrMu12er,HLTLevel1GTSeed,-81,103,0,12,1.15,-2.18166,0.105658
HLT_Mu15_eta2p1_TriCentral_40_20_20_v5,7,hltL1sL1Mu10erJetC20JetC12Corr1OrL1Mu10erJetC32OrMu10erJetC32JetC12Corr1OrMu12er,HLTLevel1GTSeed,-81,103,0,12,1.15,-2.18166,0.105658
HLT_DoubleMu14_Mass8_PFMET40_v6,7,hltL1sL1DoubleMu10MuOpenORDoubleMu103p5,HLTLevel1GTSeed,-81,103,0,12,1.15,-2.18166,0.105658
HLT_DoubleMu14_Mass8_PFMET40_v6,7,hltL1sL1DoubleMu10MuOpenORDoubleMu103p5,HLTLevel1GTSeed,-81,104,0,7,1.15,1.7017,0.105658
HLT_DoubleMu14_Mass8_PFMET40_v6,22,hltL1DoubleMu10MuOpenORDoubleMu103p5L2DiMuFiltered0,HLTMuonL2PreFilter,83,0,-13,15.9997,1.09898,-1.97264,3.37175e-07
HLT_DoubleMu14_Mass8_PFMET40_v6,22,hltL1DoubleMu10MuOpenORDoubleMu103p5L2DiMuFiltered0,HLTMuonL2PreFilter,83,1,13,5.47615,1.19087,1.41297,0
HLT_DoubleMu14_Mass8_PFMET50_v6,7,hltL1sL1DoubleMu10MuOpenORDoubleMu103p5,HLTLevel1GTSeed,-81,103,0,12,1.15,-2.18166,0.105658
HLT_DoubleMu14_Mass8_PFMET50_v6,7,hltL1sL1DoubleMu10MuOpenORDoubleMu103p5,HLTLevel1GTSeed,-81,104,0,7,1.15,1.7017,0.105658
HLT_DoubleMu14_Mass8_PFMET50_v6,22,hltL1DoubleMu10MuOpenORDoubleMu103p5L2DiMuFiltered0,HLTMuonL2PreFilter,83,0,-13,15.9997,1.09898,-1.97264,3.37175e-07
HLT_DoubleMu14_Mass8_PFMET50_v6,22,hltL1DoubleMu10MuOpenORDoubleMu103p5L2DiMuFiltered0,HLTMuonL2PreFilter,83,1,13,5.47615,1.19087,1.41297,0
