detid,fraction,front_1_x,front_1_y,front_1_z,front_2_x,front_2_y,front_2_z,front_3_x,front_3_y,front_3_z,front_4_x,front_4_y,front_4_z,back_1_x,back_1_y,back_1_z,back_2_x,back_2_y,back_2_z,back_3_x,back_3_y,back_3_z,back_4_x,back_4_y,back_4_z
838874811,1,-1.28993,0.0673996,-0.646196,-1.29854,0.0682992,-0.62537,-1.29627,0.0901237,-0.62537,-1.28767,0.0890597,-0.646196,-1.49976,0.0893025,-0.737862,-1.50975,0.0903452,-0.713722,-1.5071,0.115782,-0.713722,-1.49713,0.114549,-0.737862
838874299,1,-1.28993,0.0673996,-0.621348,-1.29822,0.0682654,-0.60039,-1.29594,0.0900899,-0.60039,-1.28767,0.0890597,-0.621349,-1.50115,0.089448,-0.709719,-1.51077,0.0904516,-0.685425,-1.50811,0.115889,-0.685425,-1.49852,0.114695,-0.709719
838875323,1,-1.28993,0.0673996,-0.671209,-1.29887,0.0683327,-0.65052,-1.29659,0.0901573,-0.65052,-1.28767,0.0890597,-0.671209,-1.49832,0.0891517,-0.766148,-1.50868,0.0902333,-0.742167,-1.50602,0.11567,-0.742167,-1.49568,0.114398,-0.766148
838875835,1,-1.28993,0.0673996,-0.696394,-1.29918,0.068366,-0.675848,-1.29691,0.0901905,-0.675848,-1.28767,0.0890597,-0.696394,-1.49682,0.0889956,-0.794583,-1.50755,0.0901158,-0.770768,-1.5049,0.115553,-0.770768,-1.49419,0.114242,-0.794583
838873787,1,-1.28993,0.0673987,-0.589926,-1.29788,0.0682292,-0.56883,-1.29561,0.0900255,-0.56883,-1.28767,0.0890588,-0.589926,-1.5025,0.0895875,-0.67498,-1.51178,0.0905558,-0.650384,-1.50911,0.116087,-0.650384,-1.49985,0.11496,-0.67498
838874812,1,-1.29223,0.0453178,-0.646197,-1.30087,0.0460529,-0.62537,-1.29859,0.0678775,-0.62537,-1.28997,0.0669779,-0.646196,-1.50244,0.0636343,-0.737862,-1.51245,0.0644864,-0.713722,-1.50979,0.0899235,-0.713722,-1.4998,0.0888808,-0.737862
838874300,1,-1.29223,0.0453178,-0.621349,-1.30054,0.0460192,-0.60039,-1.29826,0.0678437,-0.60039,-1.28997,0.0669779,-0.621349,-1.50383,0.0637797,-0.709718,-1.51347,0.0645928,-0.685425,-1.51081,0.0900299,-0.685425,-1.5012,0.0890263,-0.709718
838875324,1,-1.29223,0.0453178,-0.671209,-1.30119,0.0460865,-0.65052,-1.29891,0.067911,-0.65052,-1.28997,0.0669779,-0.671209,-1.501,0.0634834,-0.766148,-1.51138,0.0643745,-0.742167,-1.50872,0.0898116,-0.742167,-1.49836,0.08873,-0.766148
838875836,1,-1.29223,0.0453178,-0.696394,-1.30151,0.0461198,-0.675848,-1.29923,0.0679443,-0.675848,-1.28997,0.0669779,-0.696394,-1.4995,0.0633274,-0.794583,-1.51025,0.064257,-0.770768,-1.5076,0.0896941,-0.770768,-1.49686,0.0885739,-0.794583
838873788,1,-1.29223,0.0453186,-0.589926,-1.3002,0.046013,-0.568831,-1.29793,0.0678093,-0.56883,-1.28997,0.0669788,-0.589926,-1.50519,0.0637949,-0.67498,-1.51449,0.0646044,-0.650384,-1.51182,0.0901359,-0.650384,-1.50254,0.0891676,-0.67498
838874813,1,-1.2915,0.0228511,-0.646197,-1.30015,0.0234491,-0.62537,-1.29863,0.0453399,-0.62537,-1.29,0.044577,-0.646196,-1.50197,0.037412,-0.737862,-1.51199,0.0381052,-0.713722,-1.51023,0.0636195,-0.713722,-1.50022,0.0627352,-0.737862
838874301,1,-1.2915,0.0228511,-0.621349,-1.29982,0.0234267,-0.60039,-1.29831,0.0453174,-0.60039,-1.29,0.044577,-0.621348,-1.50337,0.0375088,-0.709718,-1.51302,0.0381759,-0.685425,-1.51125,0.0636902,-0.685425,-1.50162,0.0628319,-0.709718
838875325,1,-1.2915,0.0228511,-0.671209,-1.30047,0.0234714,-0.65052,-1.29895,0.0453622,-0.65052,-1.29,0.044577,-0.671209,-1.50052,0.0373118,-0.766148,-1.51092,0.0380308,-0.742167,-1.50915,0.0635451,-0.742167,-1.49877,0.0626349,-0.766148
838875837,1,-1.2915,0.0228511,-0.696394,-1.30079,0.0234936,-0.675848,-1.29927,0.0453843,-0.675848,-1.29,0.044577,-0.696394,-1.49903,0.037208,-0.794583,-1.50979,0.0379527,-0.770768,-1.50802,0.063467,-0.770768,-1.49727,0.0625312,-0.794583
838873789,1,-1.2915,0.0228502,-0.589926,-1.29948,0.0234023,-0.568831,-1.29797,0.0452648,-0.56883,-1.29,0.0445761,-0.589926,-1.50472,0.0376012,-0.67498,-1.51403,0.0382449,-0.650384,-1.51225,0.0638538,-0.650384,-1.50296,0.0630509,-0.67498
838874814,1,-1.29303,0.000702249,-0.646196,-1.30169,0.00113537,-0.62537,-1.30018,0.0230261,-0.62537,-1.29153,0.0224281,-0.646196,-1.50376,0.0116659,-0.737862,-1.51379,0.0121679,-0.713722,-1.51202,0.0376822,-0.713722,-1.502,0.036989,-0.737862
838874302,1,-1.29303,0.000702248,-0.621349,-1.30137,0.00111292,-0.60039,-1.29985,0.0230037,-0.60039,-1.29153,0.0224281,-0.621349,-1.50515,0.0117626,-0.709718,-1.51481,0.0122386,-0.685425,-1.51305,0.0377529,-0.685425,-1.5034,0.0370858,-0.709718
838875326,1,-1.29303,0.000702239,-0.671209,-1.30201,0.00115768,-0.65052,-1.3005,0.0230485,-0.65052,-1.29153,0.0224281,-0.671209,-1.50231,0.0115656,-0.766148,-1.51271,0.0120935,-0.742167,-1.51095,0.0376078,-0.742167,-1.50055,0.0368888,-0.766148
838875838,1,-1.29303,0.00070224,-0.696394,-1.30233,0.00117984,-0.675848,-1.30082,0.0230706,-0.675848,-1.29153,0.0224281,-0.696394,-1.50081,0.0114619,-0.794583,-1.51158,0.0120154,-0.770768,-1.50982,0.0375298,-0.770768,-1.49905,0.036785,-0.794583
838873790,1,-1.29303,0.000703119,-0.589926,-1.30102,0.00111865,-0.568831,-1.29951,0.0229811,-0.56883,-1.29153,0.022429,-0.589926,-1.50651,0.0117303,-0.67498,-1.51583,0.0122148,-0.650384,-1.51406,0.0378237,-0.650384,-1.50475,0.03718,-0.67498
838874815,1,-1.29152,-0.0217253,-0.646196,-1.30018,-0.0214295,-0.62537,-1.29943,0.00050079,-0.62537,-1.29078,3.98253e-05,-0.646196,-1.50237,-0.0145241,-0.737862,-1.51241,-0.0141813,-0.713722,-1.51154,0.0113791,-0.713722,-1.50151,0.0108448,-0.737862
838874303,1,-1.29152,-0.0217253,-0.621349,-1.29986,-0.0214406,-0.60039,-1.29911,0.000489686,-0.60039,-1.29078,3.98288e-05,-0.621349,-1.50377,-0.0144763,-0.709718,-1.51344,-0.0141463,-0.685425,-1.51256,0.0114141,-0.685425,-1.50291,0.0108926,-0.709718
838875327,1,-1.29152,-0.0217253,-0.671209,-1.3005,-0.0214185,-0.65052,-1.29976,0.000511831,-0.65052,-1.29078,3.98133e-05,-0.671209,-1.50092,-0.0145737,-0.766148,-1.51133,-0.0142181,-0.742167,-1.51046,0.0113423,-0.742167,-1.50006,0.0107952,-0.766148
838875839,1,-1.29152,-0.0217253,-0.696394,-1.30083,-0.0214075,-0.675848,-1.30008,0.000522764,-0.675848,-1.29078,3.9839e-05,-0.696394,-1.49942,-0.014625,-0.794583,-1.5102,-0.0142567,-0.770768,-1.50933,0.0113037,-0.770768,-1.49855,0.0107439,-0.794583
838873791,1,-1.29152,-0.0217261,-0.589926,-1.29952,-0.0214531,-0.56883,-1.29877,0.000448833,-0.56883,-1.29078,3.8966e-05,-0.589926,-1.50513,-0.014431,-0.67498,-1.51445,-0.0141126,-0.650384,-1.51357,0.0115425,-0.650384,-1.50426,0.0110647,-0.67498
838874807,1,-1.28211,0.156196,-0.646196,-1.29065,0.157695,-0.62537,-1.28685,0.179307,-0.62537,-1.27834,0.177645,-0.646196,-1.48991,0.192693,-0.737862,-1.4998,0.194431,-0.713722,-1.49537,0.219621,-0.713722,-1.48551,0.217694,-0.737862
838874295,1,-1.28211,0.156196,-0.621349,-1.29033,0.157638,-0.60039,-1.28653,0.179251,-0.60039,-1.27834,0.177645,-0.621349,-1.49129,0.192936,-0.709719,-1.50081,0.194608,-0.685425,-1.49638,0.219798,-0.685425,-1.48689,0.217937,-0.709719
838875319,1,-1.28211,0.156196,-0.671209,-1.29096,0.157751,-0.65052,-1.28717,0.179363,-0.65052,-1.27834,0.177645,-0.671209,-1.48848,0.192442,-0.766148,-1.49874,0.194244,-0.742167,-1.49431,0.219434,-0.742167,-1.48408,0.217443,-0.766148
838875831,1,-1.28211,0.156196,-0.696394,-1.29128,0.157806,-0.675848,-1.28748,0.179418,-0.675848,-1.27834,0.177645,-0.696394,-1.48699,0.192182,-0.794583,-1.49762,0.194049,-0.770768,-1.4932,0.219238,-0.770768,-1.4826,0.217183,-0.794583
838873783,1,-1.28211,0.156195,-0.589926,-1.28999,0.157579,-0.568831,-1.2862,0.179163,-0.56883,-1.27834,0.177644,-0.589926,-1.49262,0.193169,-0.67498,-1.5018,0.194782,-0.650384,-1.49736,0.220065,-0.650384,-1.4882,0.218295,-0.67498
838874808,1,-1.28595,0.134329,-0.646197,-1.29452,0.135665,-0.62537,-1.29072,0.157277,-0.62537,-1.28219,0.155778,-0.646196,-1.49437,0.167275,-0.737862,-1.5043,0.168824,-0.713722,-1.49987,0.194013,-0.713722,-1.48998,0.192276,-0.737862
838874296,1,-1.28595,0.134329,-0.621349,-1.2942,0.135608,-0.60039,-1.2904,0.157221,-0.60039,-1.28219,0.155778,-0.621349,-1.49575,0.167517,-0.709718,-1.5053,0.169001,-0.685425,-1.50088,0.19419,-0.685425,-1.49136,0.192518,-0.709718
838875320,1,-1.28595,0.134329,-0.671209,-1.29483,0.135721,-0.65052,-1.29104,0.157333,-0.65052,-1.28219,0.155778,-0.671209,-1.49294,0.167023,-0.766148,-1.50323,0.168637,-0.742167,-1.49881,0.193827,-0.742167,-1.48855,0.192024,-0.766148
838875832,1,-1.28595,0.134329,-0.696394,-1.29515,0.135776,-0.675848,-1.29135,0.157388,-0.675848,-1.28219,0.155778,-0.696394,-1.49146,0.166763,-0.794583,-1.50212,0.168441,-0.770768,-1.4977,0.193631,-0.770768,-1.48707,0.191764,-0.794583
838873784,1,-1.28595,0.134329,-0.589926,-1.29386,0.135579,-0.568831,-1.29006,0.157163,-0.56883,-1.28219,0.155779,-0.589926,-1.4971,0.167627,-0.67498,-1.50632,0.169083,-0.650384,-1.50188,0.194367,-0.650384,-1.49269,0.192753,-0.67498
838874809,1,-1.28679,0.111866,-0.646197,-1.29538,0.113066,-0.62537,-1.29234,0.134797,-0.62537,-1.28378,0.133434,-0.646196,-1.49574,0.141084,-0.737862,-1.50568,0.142475,-0.713722,-1.50214,0.167804,-0.713722,-1.49222,0.166223,-0.737862
838874297,1,-1.28679,0.111866,-0.621349,-1.29505,0.113021,-0.60039,-1.29202,0.134752,-0.60039,-1.28378,0.133434,-0.621349,-1.49712,0.141278,-0.709718,-1.5067,0.142617,-0.685425,-1.50316,0.167946,-0.685425,-1.49361,0.166417,-0.709718
838875321,1,-1.28679,0.111866,-0.671209,-1.2957,0.113111,-0.65052,-1.29266,0.134842,-0.65052,-1.28378,0.133434,-0.671209,-1.4943,0.140883,-0.766148,-1.50462,0.142326,-0.742167,-1.50107,0.167655,-0.742167,-1.49078,0.166022,-0.766148
838875833,1,-1.28679,0.111866,-0.696394,-1.29601,0.113155,-0.675848,-1.29298,0.134887,-0.675848,-1.28378,0.133434,-0.696394,-1.49281,0.140675,-0.794583,-1.5035,0.142169,-0.770768,-1.49995,0.167498,-0.770768,-1.48929,0.165814,-0.794583
838873785,1,-1.28679,0.111865,-0.589926,-1.29472,0.112973,-0.568831,-1.29168,0.134676,-0.56883,-1.28378,0.133433,-0.589926,-1.49846,0.141465,-0.67498,-1.5077,0.142756,-0.650384,-1.50415,0.168179,-0.650384,-1.49493,0.166729,-0.67498
838874810,1,-1.28987,0.089878,-0.646197,-1.29847,0.0909143,-0.62537,-1.29543,0.112646,-0.62537,-1.28685,0.111446,-0.646196,-1.49931,0.115525,-0.737862,-1.50928,0.116726,-0.713722,-1.50574,0.142055,-0.713722,-1.49579,0.140664,-0.737862
838874298,1,-1.28987,0.089878,-0.621349,-1.29815,0.0908693,-0.60039,-1.29511,0.112601,-0.60039,-1.28685,0.111446,-0.621349,-1.5007,0.115719,-0.709718,-1.5103,0.116868,-0.685425,-1.50676,0.142197,-0.685425,-1.49718,0.140858,-0.709718
838875322,1,-1.28987,0.089878,-0.671209,-1.29879,0.0909591,-0.65052,-1.29575,0.112691,-0.65052,-1.28685,0.111446,-0.671209,-1.49787,0.115324,-0.766148,-1.50822,0.116577,-0.742167,-1.50467,0.141906,-0.742167,-1.49436,0.140463,-0.766148
838875834,1,-1.28987,0.089878,-0.696394,-1.29911,0.0910035,-0.675848,-1.29607,0.112735,-0.675848,-1.28685,0.111446,-0.696394,-1.49638,0.115116,-0.794583,-1.5071,0.11642,-0.770768,-1.50355,0.141749,-0.770768,-1.49287,0.140255,-0.794583
838873786,1,-1.28987,0.0898789,-0.589926,-1.29781,0.0908512,-0.568831,-1.29478,0.112555,-0.56883,-1.28685,0.111447,-0.589926,-1.50205,0.115782,-0.67498,-1.51131,0.116915,-0.650384,-1.50776,0.142338,-0.650384,-1.49852,0.141046,-0.67498
838874818,1,-1.28997,-0.0884769,-0.646196,-1.29863,-0.0886491,-0.62537,-1.29865,-0.066706,-0.62537,-1.28998,-0.0666991,-0.646196,-1.50094,-0.0922502,-0.737862,-1.51098,-0.0924498,-0.713722,-1.511,-0.0668745,-0.713722,-1.50096,-0.0668665,-0.737862
838874306,1,-1.28997,-0.0884769,-0.621349,-1.29831,-0.0886488,-0.60039,-1.29832,-0.0667057,-0.60039,-1.28998,-0.0666991,-0.621349,-1.50234,-0.0922513,-0.709718,-1.51201,-0.0924505,-0.685425,-1.51203,-0.0668752,-0.685425,-1.50236,-0.0668676,-0.709718
838875330,1,-1.28997,-0.0884769,-0.671209,-1.29896,-0.0886494,-0.65052,-1.29897,-0.0667063,-0.65052,-1.28998,-0.0666991,-0.671209,-1.49949,-0.092249,-0.766148,-1.5099,-0.0924489,-0.742167,-1.50992,-0.0668736,-0.742167,-1.49951,-0.0668653,-0.766148
838875842,1,-1.28997,-0.0884769,-0.696394,-1.29928,-0.0886496,-0.675848,-1.29929,-0.0667065,-0.675848,-1.28998,-0.0666991,-0.696394,-1.49798,-0.0922478,-0.794583,-1.50877,-0.092448,-0.770768,-1.50879,-0.0668727,-0.770768,-1.498,-0.0668641,-0.794583
838873794,1,-1.28997,-0.088476,-0.589926,-1.29797,-0.0886193,-0.568831,-1.29798,-0.0667046,-0.56883,-1.28998,-0.0666983,-0.589926,-1.50369,-0.0923783,-0.67498,-1.51302,-0.0925453,-0.650384,-1.51304,-0.0668752,-0.650384,-1.50371,-0.0668678,-0.67498
838874819,1,-1.28689,-0.110744,-0.646196,-1.29555,-0.111054,-0.62537,-1.29634,-0.0891245,-0.62537,-1.28767,-0.0889803,-0.646197,-1.49773,-0.11828,-0.737862,-1.50777,-0.118639,-0.713722,-1.50868,-0.0930796,-0.713722,-1.49864,-0.0929123,-0.737862
838874307,1,-1.28689,-0.110744,-0.621348,-1.29523,-0.111042,-0.60039,-1.29601,-0.0891129,-0.60039,-1.28767,-0.0889803,-0.621349,-1.49913,-0.11833,-0.709718,-1.50879,-0.118675,-0.685425,-1.50971,-0.0931161,-0.685425,-1.50004,-0.0929624,-0.709719
838875331,1,-1.28689,-0.110744,-0.671209,-1.29587,-0.111065,-0.65052,-1.29666,-0.0891361,-0.65052,-1.28767,-0.0889803,-0.671209,-1.49628,-0.118228,-0.766148,-1.50669,-0.1186,-0.742167,-1.50761,-0.093041,-0.742167,-1.49719,-0.0928605,-0.766148
838875843,1,-1.28689,-0.110744,-0.696394,-1.2962,-0.111077,-0.675848,-1.29698,-0.0891475,-0.675848,-1.28767,-0.0889802,-0.696394,-1.49478,-0.118174,-0.794583,-1.50556,-0.11856,-0.770768,-1.50648,-0.0930007,-0.770768,-1.49569,-0.0928067,-0.794583
838873795,1,-1.28689,-0.110745,-0.589926,-1.29489,-0.111031,-0.568831,-1.29567,-0.0891301,-0.56883,-1.28767,-0.0889811,-0.589926,-1.50048,-0.118379,-0.67498,-1.50981,-0.118712,-0.650384,-1.51072,-0.0930585,-0.650384,-1.5014,-0.0928848,-0.67498
838874820,1,-1.2861,-0.132932,-0.646196,-1.29475,-0.133406,-0.62537,-1.29554,-0.111477,-0.62537,-1.28688,-0.111168,-0.646196,-1.49681,-0.144071,-0.737862,-1.50684,-0.144621,-0.713722,-1.50775,-0.119062,-0.713722,-1.49772,-0.118704,-0.737862
838874308,1,-1.2861,-0.132932,-0.621348,-1.29443,-0.133395,-0.60039,-1.29521,-0.111466,-0.60039,-1.28688,-0.111168,-0.621349,-1.49821,-0.144121,-0.709718,-1.50787,-0.144658,-0.685425,-1.50878,-0.119099,-0.685425,-1.49912,-0.118754,-0.709719
838875332,1,-1.2861,-0.132932,-0.671209,-1.29508,-0.133418,-0.65052,-1.29586,-0.111489,-0.65052,-1.28688,-0.111168,-0.671209,-1.49536,-0.144019,-0.766148,-1.50576,-0.144583,-0.742167,-1.50668,-0.119024,-0.742167,-1.49627,-0.118652,-0.766148
838875844,1,-1.2861,-0.132932,-0.696394,-1.2954,-0.133429,-0.675848,-1.29618,-0.1115,-0.675848,-1.28688,-0.111168,-0.696394,-1.49386,-0.143965,-0.794583,-1.50463,-0.144542,-0.770768,-1.50555,-0.118983,-0.770768,-1.49476,-0.118598,-0.794583
838873796,1,-1.2861,-0.132931,-0.589926,-1.29409,-0.133353,-0.568831,-1.29487,-0.111453,-0.56883,-1.28688,-0.111167,-0.589926,-1.49956,-0.144295,-0.67498,-1.50887,-0.144788,-0.650384,-1.50979,-0.119134,-0.650384,-1.50047,-0.118801,-0.67498
838874821,1,-1.28225,-0.155078,-0.646196,-1.29089,-0.15569,-0.62537,-1.29244,-0.133801,-0.62537,-1.28379,-0.133355,-0.646196,-1.4927,-0.169973,-0.737862,-1.50272,-0.170682,-0.713722,-1.50452,-0.14517,-0.713722,-1.49449,-0.144652,-0.737862
838874309,1,-1.28225,-0.155078,-0.621348,-1.29057,-0.155667,-0.60039,-1.29212,-0.133778,-0.60039,-1.28379,-0.133355,-0.621349,-1.4941,-0.170072,-0.709718,-1.50374,-0.170754,-0.685425,-1.50554,-0.145243,-0.685425,-1.49589,-0.144751,-0.709718
838875333,1,-1.28225,-0.155078,-0.671209,-1.29121,-0.155713,-0.65052,-1.29276,-0.133824,-0.65052,-1.28379,-0.133355,-0.671209,-1.49125,-0.16987,-0.766148,-1.50164,-0.170606,-0.742167,-1.50345,-0.145094,-0.742167,-1.49304,-0.14455,-0.766148
838875845,1,-1.28225,-0.155078,-0.696394,-1.29154,-0.155735,-0.675848,-1.29308,-0.133847,-0.675848,-1.28379,-0.133355,-0.696394,-1.48975,-0.169764,-0.794583,-1.50051,-0.170526,-0.770768,-1.50232,-0.145014,-0.770768,-1.49154,-0.144444,-0.794583
838873797,1,-1.28225,-0.155079,-0.589926,-1.29023,-0.155644,-0.568831,-1.29178,-0.133784,-0.56883,-1.28379,-0.133355,-0.589926,-1.49544,-0.170168,-0.67498,-1.50475,-0.170827,-0.650384,-1.50656,-0.145221,-0.650384,-1.49725,-0.144721,-0.67498
838874822,1,-1.28068,-0.177224,-0.646196,-1.28931,-0.178001,-0.62537,-1.29086,-0.156113,-0.62537,-1.28222,-0.155501,-0.646197,-1.49088,-0.195716,-0.737862,-1.50088,-0.196616,-0.713722,-1.50269,-0.171105,-0.713722,-1.49267,-0.170396,-0.737862
838874310,1,-1.28068,-0.177224,-0.621349,-1.28899,-0.177978,-0.60039,-1.29054,-0.15609,-0.60039,-1.28222,-0.155501,-0.621349,-1.49227,-0.195815,-0.709718,-1.5019,-0.196689,-0.685425,-1.50371,-0.171177,-0.685425,-1.49407,-0.170495,-0.709718
838875334,1,-1.28068,-0.177224,-0.671209,-1.28964,-0.178024,-0.65052,-1.29118,-0.156135,-0.65052,-1.28222,-0.155501,-0.671209,-1.48943,-0.195614,-0.766148,-1.49981,-0.19654,-0.742167,-1.50161,-0.171029,-0.742167,-1.49122,-0.170293,-0.766148
838875846,1,-1.28068,-0.177224,-0.696394,-1.28996,-0.178046,-0.675848,-1.2915,-0.156158,-0.675848,-1.28222,-0.155501,-0.696394,-1.48793,-0.195507,-0.794583,-1.49868,-0.19646,-0.770768,-1.50048,-0.170949,-0.770768,-1.48972,-0.170187,-0.794583
838873798,1,-1.28068,-0.177224,-0.589926,-1.28865,-0.177925,-0.56883,-1.2902,-0.156065,-0.56883,-1.28222,-0.1555,-0.589926,-1.49361,-0.196036,-0.67498,-1.50291,-0.196854,-0.650384,-1.50472,-0.171248,-0.650384,-1.49541,-0.170589,-0.67498
838874823,1,-1.27606,-0.199223,-0.646196,-1.28468,-0.200136,-0.62537,-1.28699,-0.178315,-0.62537,-1.27836,-0.177566,-0.646196,-1.48586,-0.221458,-0.737862,-1.49585,-0.222517,-0.713722,-1.49854,-0.197084,-0.713722,-1.48854,-0.196216,-0.737862
838874311,1,-1.27606,-0.199223,-0.621348,-1.28435,-0.200102,-0.60039,-1.28667,-0.178281,-0.60039,-1.27836,-0.177566,-0.621349,-1.48725,-0.221606,-0.709718,-1.49687,-0.222625,-0.685425,-1.49956,-0.197192,-0.685425,-1.48993,-0.196364,-0.709718
838875335,1,-1.27606,-0.199223,-0.671209,-1.285,-0.20017,-0.65052,-1.28731,-0.178349,-0.65052,-1.27836,-0.177566,-0.671209,-1.48442,-0.221305,-0.766148,-1.49478,-0.222403,-0.742167,-1.49747,-0.19697,-0.742167,-1.48709,-0.196063,-0.766148
838875847,1,-1.27606,-0.199223,-0.696394,-1.28532,-0.200204,-0.675848,-1.28763,-0.178383,-0.675848,-1.27836,-0.177566,-0.696394,-1.48292,-0.221147,-0.794583,-1.49365,-0.222284,-0.770768,-1.49635,-0.196851,-0.770768,-1.4856,-0.195905,-0.794583
838873799,1,-1.27606,-0.199223,-0.589926,-1.28402,-0.200067,-0.56883,-1.28632,-0.178274,-0.56883,-1.27836,-0.177567,-0.589926,-1.4886,-0.22175,-0.67498,-1.49787,-0.222733,-0.650384,-1.50058,-0.197205,-0.650384,-1.49129,-0.196381,-0.67498
838874824,1,-1.27372,-0.221301,-0.646196,-1.28232,-0.222378,-0.62537,-1.28463,-0.200558,-0.62537,-1.27602,-0.199644,-0.646196,-1.48314,-0.247122,-0.737862,-1.49311,-0.248371,-0.713722,-1.4958,-0.222939,-0.713722,-1.48581,-0.22188,-0.737862
838874312,1,-1.27372,-0.221301,-0.621348,-1.282,-0.222344,-0.60039,-1.28431,-0.200523,-0.60039,-1.27602,-0.199644,-0.621349,-1.48453,-0.24727,-0.709718,-1.49413,-0.248479,-0.685425,-1.49682,-0.223047,-0.685425,-1.48721,-0.222028,-0.709719
838875336,1,-1.27372,-0.221301,-0.671209,-1.28264,-0.222412,-0.65052,-1.28495,-0.200592,-0.65052,-1.27602,-0.199644,-0.671209,-1.4817,-0.246969,-0.766148,-1.49204,-0.248258,-0.742167,-1.49473,-0.222825,-0.742167,-1.48437,-0.221727,-0.766148
838875848,1,-1.27372,-0.221301,-0.696394,-1.28296,-0.222446,-0.675848,-1.28527,-0.200625,-0.675848,-1.27602,-0.199644,-0.696394,-1.4802,-0.246811,-0.794583,-1.49091,-0.248139,-0.770768,-1.49361,-0.222706,-0.770768,-1.48288,-0.221568,-0.794583
838873800,1,-1.27372,-0.2213,-0.589926,-1.28166,-0.222279,-0.568831,-1.28397,-0.200487,-0.56883,-1.27602,-0.199643,-0.589926,-1.48586,-0.247538,-0.67498,-1.49512,-0.24868,-0.650384,-1.49783,-0.223153,-0.650384,-1.48855,-0.222169,-0.67498
838930434,1,1.27602,-0.199506,0.190634,1.27769,-0.199684,0.168522,1.27999,-0.177988,0.168522,1.27832,-0.17785,0.190634,1.50377,-0.223695,0.212083,1.50574,-0.223905,0.185971,1.50847,-0.19824,0.185971,1.50649,-0.198077,0.212083
838930946,1,1.27602,-0.199506,0.213293,1.27807,-0.199724,0.191213,1.28038,-0.178029,0.191213,1.27832,-0.17785,0.213293,1.50336,-0.223652,0.238724,1.50579,-0.22391,0.212651,1.50852,-0.198245,0.212651,1.50608,-0.198034,0.238724
838929922,1,1.27602,-0.199506,0.168009,1.27731,-0.199643,0.145871,1.27961,-0.177947,0.145871,1.27832,-0.17785,0.168009,1.5041,-0.223731,0.185468,1.50563,-0.223893,0.159326,1.50835,-0.198228,0.159326,1.50683,-0.198113,0.185468
838929410,1,1.27602,-0.199506,0.14541,1.27692,-0.199602,0.123253,1.27923,-0.177907,0.123253,1.27832,-0.17785,0.14541,1.50437,-0.223759,0.158875,1.50544,-0.223873,0.132711,1.50817,-0.198208,0.132711,1.50709,-0.198141,0.158875
838931458,1,1.27602,-0.199506,0.235992,1.27845,-0.199765,0.213952,1.28076,-0.178069,0.213952,1.27832,-0.17785,0.235992,1.50289,-0.223602,0.265397,1.50577,-0.223907,0.239371,1.50849,-0.198242,0.239371,1.50561,-0.197984,0.265397
838930435,1,1.28064,-0.177504,0.190634,1.28232,-0.177662,0.168522,1.28386,-0.1559,0.168522,1.28218,-0.15578,0.190634,1.50882,-0.197698,0.212083,1.5108,-0.197885,0.185971,1.51262,-0.172141,0.185971,1.51064,-0.172,0.212083
838930947,1,1.28064,-0.177504,0.213293,1.2827,-0.17769,0.191213,1.28425,-0.155927,0.191213,1.28219,-0.15578,0.213293,1.50841,-0.197669,0.238724,1.51084,-0.197889,0.212651,1.51267,-0.172144,0.212651,1.51024,-0.171972,0.238724
838929923,1,1.28064,-0.177504,0.168009,1.28193,-0.177635,0.145871,1.28348,-0.155872,0.145871,1.28219,-0.15578,0.168009,1.50916,-0.197722,0.185468,1.51068,-0.197877,0.159326,1.51251,-0.172133,0.159326,1.51098,-0.172024,0.185468
838929411,1,1.28064,-0.177504,0.14541,1.28155,-0.177608,0.123253,1.28309,-0.155845,0.123253,1.28219,-0.15578,0.14541,1.50942,-0.197741,0.158875,1.5105,-0.197864,0.132711,1.51232,-0.17212,0.132711,1.51125,-0.172043,0.158875
838931459,1,1.28064,-0.177504,0.235992,1.28308,-0.177717,0.213952,1.28463,-0.155954,0.213952,1.28219,-0.15578,0.235992,1.50794,-0.197635,0.265397,1.51082,-0.197887,0.239371,1.51265,-0.172143,0.239371,1.50976,-0.171938,0.265397
838930436,1,1.28221,-0.155363,0.190634,1.28389,-0.155482,0.168522,1.28544,-0.133719,0.168522,1.28376,-0.13364,0.190634,1.51067,-0.171583,0.212083,1.51265,-0.171723,0.185971,1.51448,-0.145979,0.185971,1.5125,-0.145885,0.212083
838930948,1,1.28221,-0.155363,0.213293,1.28428,-0.155509,0.191214,1.28582,-0.133746,0.191213,1.28376,-0.13364,0.213293,1.51027,-0.171554,0.238724,1.5127,-0.171727,0.212651,1.51453,-0.145982,0.212651,1.51209,-0.145856,0.238724
838929924,1,1.28221,-0.155363,0.168009,1.28351,-0.155455,0.145871,1.28505,-0.133692,0.145871,1.28376,-0.13364,0.168009,1.51101,-0.171607,0.185468,1.51254,-0.171715,0.159326,1.51437,-0.145971,0.159326,1.51283,-0.145909,0.185468
838929412,1,1.28221,-0.155363,0.14541,1.28312,-0.155427,0.123253,1.28467,-0.133664,0.123253,1.28376,-0.13364,0.14541,1.51128,-0.171626,0.158875,1.51235,-0.171702,0.132711,1.51418,-0.145958,0.132711,1.5131,-0.145928,0.158875
838931460,1,1.28221,-0.155363,0.235992,1.28466,-0.155536,0.213952,1.2862,-0.133773,0.213952,1.28376,-0.13364,0.235992,1.50979,-0.17152,0.265397,1.51268,-0.171725,0.239371,1.5145,-0.145981,0.239371,1.51161,-0.145823,0.265397
838930437,1,1.28607,-0.133212,0.190634,1.28775,-0.133312,0.168522,1.28853,-0.111509,0.168522,1.28685,-0.111448,0.190634,1.51481,-0.145425,0.212083,1.5168,-0.145543,0.185971,1.51772,-0.119751,0.185971,1.51574,-0.119679,0.212083
838930949,1,1.28607,-0.133212,0.213293,1.28813,-0.133326,0.191214,1.28892,-0.111523,0.191213,1.28685,-0.111448,0.213293,1.5144,-0.14541,0.238724,1.51684,-0.145545,0.212651,1.51777,-0.119752,0.212651,1.51533,-0.119665,0.238724
838929925,1,1.28607,-0.133212,0.168009,1.28737,-0.133299,0.145871,1.28815,-0.111495,0.145871,1.28685,-0.111448,0.168009,1.51515,-0.145437,0.185468,1.51668,-0.145539,0.159326,1.51761,-0.119747,0.159326,1.51608,-0.119692,0.185468
838929413,1,1.28607,-0.133212,0.14541,1.28698,-0.133285,0.123253,1.28776,-0.111481,0.123253,1.28685,-0.111448,0.14541,1.51542,-0.145447,0.158875,1.51649,-0.145532,0.132711,1.51742,-0.11974,0.132711,1.51635,-0.119701,0.158875
838931461,1,1.28607,-0.133212,0.235992,1.28852,-0.13334,0.213952,1.2893,-0.111536,0.213952,1.28685,-0.111448,0.235992,1.51393,-0.145393,0.265397,1.51682,-0.145544,0.239371,1.51775,-0.119752,0.239371,1.51485,-0.119648,0.265397
838930438,1,1.28687,-0.11103,0.190634,1.28855,-0.11109,0.168522,1.28933,-0.0892868,0.168522,1.28765,-0.0892661,0.190634,1.51575,-0.119261,0.212083,1.51774,-0.119332,0.185971,1.51867,-0.0935398,0.185971,1.51668,-0.0935154,0.212083
838930950,1,1.28687,-0.11103,0.213293,1.28893,-0.111104,0.191213,1.28972,-0.0893006,0.191214,1.28765,-0.0892661,0.213293,1.51535,-0.119246,0.238724,1.51778,-0.119334,0.212651,1.51871,-0.0935415,0.212651,1.51627,-0.0935008,0.238724
838929926,1,1.28687,-0.11103,0.168009,1.28816,-0.111076,0.145871,1.28895,-0.0892729,0.145871,1.28765,-0.0892661,0.168009,1.51609,-0.119273,0.185468,1.51762,-0.119328,0.159326,1.51855,-0.0935357,0.159326,1.51702,-0.0935276,0.185468
838929414,1,1.28687,-0.11103,0.14541,1.28778,-0.111063,0.123253,1.28856,-0.0892591,0.123253,1.28765,-0.0892661,0.14541,1.51636,-0.119283,0.158875,1.51744,-0.119321,0.132711,1.51836,-0.093529,0.132711,1.51729,-0.0935372,0.158875
838931462,1,1.28687,-0.11103,0.235992,1.28932,-0.111118,0.213952,1.2901,-0.0893144,0.213952,1.28765,-0.0892661,0.235992,1.51487,-0.119229,0.265397,1.51776,-0.119333,0.239371,1.51869,-0.0935406,0.239371,1.51579,-0.0934836,0.265397
838930439,1,1.28995,-0.0887581,0.190634,1.29163,-0.0887996,0.168522,1.29165,-0.0669821,0.168522,1.28997,-0.0669804,0.190634,1.51898,-0.0929745,0.212083,1.52096,-0.0930235,0.185971,1.52099,-0.0672144,0.185971,1.519,-0.0672124,0.212083
838930951,1,1.28995,-0.0887581,0.213293,1.29201,-0.0888,0.191213,1.29204,-0.0669824,0.191213,1.28997,-0.0669804,0.213293,1.51857,-0.0929741,0.238724,1.52101,-0.0930236,0.212651,1.52104,-0.0672145,0.212651,1.51859,-0.067212,0.238724
838929927,1,1.28995,-0.0887581,0.168009,1.29124,-0.0887993,0.145871,1.29127,-0.0669817,0.145871,1.28997,-0.0669804,0.168009,1.51931,-0.0929748,0.185468,1.52085,-0.0930234,0.159326,1.52087,-0.0672143,0.159326,1.51934,-0.0672128,0.185468
838929415,1,1.28995,-0.0887581,0.14541,1.29086,-0.0887989,0.123253,1.29088,-0.0669813,0.123253,1.28997,-0.0669804,0.14541,1.51958,-0.0929751,0.158875,1.52066,-0.0930232,0.132711,1.52069,-0.0672141,0.132711,1.51961,-0.067213,0.158875
838931463,1,1.28995,-0.0887581,0.235992,1.2924,-0.0888004,0.213952,1.29242,-0.0669829,0.213952,1.28997,-0.0669804,0.235992,1.51809,-0.0929736,0.265397,1.52099,-0.0930235,0.239371,1.52101,-0.0672145,0.239371,1.51812,-0.0672115,0.265397
838930445,1,1.29224,0.045036,0.190634,1.29392,0.0451707,0.168522,1.29166,0.0668709,0.168522,1.28998,0.0666966,0.190634,1.52045,0.0648007,0.212083,1.52243,0.0649598,0.185971,1.51976,0.09063,0.185971,1.51778,0.0904242,0.212083
838930957,1,1.29224,0.045036,0.213293,1.2943,0.0452106,0.191213,1.29204,0.0669108,0.191213,1.28998,0.0666966,0.213293,1.52005,0.0647584,0.238724,1.52248,0.0649646,0.212651,1.51981,0.0906348,0.212651,1.51738,0.0903819,0.238724
838929933,1,1.29224,0.045036,0.168009,1.29354,0.0451308,0.145871,1.29127,0.066831,0.145871,1.28998,0.0666966,0.168009,1.52079,0.0648358,0.185468,1.52232,0.0649478,0.159326,1.51965,0.090618,0.159326,1.51812,0.0904593,0.185468
838929421,1,1.29224,0.045036,0.14541,1.29315,0.0450909,0.123253,1.29089,0.0667911,0.123253,1.28998,0.0666966,0.14541,1.52106,0.0648637,0.158875,1.52213,0.0649285,0.132711,1.51946,0.0905987,0.132711,1.51839,0.0904871,0.158875
838931469,1,1.29224,0.045036,0.235992,1.29468,0.0452503,0.213952,1.29242,0.0669506,0.213952,1.28998,0.0666966,0.235992,1.51957,0.064709,0.265397,1.52246,0.0649621,0.239371,1.51978,0.0906323,0.239371,1.5169,0.0903325,0.265397
838930446,1,1.28994,0.0671132,0.190634,1.29161,0.0672875,0.168522,1.28935,0.0889877,0.168522,1.28769,0.0887739,0.190634,1.51774,0.0908408,0.212083,1.51972,0.0910466,0.185971,1.51704,0.116717,0.185971,1.51507,0.116464,0.212083
838930958,1,1.28994,0.0671132,0.213293,1.292,0.0673274,0.191213,1.28974,0.0890276,0.191213,1.28768,0.0887739,0.213293,1.51734,0.0907985,0.238724,1.51976,0.0910514,0.212651,1.51709,0.116722,0.212651,1.51467,0.116422,0.238724
838929934,1,1.28994,0.0671132,0.168009,1.29123,0.0672476,0.145871,1.28897,0.0889478,0.145871,1.28768,0.0887739,0.168009,1.51808,0.0908758,0.185468,1.5196,0.0910345,0.159326,1.51693,0.116705,0.159326,1.51541,0.116499,0.185468
838929422,1,1.28994,0.0671132,0.14541,1.29085,0.0672077,0.123253,1.28859,0.0889079,0.123253,1.28768,0.0887739,0.14541,1.51835,0.0909037,0.158875,1.51942,0.0910153,0.132711,1.51674,0.116686,0.132711,1.51568,0.116527,0.158875
838931470,1,1.28994,0.0671132,0.235992,1.29238,0.0673671,0.213952,1.29012,0.0890673,0.213952,1.28768,0.0887739,0.235992,1.51686,0.0907491,0.265397,1.51974,0.0910489,0.239371,1.51707,0.116719,0.239371,1.51419,0.116373,0.265397
838930447,1,1.28989,0.0895968,0.190634,1.29156,0.08979,0.168522,1.28854,0.111398,0.168522,1.28688,0.111165,0.190634,1.51727,0.11732,0.212083,1.51925,0.117548,0.185971,1.51568,0.143109,0.185971,1.51371,0.142835,0.212083
838930959,1,1.28989,0.0895968,0.213293,1.29194,0.0898431,0.191213,1.28892,0.111451,0.191213,1.28688,0.111165,0.213293,1.51687,0.117263,0.238724,1.51929,0.117554,0.212651,1.51572,0.143116,0.212651,1.51331,0.142778,0.238724
838929935,1,1.28989,0.0895968,0.168009,1.29118,0.0897367,0.145871,1.28816,0.111345,0.145871,1.28688,0.111165,0.168009,1.51761,0.117367,0.185468,1.51913,0.117532,0.159326,1.51556,0.143093,0.159326,1.51405,0.142881,0.185468
838929423,1,1.28989,0.0895968,0.14541,1.2908,0.0896834,0.123253,1.28778,0.111291,0.123253,1.28688,0.111165,0.14541,1.51787,0.117404,0.158875,1.51895,0.117506,0.132711,1.51538,0.143067,0.132711,1.51431,0.142919,0.158875
838931471,1,1.28989,0.0895968,0.235992,1.29232,0.0898962,0.213952,1.2893,0.111504,0.213952,1.28688,0.111165,0.235992,1.5164,0.117198,0.265397,1.51927,0.117551,0.239371,1.5157,0.143112,0.239371,1.51283,0.142712,0.265397
838930442,1,1.29152,-0.022012,0.190634,1.2932,-0.0219549,0.168522,1.29246,-0.000149889,0.168522,1.29078,-0.000246718,0.190634,1.52042,-0.0142448,0.212083,1.5224,-0.0141774,0.185971,1.52153,0.0116168,0.185971,1.51954,0.0115025,0.212083
838930954,1,1.29152,-0.022012,0.213293,1.29358,-0.0219419,0.191213,1.29284,-0.000136848,0.191213,1.29078,-0.000246718,0.213293,1.52001,-0.0142586,0.238724,1.52245,-0.0141759,0.212651,1.52157,0.0116184,0.212651,1.51914,0.0114887,0.238724
838929930,1,1.29152,-0.022012,0.168009,1.29281,-0.021968,0.145871,1.29207,-0.000162944,0.145871,1.29078,-0.000246721,0.168009,1.52076,-0.0142333,0.185468,1.52229,-0.0141814,0.159326,1.52141,0.0116129,0.159326,1.51988,0.011514,0.185468
838929418,1,1.29152,-0.022012,0.14541,1.29243,-0.0219811,0.123253,1.29169,-0.000176015,0.123253,1.29078,-0.000246723,0.14541,1.52103,-0.0142242,0.158875,1.5221,-0.0141877,0.132711,1.52123,0.0116066,0.132711,1.52015,0.0115231,0.158875
838931466,1,1.29152,-0.022012,0.235992,1.29397,-0.0219289,0.213952,1.29323,-0.000123831,0.213952,1.29078,-0.000246717,0.235992,1.51953,-0.0142748,0.265397,1.52243,-0.0141767,0.239371,1.52155,0.0116176,0.239371,1.51866,0.0114725,0.265397
838930443,1,1.29303,0.000420344,0.190634,1.29472,0.000496379,0.168522,1.29321,0.0222623,0.168522,1.29154,0.0221465,0.190634,1.5218,0.0122025,0.212083,1.52378,0.0122923,0.185971,1.52201,0.0380402,0.185971,1.52003,0.0379035,0.212083
838930955,1,1.29303,0.00042034,0.213293,1.2951,0.000522839,0.191213,1.2936,0.0222887,0.191213,1.29154,0.0221465,0.213293,1.52139,0.0121744,0.238724,1.52383,0.0122954,0.212651,1.52205,0.0380434,0.212651,1.51962,0.0378755,0.238724
838929931,1,1.29303,0.00042034,0.168009,1.29433,0.000469893,0.145871,1.29283,0.0222358,0.145871,1.29154,0.0221465,0.168009,1.52214,0.0122258,0.185468,1.52367,0.0122843,0.159326,1.52189,0.0380322,0.159326,1.52036,0.0379268,0.185468
838929419,1,1.29303,0.00042034,0.14541,1.29395,0.000443376,0.123253,1.29245,0.0222093,0.123253,1.29154,0.0221465,0.14541,1.52241,0.0122443,0.158875,1.52348,0.0122715,0.132711,1.52171,0.0380194,0.132711,1.52063,0.0379453,0.158875
838931467,1,1.29303,0.000420344,0.235992,1.29548,0.000549248,0.213952,1.29398,0.0223152,0.213952,1.29154,0.0221465,0.235992,1.52092,0.0121416,0.265397,1.52381,0.0122938,0.239371,1.52203,0.0380418,0.239371,1.51914,0.0378426,0.265397
838930444,1,1.29151,0.0225644,0.190634,1.29319,0.0226801,0.168522,1.29169,0.044446,0.168522,1.29001,0.0442906,0.190634,1.52,0.0383214,0.212083,1.52198,0.0384581,0.185971,1.5202,0.064206,0.185971,1.51823,0.0640224,0.212083
838930956,1,1.29151,0.0225644,0.213293,1.29357,0.0227066,0.191213,1.29207,0.0444725,0.191213,1.29001,0.0442906,0.213293,1.51959,0.0382933,0.238724,1.52203,0.0384612,0.212651,1.52025,0.0642092,0.212651,1.51782,0.0639944,0.238724
838929932,1,1.29151,0.0225644,0.168009,1.2928,0.0226536,0.145871,1.2913,0.0444196,0.145871,1.29001,0.0442906,0.168009,1.52034,0.0383447,0.185468,1.52186,0.0384501,0.159326,1.52009,0.064198,0.159326,1.51856,0.0640457,0.185468
838929420,1,1.29151,0.0225644,0.14541,1.29242,0.0226271,0.123253,1.29092,0.044393,0.123253,1.29001,0.0442906,0.14541,1.5206,0.0383632,0.158875,1.52168,0.0384373,0.132711,1.5199,0.0641852,0.132711,1.51883,0.0640642,0.158875
838931468,1,1.29151,0.0225644,0.235992,1.29395,0.022733,0.213952,1.29245,0.0444989,0.213952,1.29001,0.0442906,0.235992,1.51911,0.0382605,0.265397,1.522,0.0384596,0.239371,1.52023,0.0642075,0.239371,1.51734,0.0639615,0.265397
838930783,1,1.2152,-0.441849,0.190634,1.2168,-0.442352,0.168522,1.22284,-0.421386,0.168522,1.22122,-0.420921,0.190634,1.4342,-0.509019,0.212083,1.43609,-0.509614,0.185971,1.44323,-0.484811,0.185971,1.44132,-0.484262,0.212083
838931295,1,1.2152,-0.441849,0.213293,1.21717,-0.442459,0.191213,1.22321,-0.421492,0.191213,1.22122,-0.420921,0.213293,1.4338,-0.508907,0.238724,1.43614,-0.509627,0.212651,1.44328,-0.484824,0.212651,1.44093,-0.484149,0.238724
838930271,1,1.2152,-0.441849,0.168009,1.21643,-0.442246,0.145871,1.22247,-0.421279,0.145871,1.22122,-0.420921,0.168009,1.43452,-0.509113,0.185468,1.43598,-0.509582,0.159326,1.44312,-0.484779,0.159326,1.44165,-0.484356,0.185468
838929759,1,1.2152,-0.441849,0.14541,1.21606,-0.442139,0.123253,1.2221,-0.421173,0.123253,1.22122,-0.420921,0.14541,1.43478,-0.509187,0.158875,1.4358,-0.50953,0.132711,1.44294,-0.484728,0.132711,1.44191,-0.48443,0.158875
838931807,1,1.2152,-0.441849,0.235992,1.21754,-0.442565,0.213952,1.22358,-0.421598,0.213952,1.22122,-0.420921,0.235992,1.43335,-0.508775,0.265397,1.43611,-0.50962,0.239371,1.44325,-0.484818,0.239371,1.44047,-0.484017,0.265397
838930784,1,1.22134,-0.420518,0.190634,1.22295,-0.420983,0.168522,1.22899,-0.400017,0.168522,1.22736,-0.39959,0.190634,1.44144,-0.48386,0.212083,1.44335,-0.484409,0.185971,1.45048,-0.459607,0.185971,1.44856,-0.459102,0.212083
838931296,1,1.22134,-0.420518,0.213293,1.22332,-0.42109,0.191214,1.22936,-0.400123,0.191213,1.22736,-0.39959,0.213293,1.44105,-0.483747,0.238724,1.44339,-0.484422,0.212651,1.45053,-0.459619,0.212651,1.44817,-0.458989,0.238724
838930272,1,1.22134,-0.420518,0.168009,1.22258,-0.420877,0.145871,1.22862,-0.39991,0.145871,1.22736,-0.39959,0.168009,1.44176,-0.483953,0.185468,1.44323,-0.484377,0.159326,1.45037,-0.459574,0.159326,1.44889,-0.459196,0.185468
838929760,1,1.22134,-0.420518,0.14541,1.22221,-0.42077,0.123253,1.22825,-0.399804,0.123253,1.22736,-0.39959,0.14541,1.44202,-0.484028,0.158875,1.44306,-0.484325,0.132711,1.45019,-0.459523,0.132711,1.44915,-0.45927,0.158875
838931808,1,1.22134,-0.420518,0.235992,1.22369,-0.421196,0.213952,1.22973,-0.400229,0.213952,1.22736,-0.39959,0.235992,1.44059,-0.483615,0.265397,1.44337,-0.484415,0.239371,1.45051,-0.459613,0.239371,1.44771,-0.458857,0.265397
838930449,1,1.28598,0.134048,0.190634,1.28765,0.1343,0.168522,1.28388,0.155789,0.168522,1.28222,0.155498,0.190634,1.51226,0.169696,0.212083,1.51422,0.169993,0.185971,1.50976,0.195414,0.185971,1.50781,0.195071,0.212083
838930961,1,1.28598,0.134048,0.213293,1.28802,0.134366,0.191213,1.28426,0.155856,0.191213,1.28222,0.155498,0.213293,1.51186,0.169625,0.238724,1.51427,0.170001,0.212651,1.50981,0.195422,0.212651,1.50741,0.195,0.238724
838929937,1,1.28598,0.134048,0.168009,1.28727,0.134233,0.145871,1.2835,0.155723,0.145871,1.28222,0.155498,0.168009,1.51259,0.169754,0.185468,1.51411,0.169973,0.159326,1.50965,0.195394,0.159326,1.50814,0.195129,0.185468
838929425,1,1.28598,0.134048,0.14541,1.28689,0.134167,0.123253,1.28312,0.155656,0.123253,1.28222,0.155498,0.14541,1.51286,0.169801,0.158875,1.51393,0.169941,0.132711,1.50947,0.195362,0.132711,1.50841,0.195176,0.158875
838931473,1,1.28598,0.134048,0.235992,1.2884,0.134432,0.213952,1.28463,0.155922,0.213952,1.28222,0.155498,0.235992,1.51139,0.169543,0.265397,1.51425,0.169997,0.239371,1.50979,0.195418,0.239371,1.50694,0.194918,0.265397
838930450,1,1.28215,0.155911,0.190634,1.2838,0.156202,0.168522,1.28003,0.177691,0.168522,1.27838,0.177361,0.190634,1.50774,0.195483,0.212083,1.50969,0.195826,0.185971,1.50523,0.221247,0.185971,1.50328,0.220858,0.212083
838930962,1,1.28215,0.155911,0.213293,1.28418,0.156268,0.191213,1.28041,0.177758,0.191213,1.27838,0.177361,0.213293,1.50733,0.195413,0.238724,1.50974,0.195834,0.212651,1.50528,0.221255,0.212651,1.50288,0.220787,0.238724
838929938,1,1.28215,0.155911,0.168009,1.28342,0.156135,0.145871,1.27966,0.177625,0.145871,1.27838,0.177361,0.168009,1.50807,0.195542,0.185468,1.50958,0.195806,0.159326,1.50512,0.221227,0.159326,1.50362,0.220916,0.185468
838929426,1,1.28215,0.155911,0.14541,1.28305,0.156069,0.123253,1.27928,0.177558,0.123253,1.27838,0.177361,0.14541,1.50833,0.195588,0.158875,1.50939,0.195774,0.132711,1.50494,0.221195,0.132711,1.50388,0.220963,0.158875
838931474,1,1.28215,0.155911,0.235992,1.28456,0.156334,0.213952,1.28079,0.177824,0.213952,1.27838,0.177361,0.235992,1.50686,0.19533,0.265397,1.50971,0.19583,0.239371,1.50525,0.221251,0.239371,1.50241,0.220705,0.265397
838930451,1,1.28053,0.178336,0.190634,1.28218,0.178645,0.168522,1.27766,0.19999,0.168522,1.27602,0.199642,0.190634,1.50542,0.221865,0.212083,1.50737,0.22223,0.185971,1.50203,0.24748,0.185971,1.50008,0.247069,0.212083
838930963,1,1.28053,0.178336,0.213293,1.28256,0.178725,0.191213,1.27804,0.20007,0.191213,1.27602,0.199642,0.213293,1.50502,0.22178,0.238724,1.50742,0.22224,0.212651,1.50207,0.24749,0.212651,1.49969,0.246984,0.238724
838929939,1,1.28053,0.178336,0.168009,1.2818,0.178566,0.145871,1.27728,0.19991,0.145871,1.27602,0.199642,0.168009,1.50575,0.221935,0.185468,1.50726,0.222206,0.159326,1.50191,0.247456,0.159326,1.50042,0.247139,0.185468
838929427,1,1.28053,0.178336,0.14541,1.28143,0.178486,0.123253,1.27691,0.199831,0.123253,1.27602,0.199642,0.14541,1.50601,0.221991,0.158875,1.50708,0.222168,0.132711,1.50173,0.247417,0.132711,1.50068,0.247194,0.158875
838931475,1,1.28053,0.178336,0.235992,1.28293,0.178805,0.213952,1.27841,0.200149,0.213952,1.27602,0.199642,0.235992,1.50455,0.221682,0.265397,1.50739,0.222235,0.239371,1.50205,0.247485,0.239371,1.49922,0.246885,0.265397
838873272,1,-1.28595,0.134329,-0.565387,-1.29352,0.135519,-0.544164,-1.28973,0.157103,-0.544164,-1.28219,0.155779,-0.565387,-1.49844,0.167861,-0.646959,-1.50726,0.169248,-0.622215,-1.50282,0.194531,-0.622215,-1.49402,0.192987,-0.646959
838872760,1,-1.28595,0.134329,-0.540994,-1.29318,0.135459,-0.51965,-1.28939,0.157044,-0.51965,-1.28219,0.155779,-0.540994,-1.49971,0.168085,-0.619063,-1.50814,0.169403,-0.594177,-1.5037,0.194686,-0.594177,-1.4953,0.193211,-0.619063
838872248,1,-1.28595,0.134329,-0.51674,-1.29283,0.135399,-0.49528,-1.28904,0.156983,-0.49528,-1.28219,0.155779,-0.51674,-1.50093,0.1683,-0.591284,-1.50896,0.169547,-0.566263,-1.50452,0.19483,-0.566263,-1.49652,0.193426,-0.591284
838873273,1,-1.28679,0.111865,-0.565387,-1.29438,0.112925,-0.544164,-1.29134,0.134629,-0.544164,-1.28378,0.133433,-0.565387,-1.4998,0.141652,-0.646959,-1.50864,0.142888,-0.622215,-1.50509,0.168311,-0.622215,-1.49627,0.166917,-0.646959
838872761,1,-1.28679,0.111865,-0.540994,-1.29403,0.112877,-0.51965,-1.291,0.134581,-0.51965,-1.28378,0.133433,-0.540994,-1.50109,0.141831,-0.619063,-1.50953,0.143012,-0.594177,-1.50597,0.168435,-0.594177,-1.49755,0.167096,-0.619063
838872249,1,-1.28679,0.111865,-0.51674,-1.29369,0.112829,-0.49528,-1.29066,0.134533,-0.49528,-1.28378,0.133433,-0.51674,-1.50231,0.142003,-0.591284,-1.51035,0.143127,-0.566263,-1.5068,0.16855,-0.566263,-1.49878,0.167268,-0.591284
838873274,1,-1.28987,0.0898789,-0.565387,-1.29747,0.0908036,-0.544164,-1.29444,0.112507,-0.544164,-1.28685,0.111447,-0.565387,-1.5034,0.115969,-0.646959,-1.51226,0.117047,-0.622215,-1.5087,0.14247,-0.622215,-1.49986,0.141234,-0.646959
838872762,1,-1.28987,0.0898788,-0.540994,-1.29713,0.0907557,-0.51965,-1.29409,0.112459,-0.51965,-1.28685,0.111447,-0.540994,-1.50468,0.116149,-0.619063,-1.51314,0.117171,-0.594177,-1.50959,0.142594,-0.594177,-1.50115,0.141413,-0.619063
838872250,1,-1.28987,0.0898788,-0.51674,-1.29678,0.0907076,-0.49528,-1.29375,0.112411,-0.49528,-1.28685,0.111447,-0.51674,-1.50591,0.11632,-0.591284,-1.51397,0.117286,-0.566263,-1.51041,0.142709,-0.566263,-1.50237,0.141585,-0.591284
838873275,1,-1.28993,0.0673987,-0.565387,-1.29754,0.0681936,-0.544164,-1.29527,0.0899899,-0.544164,-1.28767,0.0890588,-0.565387,-1.50385,0.089728,-0.646959,-1.51272,0.0906547,-0.622215,-1.51006,0.116186,-0.622215,-1.5012,0.115101,-0.646959
838872763,1,-1.28993,0.0673987,-0.540994,-1.2972,0.0681577,-0.51965,-1.29492,0.089954,-0.51965,-1.28767,0.0890588,-0.540994,-1.50513,0.0898626,-0.619063,-1.51361,0.0907475,-0.594177,-1.51095,0.116279,-0.594177,-1.50249,0.115235,-0.619063
838872251,1,-1.28993,0.0673987,-0.51674,-1.29685,0.0681216,-0.49528,-1.29458,0.0899179,-0.49528,-1.28767,0.0890588,-0.51674,-1.50637,0.0899912,-0.591284,-1.51444,0.090834,-0.566263,-1.51178,0.116365,-0.566263,-1.50372,0.115364,-0.591284
838873276,1,-1.29223,0.0453186,-0.565387,-1.29986,0.0459773,-0.544164,-1.29758,0.0677736,-0.544164,-1.28997,0.0669788,-0.565387,-1.50654,0.0639354,-0.646959,-1.51543,0.0647033,-0.622215,-1.51277,0.0902347,-0.622215,-1.50389,0.089308,-0.646959
838872764,1,-1.29223,0.0453186,-0.540994,-1.29952,0.0459414,-0.51965,-1.29724,0.0677377,-0.51965,-1.28997,0.0669788,-0.540994,-1.50783,0.0640699,-0.619063,-1.51632,0.0647961,-0.594177,-1.51366,0.0903275,-0.594177,-1.50518,0.0894426,-0.619063
838872252,1,-1.29223,0.0453186,-0.51674,-1.29917,0.0459053,-0.49528,-1.2969,0.0677016,-0.49528,-1.28997,0.0669787,-0.51674,-1.50906,0.0641986,-0.591284,-1.51715,0.0648827,-0.566263,-1.51449,0.0904141,-0.566263,-1.50641,0.0895712,-0.591284
838873277,1,-1.2915,0.0228502,-0.565387,-1.29914,0.0233786,-0.544164,-1.29763,0.0452411,-0.544164,-1.29,0.0445761,-0.565387,-1.50607,0.0376946,-0.646959,-1.51498,0.0383107,-0.622215,-1.5132,0.0639196,-0.622215,-1.50431,0.0631443,-0.646959
838872765,1,-1.2915,0.0228502,-0.540994,-1.2988,0.0233548,-0.51965,-1.29728,0.0452172,-0.51965,-1.29,0.0445761,-0.540994,-1.50736,0.0377841,-0.619063,-1.51587,0.0383723,-0.594177,-1.5141,0.0639812,-0.594177,-1.5056,0.0632337,-0.619063
838872253,1,-1.2915,0.0228502,-0.51674,-1.29845,0.0233308,-0.49528,-1.29694,0.0451932,-0.49528,-1.29,0.0445761,-0.51674,-1.5086,0.0378696,-0.591284,-1.5167,0.0384299,-0.566263,-1.51493,0.0640388,-0.566263,-1.50684,0.0633193,-0.591284
838873278,1,-1.29303,0.000703121,-0.565387,-1.30068,0.00109493,-0.544164,-1.29917,0.0229574,-0.544164,-1.29153,0.022429,-0.565387,-1.50786,0.0118237,-0.646959,-1.51678,0.0122805,-0.622215,-1.51501,0.0378894,-0.622215,-1.5061,0.0372734,-0.646959
838872766,1,-1.29303,0.000703121,-0.540994,-1.30034,0.00107107,-0.51965,-1.29882,0.0229335,-0.51965,-1.29153,0.022429,-0.540994,-1.50915,0.0119132,-0.619063,-1.51767,0.0123422,-0.594177,-1.5159,0.0379511,-0.594177,-1.50739,0.0373628,-0.619063
838872254,1,-1.29303,0.000703119,-0.51674,-1.29999,0.00104708,-0.49528,-1.29848,0.0229095,-0.49528,-1.29153,0.022429,-0.51674,-1.51039,0.0119987,-0.591284,-1.5185,0.0123997,-0.566263,-1.51673,0.0380086,-0.566263,-1.50863,0.0374484,-0.591284
838873279,1,-1.29152,-0.0217262,-0.565387,-1.29917,-0.0214648,-0.544164,-1.29843,0.000437123,-0.544164,-1.29078,3.89456e-05,-0.565387,-1.50648,-0.0143848,-0.646959,-1.5154,-0.0140801,-0.622215,-1.51452,0.0115751,-0.622215,-1.50561,0.0111108,-0.646959
838872767,1,-1.29152,-0.0217262,-0.540994,-1.29883,-0.0214766,-0.51965,-1.29808,0.000425325,-0.51965,-1.29078,3.89467e-05,-0.540994,-1.50777,-0.0143406,-0.619063,-1.51629,-0.0140496,-0.594177,-1.51542,0.0116056,-0.594177,-1.5069,0.0111551,-0.619063
838872255,1,-1.29152,-0.0217262,-0.51674,-1.29848,-0.0214885,-0.49528,-1.29773,0.000413463,-0.49528,-1.29078,3.89449e-05,-0.51674,-1.50901,-0.0142983,-0.591284,-1.51713,-0.0140211,-0.566263,-1.51625,0.011634,-0.566263,-1.50814,0.0111974,-0.591284
838903435,1,-0.810553,1.0055,-2.60821,-0.822932,1.0225,-2.59617,-0.805027,1.03554,-2.59617,-0.792945,1.01831,-2.60821,-0.876903,1.09665,-2.80869,-0.890198,1.11492,-2.79575,-0.870722,1.12909,-2.79575,-0.857747,1.1106,-2.80869
838902923,1,-0.810552,1.0055,-2.55868,-0.822877,1.02243,-2.54647,-0.804972,1.03546,-2.54647,-0.792945,1.01831,-2.55868,-0.877817,1.09791,-2.75827,-0.891052,1.11609,-2.74516,-0.871577,1.13027,-2.74516,-0.858661,1.11185,-2.75827
838903947,1,-0.810553,1.0055,-2.65843,-0.822987,1.02258,-2.64655,-0.805082,1.03561,-2.64655,-0.792945,1.01831,-2.65843,-0.875985,1.09539,-2.85978,-0.889339,1.11374,-2.84702,-0.869863,1.12791,-2.84702,-0.856829,1.10933,-2.85978
838904459,1,-0.810553,1.0055,-2.70935,-0.823041,1.02265,-2.69763,-0.805136,1.03569,-2.69763,-0.792945,1.01831,-2.70935,-0.875063,1.09413,-2.91156,-0.888475,1.11255,-2.89897,-0.869,1.12673,-2.89897,-0.855907,1.10807,-2.91156
838902411,1,-0.810553,1.0055,-2.5098,-0.82282,1.02235,-2.49743,-0.804915,1.03538,-2.49743,-0.792945,1.01831,-2.5098,-0.878726,1.09916,-2.7085,-0.891902,1.11726,-2.69522,-0.872426,1.13143,-2.69522,-0.85957,1.1131,-2.7085
838903436,1,-0.828521,0.992417,-2.60821,-0.841198,1.00921,-2.59617,-0.823293,1.02224,-2.59617,-0.810914,1.00523,-2.60821,-0.89642,1.08245,-2.80869,-0.910035,1.10048,-2.79575,-0.89056,1.11465,-2.79575,-0.877264,1.09639,-2.80869
838902924,1,-0.828521,0.992417,-2.55868,-0.841143,1.00913,-2.54647,-0.823238,1.02216,-2.54647,-0.810914,1.00523,-2.55868,-0.897334,1.0837,-2.75827,-0.91089,1.10165,-2.74516,-0.891414,1.11583,-2.74516,-0.878178,1.09764,-2.75827
838903948,1,-0.828521,0.992417,-2.65843,-0.841253,1.00928,-2.64655,-0.823348,1.02232,-2.64655,-0.810914,1.00523,-2.65843,-0.895503,1.08118,-2.85978,-0.909176,1.0993,-2.84702,-0.8897,1.11347,-2.84702,-0.876347,1.09513,-2.85978
838904460,1,-0.828521,0.992417,-2.70935,-0.841307,1.00936,-2.69763,-0.823402,1.02239,-2.69763,-0.810914,1.00523,-2.70935,-0.894581,1.07992,-2.91156,-0.908312,1.09811,-2.89897,-0.888837,1.11229,-2.89897,-0.875425,1.09386,-2.91156
838902412,1,-0.828521,0.992417,-2.5098,-0.841087,1.00905,-2.49743,-0.823182,1.02209,-2.49743,-0.810914,1.00523,-2.5098,-0.898244,1.08495,-2.7085,-0.911739,1.10282,-2.69522,-0.892263,1.117,-2.69522,-0.879088,1.09889,-2.7085
838903437,1,-0.848602,0.973595,-2.60821,-0.861564,0.990163,-2.59617,-0.844121,1.00381,-2.59617,-0.83145,0.987014,-2.60821,-0.918073,1.0624,-2.80869,-0.931993,1.08019,-2.79575,-0.91302,1.09503,-2.79575,-0.899411,1.077,-2.80869
838902925,1,-0.848602,0.973595,-2.55868,-0.861506,0.990089,-2.54647,-0.844063,1.00373,-2.54647,-0.83145,0.987014,-2.55868,-0.919029,1.06362,-2.75827,-0.932887,1.08133,-2.74516,-0.913915,1.09618,-2.74516,-0.900368,1.07822,-2.75827
838903949,1,-0.848602,0.973595,-2.65843,-0.861621,0.990236,-2.64655,-0.844179,1.00388,-2.64655,-0.83145,0.987014,-2.65843,-0.917112,1.06117,-2.85978,-0.931094,1.07904,-2.84702,-0.912121,1.09388,-2.84702,-0.89845,1.07577,-2.85978
838904461,1,-0.848602,0.973595,-2.70935,-0.861677,0.990308,-2.69763,-0.844235,1.00395,-2.69763,-0.83145,0.987014,-2.70935,-0.916147,1.05993,-2.91156,-0.930189,1.07788,-2.89897,-0.911217,1.09273,-2.89897,-0.897485,1.07453,-2.91156
838902413,1,-0.848602,0.973595,-2.5098,-0.861447,0.990014,-2.49743,-0.844005,1.00366,-2.49743,-0.83145,0.987014,-2.5098,-0.919982,1.06484,-2.7085,-0.933777,1.08247,-2.69522,-0.914804,1.09731,-2.69522,-0.901321,1.07944,-2.7085
838903434,1,-0.793831,1.02048,-2.60821,-0.805914,1.03771,-2.59617,-0.787565,1.05011,-2.59617,-0.775787,1.03268,-2.60821,-0.858544,1.11283,-2.80869,-0.871521,1.13133,-2.79575,-0.851562,1.14481,-2.79575,-0.838913,1.1261,-2.80869
838902922,1,-0.793831,1.02048,-2.55868,-0.805861,1.03763,-2.54647,-0.787512,1.05003,-2.54647,-0.775787,1.03268,-2.55868,-0.859414,1.11412,-2.75827,-0.872334,1.13253,-2.74516,-0.852375,1.14602,-2.74516,-0.839782,1.12738,-2.75827
838903946,1,-0.793831,1.02048,-2.65843,-0.805966,1.03778,-2.64655,-0.787617,1.05018,-2.64655,-0.775787,1.03268,-2.65843,-0.857671,1.11154,-2.85978,-0.870704,1.13012,-2.84702,-0.850745,1.1436,-2.84702,-0.83804,1.1248,-2.85978
838904458,1,-0.793831,1.02048,-2.70935,-0.806017,1.03786,-2.69763,-0.787668,1.05026,-2.69763,-0.775787,1.03268,-2.70935,-0.856794,1.11024,-2.91156,-0.869882,1.1289,-2.89897,-0.849923,1.14239,-2.89897,-0.837163,1.12351,-2.91156
838902410,1,-0.793831,1.02048,-2.5098,-0.805808,1.03755,-2.49743,-0.787458,1.04995,-2.49743,-0.775787,1.03268,-2.5098,-0.860279,1.1154,-2.7085,-0.873142,1.13373,-2.69522,-0.853183,1.14721,-2.69522,-0.840648,1.12866,-2.7085
838903445,1,-0.974652,0.847675,-2.60821,-0.989795,0.862276,-2.59617,-0.974423,0.878218,-2.59617,-0.959535,0.863352,-2.60821,-1.05581,0.925935,-2.80869,-1.07208,0.941617,-2.79575,-1.05536,0.958957,-2.79575,-1.03937,0.942991,-2.80869
838903958,1,-0.990079,0.831676,-2.65843,-1.00554,0.846077,-2.64655,-0.990172,0.862019,-2.64655,-0.974962,0.847353,-2.65843,-1.07145,0.907475,-2.85978,-1.08806,0.922942,-2.84702,-1.07134,0.940282,-2.84702,-1.055,0.924531,-2.85978
838903959,1,-1.00332,0.81354,-2.65843,-1.01903,0.827666,-2.64655,-1.00423,0.844135,-2.64655,-0.988761,0.829736,-2.65843,-1.08601,0.887876,-2.85978,-1.10288,0.903046,-2.84702,-1.08678,0.92096,-2.84702,-1.07017,0.905495,-2.85978
838903444,1,-0.960785,0.865337,-2.60821,-0.975673,0.880203,-2.59617,-0.959754,0.895598,-2.59617,-0.94513,0.880477,-2.60821,-1.04054,0.945053,-2.80869,-1.05653,0.961018,-2.79575,-1.03921,0.977764,-2.79575,-1.02351,0.961524,-2.80869
838903441,1,-0.913827,0.912838,-2.60821,-0.927914,0.92846,-2.59617,-0.911467,0.94329,-2.59617,-0.897653,0.927421,-2.60821,-0.989327,0.996573,-2.80869,-1.00446,1.01335,-2.79575,-0.986566,1.02948,-2.79575,-0.971731,1.01244,-2.80869
838902929,1,-0.913827,0.912838,-2.55868,-0.927851,0.928391,-2.54647,-0.911404,0.94322,-2.54647,-0.897653,0.927421,-2.55868,-0.990367,0.997726,-2.75827,-1.00543,1.01443,-2.74516,-0.987538,1.03056,-2.74516,-0.97277,1.01359,-2.75827
838903953,1,-0.913827,0.912837,-2.65843,-0.927976,0.928529,-2.64655,-0.911529,0.943359,-2.64655,-0.897653,0.927421,-2.65843,-0.988283,0.995415,-2.85978,-1.00348,1.01227,-2.84702,-0.985588,1.0284,-2.84702,-0.970686,1.01128,-2.85978
838904465,1,-0.913827,0.912838,-2.70935,-0.928037,0.928597,-2.69763,-0.91159,0.943427,-2.69763,-0.897653,0.927421,-2.70935,-0.987234,0.994251,-2.91156,-1.0025,1.01118,-2.89897,-0.984605,1.02731,-2.89897,-0.969638,1.01012,-2.91156
838902417,1,-0.913827,0.912838,-2.5098,-0.927787,0.92832,-2.49743,-0.91134,0.943149,-2.49743,-0.897653,0.927421,-2.5098,-0.991402,0.998874,-2.7085,-1.00639,1.0155,-2.69522,-0.988504,1.03163,-2.69522,-0.973806,1.01474,-2.7085
838863430,1,0.647128,1.11945,-0.122801,0.647552,1.1201,-0.0992656,0.665624,1.10793,-0.0992656,0.665191,1.10728,-0.122801,0.772168,1.31231,-0.132267,0.772626,1.31301,-0.106832,0.794028,1.2986,-0.106832,0.79356,1.2979,-0.132267
838862918,1,0.647128,1.11945,-0.0988267,0.647444,1.11994,-0.075286,0.665516,1.10777,-0.075286,0.665191,1.10728,-0.0988267,0.772207,1.31237,-0.106402,0.772548,1.31289,-0.0809616,0.79395,1.29848,-0.0809616,0.793599,1.29796,-0.106402
838863942,1,0.647128,1.11945,-0.14541,0.647604,1.12023,-0.123253,0.665701,1.10804,-0.123253,0.665191,1.10728,-0.14541,0.772095,1.31215,-0.158875,0.772658,1.31307,-0.132711,0.794065,1.29865,-0.132711,0.793464,1.29776,-0.158875
838864454,1,0.647128,1.11945,-0.168009,0.647819,1.12055,-0.145871,0.665916,1.10836,-0.145871,0.665191,1.10728,-0.168009,0.771945,1.31193,-0.185468,0.772762,1.31322,-0.159326,0.794169,1.29881,-0.159326,0.793313,1.29754,-0.185468
838862406,1,0.647128,1.11945,-0.0748582,0.647336,1.11978,-0.0513135,0.665408,1.1076,-0.0513136,0.665191,1.10728,-0.0748583,0.772237,1.31241,-0.080542,0.772462,1.31277,-0.0550975,0.793864,1.29835,-0.0550976,0.79363,1.29801,-0.0805421
838863431,1,0.626944,1.12935,-0.122801,0.627354,1.13001,-0.0992656,0.64584,1.11848,-0.0992657,0.645421,1.11783,-0.122801,0.748577,1.32434,-0.132267,0.74902,1.32505,-0.106832,0.770912,1.31139,-0.106833,0.770459,1.31069,-0.132267
838862919,1,0.626944,1.12936,-0.0988267,0.627252,1.12985,-0.075286,0.645738,1.11832,-0.075286,0.645421,1.11783,-0.0988267,0.748614,1.3244,-0.106402,0.748946,1.32493,-0.0809616,0.770839,1.31128,-0.0809616,0.770497,1.31075,-0.106402
838863943,1,0.626944,1.12935,-0.14541,0.627427,1.13013,-0.123253,0.645938,1.11858,-0.123253,0.645422,1.11783,-0.14541,0.748486,1.32419,-0.158875,0.749056,1.32511,-0.132711,0.770953,1.31145,-0.132711,0.770344,1.31056,-0.158875
838864455,1,0.626944,1.12935,-0.168009,0.627631,1.13046,-0.145871,0.646142,1.11891,-0.145871,0.645422,1.11783,-0.168009,0.748343,1.32397,-0.185468,0.749154,1.32527,-0.159326,0.771052,1.31161,-0.159326,0.770201,1.31033,-0.185468
838862407,1,0.626944,1.12935,-0.0748583,0.627149,1.12968,-0.0513136,0.645635,1.11815,-0.0513136,0.645421,1.11783,-0.0748583,0.748643,1.32445,-0.080542,0.748864,1.3248,-0.0550975,0.770757,1.31115,-0.0550975,0.770525,1.3108,-0.0805421
838863432,1,0.608111,1.1411,-0.122801,0.608513,1.14177,-0.0992656,0.626999,1.13023,-0.0992656,0.626589,1.12958,-0.122801,0.726339,1.33821,-0.132267,0.726773,1.33893,-0.106833,0.748665,1.32527,-0.106832,0.748222,1.32456,-0.132267
838862920,1,0.608111,1.1411,-0.0988267,0.60841,1.1416,-0.075286,0.626896,1.13007,-0.075286,0.626589,1.12958,-0.0988267,0.726376,1.33827,-0.106402,0.726699,1.33881,-0.0809616,0.748591,1.32515,-0.0809616,0.748259,1.32462,-0.106402
838863944,1,0.608111,1.1411,-0.14541,0.60856,1.1419,-0.123253,0.627071,1.13035,-0.123253,0.626589,1.12958,-0.14541,0.726272,1.33805,-0.158875,0.726802,1.33899,-0.132711,0.7487,1.32533,-0.132711,0.74813,1.32442,-0.158875
838864456,1,0.608111,1.1411,-0.168009,0.608764,1.14222,-0.145871,0.627275,1.13068,-0.145871,0.626589,1.12958,-0.168009,0.72613,1.33782,-0.185468,0.726901,1.33915,-0.159326,0.748799,1.32549,-0.159326,0.747988,1.32419,-0.185468
838862408,1,0.608112,1.1411,-0.0748583,0.608308,1.14144,-0.0513136,0.626794,1.12991,-0.0513136,0.626589,1.12958,-0.0748583,0.726405,1.33832,-0.080542,0.726617,1.33868,-0.0550975,0.748509,1.32502,-0.0550975,0.748288,1.32467,-0.0805421
838863433,1,0.587594,1.1503,-0.122801,0.587981,1.15097,-0.0992656,0.606859,1.14009,-0.0992656,0.606463,1.13942,-0.122801,0.702343,1.34941,-0.132267,0.702761,1.35014,-0.106832,0.725117,1.33726,-0.106832,0.724689,1.33654,-0.132267
838862921,1,0.587594,1.1503,-0.0988267,0.587884,1.1508,-0.075286,0.606762,1.13992,-0.075286,0.606463,1.13942,-0.0988267,0.702378,1.34947,-0.106402,0.702691,1.35002,-0.0809616,0.725047,1.33713,-0.0809616,0.724724,1.3366,-0.106402
838863945,1,0.587594,1.1503,-0.14541,0.588049,1.15109,-0.123253,0.606953,1.14019,-0.123253,0.606463,1.13942,-0.14541,0.702257,1.34926,-0.158875,0.702794,1.3502,-0.132711,0.725156,1.33731,-0.132711,0.724577,1.3364,-0.158875
838864457,1,0.587594,1.1503,-0.168009,0.588242,1.15142,-0.145871,0.607145,1.14053,-0.145871,0.606463,1.13942,-0.168009,0.702122,1.34903,-0.185468,0.702887,1.35036,-0.159326,0.725249,1.33747,-0.159326,0.724443,1.33617,-0.185468
838862409,1,0.587594,1.1503,-0.0748583,0.587787,1.15063,-0.0513136,0.606665,1.13976,-0.0513136,0.606463,1.13942,-0.0748583,0.702405,1.34952,-0.0805421,0.702614,1.34988,-0.0550975,0.72497,1.337,-0.0550975,0.724751,1.33664,-0.0805421
838861531,1,-1.13096,-0.623649,-0.026932,-1.13096,-0.623649,-0.00338405,-1.14053,-0.604074,-0.00338403,-1.14053,-0.604083,-0.0269319,-1.3376,-0.724654,-0.0288321,-1.3376,-0.724654,-0.00338405,-1.34893,-0.701473,-0.00338403,-1.34893,-0.701483,-0.028832
838927067,1,-1.14231,-0.605547,0.0269319,-1.14231,-0.605538,0.00338404,-1.13078,-0.624025,0.00338404,-1.13078,-0.624025,0.0269319,-1.33958,-0.723856,0.028832,-1.33959,-0.723846,0.00338404,-1.32594,-0.74574,0.00338404,-1.32594,-0.74574,0.028832
838862043,1,-1.13096,-0.623649,-0.0508939,-1.13114,-0.623734,-0.0273468,-1.14071,-0.604159,-0.0273468,-1.14053,-0.604083,-0.0508939,-1.33758,-0.724644,-0.054686,-1.33777,-0.724736,-0.0292389,-1.3491,-0.701555,-0.0292388,-1.3489,-0.701473,-0.054686
838862555,1,-1.13096,-0.623649,-0.0748583,-1.13131,-0.623819,-0.0513136,-1.14088,-0.604244,-0.0513136,-1.14053,-0.604083,-0.0748583,-1.33754,-0.724627,-0.0805421,-1.33792,-0.724811,-0.0550975,-1.34925,-0.701629,-0.0550975,-1.34887,-0.701456,-0.0805421
838927579,1,-1.14231,-0.605547,0.0508939,-1.14248,-0.60564,0.0273468,-1.13095,-0.624128,0.0273468,-1.13078,-0.624025,0.0508939,-1.33956,-0.723843,0.054686,-1.33975,-0.723944,0.0292388,-1.32609,-0.745838,0.0292388,-1.32592,-0.745727,0.054686
838861532,1,-1.12122,-0.64359,-0.0269319,-1.12121,-0.6436,-0.00338404,-1.13078,-0.624025,-0.00338405,-1.13078,-0.624025,-0.0269319,-1.32609,-0.748201,-0.028832,-1.32608,-0.748212,-0.00338403,-1.33742,-0.72503,-0.00338405,-1.33742,-0.72503,-0.028832
838927068,1,-1.13056,-0.62438,0.0269319,-1.13056,-0.62438,0.00338403,-1.11903,-0.642868,0.00338405,-1.11903,-0.642859,0.026932,-1.32571,-0.746095,0.028832,-1.32571,-0.746095,0.00338403,-1.31206,-0.767988,0.00338406,-1.31207,-0.767979,0.0288321
838862044,1,-1.12122,-0.64359,-0.0508939,-1.12139,-0.643685,-0.0273468,-1.13096,-0.62411,-0.0273468,-1.13078,-0.624025,-0.0508939,-1.32607,-0.748191,-0.054686,-1.32625,-0.748293,-0.0292388,-1.33758,-0.725112,-0.0292388,-1.33739,-0.72502,-0.054686
838862556,1,-1.12122,-0.64359,-0.0748583,-1.12156,-0.64377,-0.0513135,-1.13113,-0.624195,-0.0513136,-1.13078,-0.624025,-0.0748583,-1.32603,-0.748174,-0.080542,-1.3264,-0.748368,-0.0550975,-1.33774,-0.725187,-0.0550975,-1.33736,-0.725003,-0.0805421
838927580,1,-1.13056,-0.62438,0.0508939,-1.13072,-0.624483,0.0273468,-1.11919,-0.64297,0.0273468,-1.11903,-0.642859,0.0508939,-1.32569,-0.746082,0.054686,-1.32587,-0.746193,0.0292388,-1.31222,-0.768086,0.0292388,-1.31205,-0.767966,0.054686
838861533,1,-1.10616,-0.66666,-0.026932,-1.10616,-0.66666,-0.00338406,-1.1164,-0.647428,-0.00338403,-1.11639,-0.647438,-0.0269319,-1.30916,-0.774767,-0.0288321,-1.30916,-0.774767,-0.00338406,-1.32129,-0.751993,-0.00338402,-1.32129,-0.752003,-0.028832
838927069,1,-1.11812,-0.648962,0.0269319,-1.11812,-0.648953,0.00338404,-1.10596,-0.667029,0.00338405,-1.10596,-0.667029,0.0269319,-1.31118,-0.774038,0.028832,-1.31118,-0.774029,0.00338404,-1.29678,-0.795436,0.00338405,-1.29678,-0.795436,0.028832
838862045,1,-1.10616,-0.66666,-0.0508939,-1.10633,-0.666751,-0.0273468,-1.11657,-0.647519,-0.0273468,-1.11639,-0.647438,-0.0508939,-1.30914,-0.774756,-0.054686,-1.30933,-0.774855,-0.0292388,-1.32146,-0.75208,-0.0292388,-1.32127,-0.751992,-0.054686
838862557,1,-1.10616,-0.66666,-0.0748583,-1.1065,-0.666842,-0.0513136,-1.11674,-0.64761,-0.0513136,-1.11639,-0.647438,-0.0748583,-1.30911,-0.774738,-0.0805421,-1.30948,-0.774935,-0.0550975,-1.32161,-0.75216,-0.0550975,-1.32123,-0.751973,-0.0805421
838927581,1,-1.11812,-0.648962,0.0508939,-1.11828,-0.649061,0.0273468,-1.10612,-0.667138,0.0273468,-1.10596,-0.667029,0.0508939,-1.31116,-0.774025,0.054686,-1.31134,-0.774132,0.0292388,-1.29693,-0.795539,0.0292389,-1.29676,-0.795423,0.054686
838897832,1,-1.1988,0.484545,-2.10248,-1.21647,0.492763,-2.08876,-1.20679,0.512653,-2.08876,-1.18927,0.504126,-2.10248,-1.31733,0.53981,-2.29171,-1.33655,0.548749,-2.27678,-1.32589,0.570638,-2.27678,-1.30684,0.561364,-2.29171
838897320,1,-1.1988,0.484545,-2.06045,-1.21636,0.492708,-2.04655,-1.20667,0.512598,-2.04655,-1.18927,0.504126,-2.06045,-1.31887,0.540558,-2.24849,-1.33796,0.549436,-2.23337,-1.3273,0.571326,-2.23337,-1.30837,0.562111,-2.24849
838898344,1,-1.1988,0.484545,-2.14506,-1.21658,0.492817,-2.13152,-1.2069,0.512707,-2.13152,-1.18927,0.504126,-2.14506,-1.31579,0.539058,-2.33546,-1.33512,0.548055,-2.32073,-1.32447,0.569945,-2.32073,-1.3053,0.560612,-2.33546
838898856,1,-1.1988,0.484545,-2.18821,-1.21669,0.49287,-2.17484,-1.20701,0.51276,-2.17484,-1.18927,0.504126,-2.18821,-1.31423,0.538302,-2.37977,-1.33369,0.547357,-2.36523,-1.32303,0.569247,-2.36523,-1.30374,0.559855,-2.37977
838897833,1,-1.2058,0.463202,-2.10248,-1.2236,0.471112,-2.08876,-1.21462,0.491328,-2.08876,-1.19695,0.483103,-2.10248,-1.32529,0.516298,-2.29171,-1.34465,0.524902,-2.27678,-1.33477,0.547151,-2.27678,-1.31556,0.538205,-2.29171
838897321,1,-1.2058,0.463202,-2.06045,-1.22348,0.471061,-2.04655,-1.2145,0.491277,-2.04655,-1.19695,0.483103,-2.06045,-1.32685,0.516991,-2.24849,-1.34609,0.52554,-2.23337,-1.3362,0.547789,-2.23337,-1.31712,0.538898,-2.24849
838898345,1,-1.2058,0.463202,-2.14506,-1.22371,0.471162,-2.13152,-1.21473,0.491378,-2.13152,-1.19695,0.483103,-2.14506,-1.32372,0.515601,-2.33546,-1.34321,0.524259,-2.32073,-1.33332,0.546508,-2.32073,-1.31399,0.537507,-2.33546
838898857,1,-1.2058,0.463202,-2.18821,-1.22382,0.471211,-2.17484,-1.21484,0.491427,-2.17484,-1.19695,0.483103,-2.18821,-1.32214,0.514899,-2.37977,-1.34175,0.523611,-2.36523,-1.33186,0.54586,-2.36523,-1.31241,0.536805,-2.37977
838897834,1,-1.21482,0.442895,-2.10248,-1.23276,0.450491,-2.08876,-1.22378,0.470707,-2.08876,-1.20598,0.462797,-2.10248,-1.33521,0.493987,-2.29171,-1.35472,0.502249,-2.27678,-1.34483,0.524497,-2.27678,-1.32547,0.515893,-2.29171
838897322,1,-1.21482,0.442895,-2.06045,-1.23265,0.45044,-2.04655,-1.22366,0.470656,-2.04655,-1.20598,0.462797,-2.06045,-1.33677,0.49468,-2.24849,-1.35616,0.502887,-2.23337,-1.34627,0.525135,-2.23337,-1.32703,0.516586,-2.24849
838898346,1,-1.21482,0.442895,-2.14506,-1.23287,0.450541,-2.13152,-1.22389,0.470757,-2.13152,-1.20598,0.462797,-2.14506,-1.33364,0.493289,-2.33546,-1.35327,0.501606,-2.32073,-1.34339,0.523854,-2.32073,-1.3239,0.515196,-2.33546
838898858,1,-1.21482,0.442895,-2.18821,-1.23298,0.45059,-2.17484,-1.224,0.470806,-2.17484,-1.20598,0.462797,-2.18821,-1.33206,0.492587,-2.37977,-1.35181,0.500958,-2.36523,-1.34193,0.523206,-2.36523,-1.32232,0.514494,-2.37977
838898349,1,-1.23485,0.378932,-2.14506,-1.25328,0.385622,-2.13152,-1.24573,0.406415,-2.13152,-1.22742,0.399402,-2.14506,-1.35615,0.422971,-2.33546,-1.37619,0.430248,-2.32073,-1.36788,0.453132,-2.32073,-1.34797,0.445503,-2.33546
838898861,1,-1.23485,0.378932,-2.18821,-1.25339,0.385663,-2.17484,-1.24584,0.406457,-2.17484,-1.22742,0.399402,-2.18821,-1.35452,0.422381,-2.37977,-1.37469,0.429703,-2.36523,-1.36638,0.452587,-2.36523,-1.34634,0.444913,-2.37977
838898350,1,-1.24244,0.358045,-2.14506,-1.26098,0.364411,-2.13152,-1.25343,0.385205,-2.13152,-1.235,0.378515,-2.14506,-1.36448,0.400021,-2.33546,-1.38465,0.406947,-2.32073,-1.37634,0.429831,-2.32073,-1.3563,0.422554,-2.33546
838898862,1,-1.24244,0.358045,-2.18821,-1.2611,0.364453,-2.17484,-1.25355,0.385247,-2.17484,-1.235,0.378515,-2.18821,-1.36286,0.399432,-2.37977,-1.38315,0.406402,-2.36523,-1.37484,0.429286,-2.36523,-1.35468,0.421964,-2.37977
838898863,1,-1.24716,0.336087,-2.18821,-1.26592,0.342167,-2.17484,-1.2591,0.363212,-2.17484,-1.24044,0.356804,-2.18821,-1.36827,0.37533,-2.37977,-1.38868,0.381943,-2.36523,-1.38118,0.405104,-2.36523,-1.36088,0.398135,-2.37977
838928902,1,1.28687,-0.11103,0.122801,1.28764,-0.111058,0.0992656,1.28843,-0.0892836,0.0992656,1.28765,-0.0892663,0.122801,1.51653,-0.119289,0.132267,1.51737,-0.119319,0.106832,1.5183,-0.0935333,0.106832,1.51746,-0.0935146,0.132267
838928390,1,1.28687,-0.11103,0.0988267,1.28745,-0.111051,0.075286,1.28823,-0.0892767,0.075286,1.28765,-0.0892663,0.0988267,1.5166,-0.119292,0.106402,1.51723,-0.119314,0.0809616,1.51816,-0.0935283,0.0809616,1.51753,-0.0935171,0.106402
838927878,1,1.28687,-0.11103,0.0748583,1.28726,-0.111044,0.0513136,1.28804,-0.0892697,0.0513136,1.28765,-0.0892663,0.0748583,1.51666,-0.119294,0.0805421,1.51708,-0.119309,0.0550975,1.518,-0.0935227,0.0550975,1.51758,-0.093519,0.0805421
838928903,1,1.28995,-0.0887579,0.122801,1.29072,-0.0887692,0.0992656,1.29074,-0.0669809,0.0992656,1.28997,-0.0669802,0.122801,1.51976,-0.0930042,0.132267,1.52059,-0.0930164,0.106832,1.52062,-0.0672139,0.106832,1.51978,-0.067213,0.132267
838928391,1,1.28995,-0.0887579,0.0988267,1.29053,-0.088769,0.075286,1.29055,-0.0669807,0.075286,1.28997,-0.0669802,0.0988267,1.51983,-0.0930043,0.106402,1.52045,-0.0930163,0.0809616,1.52048,-0.0672137,0.0809616,1.51985,-0.0672131,0.106402
838927879,1,1.28995,-0.0887579,0.0748583,1.29034,-0.0887688,0.0513136,1.29036,-0.0669805,0.0513136,1.28997,-0.0669802,0.0748583,1.51988,-0.0930043,0.0805421,1.5203,-0.0930161,0.0550975,1.52033,-0.0672135,0.0550975,1.51991,-0.0672131,0.0805421
838928904,1,1.28997,-0.0665617,0.122801,1.29074,-0.0665625,0.0992656,1.29077,-0.0447742,0.0992656,1.28999,-0.0447839,0.122801,1.51978,-0.0667946,0.132267,1.52062,-0.0667954,0.106833,1.52065,-0.0409929,0.106832,1.51981,-0.0410034,0.132267
838929416,1,1.28997,-0.0665615,0.14541,1.29088,-0.0665624,0.123253,1.2909,-0.0447449,0.123253,1.28999,-0.0447837,0.14541,1.51961,-0.0667942,0.158875,1.52069,-0.0667953,0.132711,1.52071,-0.0409862,0.132711,1.51964,-0.0410321,0.158875
838928392,1,1.28997,-0.0665617,0.0988267,1.29055,-0.0665623,0.075286,1.29057,-0.044774,0.075286,1.28999,-0.0447839,0.0988267,1.51985,-0.0667946,0.106402,1.52048,-0.0667953,0.0809616,1.52051,-0.0409927,0.0809616,1.51988,-0.0410034,0.106402
838927880,1,1.28997,-0.0665617,0.0748583,1.29036,-0.0665621,0.0513136,1.29038,-0.0447738,0.0513136,1.28999,-0.0447839,0.0748583,1.51991,-0.0667947,0.0805421,1.52033,-0.0667951,0.0550975,1.52035,-0.0409926,0.0550975,1.51993,-0.0410035,0.0805421
838929928,1,1.28997,-0.0665615,0.168009,1.29127,-0.0665628,0.145871,1.29129,-0.0447452,0.145871,1.28999,-0.0447837,0.168009,1.51934,-0.0667939,0.185468,1.52087,-0.0667955,0.159326,1.5209,-0.0409864,0.159326,1.51937,-0.0410318,0.185468
838928899,1,1.28064,-0.177503,0.122801,1.28141,-0.177569,0.0992656,1.28296,-0.155835,0.0992656,1.28219,-0.15578,0.122801,1.50959,-0.197782,0.132267,1.51043,-0.197853,0.106832,1.51226,-0.172115,0.106832,1.51142,-0.172055,0.132267
838928387,1,1.28064,-0.177503,0.0988267,1.28122,-0.177555,0.075286,1.28276,-0.155821,0.075286,1.28219,-0.15578,0.0988267,1.50966,-0.197787,0.106402,1.51029,-0.197843,0.0809616,1.51212,-0.172105,0.0809616,1.51149,-0.17206,0.106402
838927875,1,1.28064,-0.177503,0.0748583,1.28103,-0.177541,0.0513136,1.28257,-0.155808,0.0513136,1.28219,-0.15578,0.0748583,1.50972,-0.197791,0.0805421,1.51014,-0.197832,0.0550975,1.51196,-0.172094,0.0550975,1.51155,-0.172064,0.0805421
838928900,1,1.28221,-0.155363,0.122801,1.28299,-0.155418,0.0992656,1.28453,-0.133684,0.0992656,1.28376,-0.13364,0.122801,1.51145,-0.171638,0.132267,1.51229,-0.171697,0.106832,1.51411,-0.14596,0.106832,1.51328,-0.145912,0.132267
838928388,1,1.28221,-0.155363,0.0988267,1.28279,-0.155404,0.075286,1.28434,-0.13367,0.075286,1.28376,-0.13364,0.0988267,1.51152,-0.171643,0.106402,1.51215,-0.171688,0.0809616,1.51397,-0.14595,0.0809616,1.51335,-0.145917,0.106402
838927876,1,1.28221,-0.155363,0.0748583,1.2826,-0.15539,0.0513136,1.28414,-0.133657,0.0513136,1.28376,-0.13364,0.0748583,1.51158,-0.171647,0.0805421,1.51199,-0.171677,0.0550975,1.51382,-0.145939,0.0550975,1.5134,-0.14592,0.0805421
838928901,1,1.28607,-0.133212,0.122801,1.28684,-0.13325,0.0992656,1.28763,-0.111476,0.0992656,1.28685,-0.111448,0.122801,1.51559,-0.145482,0.132267,1.51643,-0.145523,0.106832,1.51735,-0.119737,0.106832,1.51652,-0.119707,0.132267
838928389,1,1.28607,-0.133212,0.0988267,1.28665,-0.133243,0.075286,1.28743,-0.111469,0.075286,1.28685,-0.111448,0.0988267,1.51566,-0.145484,0.106402,1.51629,-0.145518,0.0809616,1.51722,-0.119732,0.0809616,1.51659,-0.11971,0.106402
838927877,1,1.28607,-0.133212,0.0748583,1.28646,-0.133236,0.0513136,1.28724,-0.111462,0.0513136,1.28685,-0.111448,0.0748583,1.51572,-0.145486,0.0805421,1.51613,-0.145513,0.0550975,1.51706,-0.119727,0.0550975,1.51664,-0.119712,0.0805421
838862387,1,0.975397,0.846819,-0.0748583,0.975702,0.847058,-0.0513136,0.989129,0.829899,-0.0513135,0.988818,0.829668,-0.0748583,1.15648,0.988522,-0.0805421,1.15681,0.98878,-0.0550975,1.17271,0.968459,-0.0550975,1.17238,0.96821,-0.080542
838861875,1,0.975397,0.846819,-0.0508939,0.975549,0.846939,-0.0273468,0.988977,0.829779,-0.0273467,0.988818,0.829668,-0.0508939,1.15651,0.988546,-0.054686,1.15668,0.988675,-0.0292389,1.17258,0.968354,-0.0292388,1.17241,0.968234,-0.0546859
838862899,1,0.975397,0.846819,-0.0988267,0.975854,0.847177,-0.075286,0.989282,0.830018,-0.075286,0.988818,0.829668,-0.0988267,1.15644,0.988488,-0.106402,1.15693,0.988875,-0.0809616,1.17283,0.968555,-0.0809616,1.17233,0.968177,-0.106402
838863411,1,0.975397,0.846819,-0.122801,0.976007,0.847297,-0.0992657,0.989434,0.830137,-0.0992656,0.988818,0.829668,-0.122801,1.15638,0.988445,-0.132267,1.15704,0.988961,-0.106833,1.17294,0.96864,-0.106832,1.17228,0.968133,-0.132267
838861363,1,0.975397,0.846819,-0.026932,0.975397,0.846819,-0.00338407,0.988824,0.82966,-0.00338401,0.988818,0.829668,-0.0269319,1.15653,0.98856,-0.0288321,1.15653,0.98856,-0.00338408,1.17243,0.96824,-0.00338401,1.17242,0.968249,-0.028832
838862388,1,0.961718,0.864299,-0.0748583,0.962017,0.864547,-0.0513136,0.975444,0.847387,-0.0513136,0.975139,0.847149,-0.0748583,1.14033,1.00916,-0.0805421,1.14065,1.00943,-0.0550975,1.15655,0.989109,-0.0550975,1.15622,0.988851,-0.080542
838861876,1,0.961718,0.864299,-0.0508939,0.961864,0.864427,-0.0273468,0.975292,0.847268,-0.0273468,0.975139,0.847149,-0.0508939,1.14036,1.00919,-0.054686,1.14052,1.00932,-0.0292388,1.15642,0.989004,-0.0292388,1.15625,0.988875,-0.054686
838862900,1,0.961718,0.864299,-0.0988267,0.962169,0.864666,-0.075286,0.975597,0.847507,-0.075286,0.975139,0.847149,-0.0988267,1.14029,1.00913,-0.106402,1.14077,1.00953,-0.0809616,1.15668,0.989205,-0.0809616,1.15618,0.988818,-0.106402
838863412,1,0.961718,0.864299,-0.122801,0.962322,0.864785,-0.0992656,0.975749,0.847626,-0.0992657,0.975139,0.847149,-0.122801,1.14023,1.00909,-0.132267,1.14088,1.00961,-0.106832,1.15678,0.98929,-0.106833,1.15613,0.988774,-0.132267
838861364,1,0.961718,0.864299,-0.0269319,0.961712,0.864308,-0.00338403,0.975139,0.847149,-0.00338405,0.975139,0.847149,-0.026932,1.14038,1.0092,-0.028832,1.14037,1.00921,-0.00338403,1.15627,0.98889,-0.00338405,1.15627,0.98889,-0.0288321
838862389,1,0.945583,0.879958,-0.0748583,0.94588,0.880207,-0.0513136,0.959898,0.863528,-0.0513135,0.959595,0.863286,-0.0748583,1.12161,1.0279,-0.0805421,1.12193,1.02817,-0.0550975,1.13853,1.00842,-0.0550975,1.1382,1.00815,-0.080542
838861877,1,0.945583,0.879958,-0.050894,0.945731,0.880083,-0.0273468,0.95975,0.863403,-0.0273467,0.959595,0.863286,-0.0508938,1.12164,1.02792,-0.054686,1.1218,1.02806,-0.0292389,1.1384,1.00831,-0.0292388,1.13823,1.00818,-0.0546859
838862901,1,0.945583,0.879958,-0.0988267,0.946028,0.880332,-0.075286,0.960046,0.863652,-0.075286,0.959595,0.863286,-0.0988267,1.12157,1.02786,-0.106402,1.12205,1.02827,-0.0809616,1.13865,1.00851,-0.0809616,1.13816,1.00812,-0.106402
838863413,1,0.945583,0.879958,-0.122801,0.946176,0.880456,-0.0992656,0.960195,0.863777,-0.0992657,0.959595,0.863286,-0.122801,1.12151,1.02782,-0.132267,1.12215,1.02836,-0.106832,1.13875,1.0086,-0.106833,1.13811,1.00807,-0.132267
838861365,1,0.945583,0.879958,-0.026932,0.945583,0.879958,-0.00338406,0.959601,0.863278,-0.00338402,0.959595,0.863286,-0.0269319,1.12166,1.02794,-0.0288321,1.12166,1.02794,-0.00338407,1.13826,1.00819,-0.00338402,1.13825,1.00819,-0.028832
838862390,1,0.931302,0.89695,-0.0748583,0.931592,0.897207,-0.0513136,0.94561,0.880528,-0.0513136,0.945314,0.880278,-0.0748583,1.10474,1.04796,-0.0805421,1.10506,1.04824,-0.0550975,1.12166,1.02849,-0.0550975,1.12134,1.02822,-0.0805421
838861878,1,0.931302,0.89695,-0.0508939,0.931444,0.897083,-0.0273468,0.945462,0.880403,-0.0273468,0.945314,0.880278,-0.0508939,1.10477,1.04799,-0.054686,1.10493,1.04813,-0.0292388,1.12153,1.02838,-0.0292388,1.12137,1.02824,-0.054686
838862902,1,0.931302,0.89695,-0.0988267,0.93174,0.897332,-0.075286,0.945759,0.880652,-0.075286,0.945314,0.880278,-0.0988267,1.1047,1.04793,-0.106402,1.10518,1.04834,-0.0809616,1.12178,1.02859,-0.0809616,1.1213,1.02818,-0.106402
838863414,1,0.931302,0.89695,-0.122801,0.931888,0.897457,-0.0992656,0.945907,0.880777,-0.0992656,0.945314,0.880278,-0.122801,1.10465,1.04788,-0.132267,1.10528,1.04843,-0.106833,1.12188,1.02868,-0.106832,1.12124,1.02814,-0.132267
838861366,1,0.931302,0.89695,-0.0269319,0.931295,0.896958,-0.00338404,0.945314,0.880278,-0.00338404,0.945314,0.880278,-0.0269319,1.10479,1.048,-0.028832,1.10479,1.04801,-0.00338404,1.12139,1.02826,-0.00338404,1.12139,1.02826,-0.028832
838862391,1,0.91463,0.912036,-0.0748583,0.914918,0.912295,-0.0513136,0.92951,0.896115,-0.0513136,0.929215,0.895863,-0.0748583,1.08538,1.06603,-0.0805421,1.08569,1.06631,-0.0550975,1.10297,1.04715,-0.0550975,1.10265,1.04688,-0.0805421
838861879,1,0.91463,0.912036,-0.0508939,0.914774,0.912165,-0.0273468,0.929366,0.895985,-0.0273468,0.929215,0.895863,-0.0508939,1.08541,1.06606,-0.0546859,1.08557,1.0662,-0.0292388,1.10285,1.04704,-0.0292389,1.10268,1.04691,-0.054686
838862903,1,0.91463,0.912036,-0.0988267,0.915062,0.912425,-0.075286,0.929654,0.896245,-0.075286,0.929215,0.895863,-0.0988267,1.08534,1.066,-0.106402,1.08581,1.06642,-0.0809616,1.10309,1.04726,-0.0809616,1.10261,1.04684,-0.106402
838863415,1,0.91463,0.912036,-0.122801,0.915205,0.912554,-0.0992656,0.929798,0.896374,-0.0992657,0.929216,0.895863,-0.122801,1.08529,1.06595,-0.132267,1.08591,1.06651,-0.106832,1.10319,1.04735,-0.106833,1.10256,1.0468,-0.132267
838861367,1,0.91463,0.912036,-0.0269319,0.91463,0.912036,-0.00338404,0.929222,0.895856,-0.00338405,0.929215,0.895863,-0.0269319,1.08543,1.06608,-0.028832,1.08543,1.06608,-0.00338404,1.10271,1.04691,-0.00338405,1.1027,1.04692,-0.028832
838890133,1,-0.974655,0.847671,-1.52031,-0.986688,0.859274,-1.50416,-0.971365,0.875166,-1.50416,-0.959539,0.863348,-1.52031,-1.08838,0.957328,-1.68749,-1.10174,0.970216,-1.66955,-1.08455,0.988047,-1.66955,-1.07141,0.97492,-1.68749
838889621,1,-0.974655,0.847671,-1.48631,-0.986558,0.859148,-1.46997,-0.971234,0.87504,-1.46997,-0.959539,0.863348,-1.48631,-1.08971,0.958616,-1.65172,-1.10293,0.971365,-1.63357,-1.08574,0.989196,-1.63357,-1.07275,0.976208,-1.65172
838890645,1,-0.974655,0.847671,-1.55471,-0.986817,0.859399,-1.53874,-0.971494,0.87529,-1.53874,-0.959539,0.863348,-1.55471,-1.08703,0.956025,-1.72364,-1.10054,0.969052,-1.70591,-1.08334,0.986883,-1.70591,-1.07006,0.973617,-1.72364
838891157,1,-0.974655,0.847671,-1.58952,-0.986945,0.859522,-1.57374,-0.971621,0.875413,-1.57374,-0.959539,0.863348,-1.58952,-1.08566,0.954709,-1.76019,-1.09931,0.967873,-1.74266,-1.08212,0.985703,-1.74266,-1.0687,0.972301,-1.76019
838890134,1,-0.990075,0.83168,-1.52031,-1.00232,0.843068,-1.50416,-0.986992,0.85896,-1.50416,-0.974959,0.847357,-1.52031,-1.10564,0.939421,-1.68749,-1.11924,0.952071,-1.66955,-1.10205,0.969902,-1.66955,-1.08868,0.957013,-1.68749
838889622,1,-0.990075,0.83168,-1.48631,-1.00218,0.842942,-1.46997,-0.986861,0.858834,-1.46997,-0.974959,0.847357,-1.48631,-1.10698,0.94071,-1.65172,-1.12043,0.95322,-1.63357,-1.10324,0.97105,-1.63357,-1.09002,0.958302,-1.65172
838890646,1,-0.990075,0.83168,-1.55471,-1.00244,0.843192,-1.53874,-0.987121,0.859084,-1.53874,-0.974959,0.847357,-1.55471,-1.10429,0.938119,-1.72364,-1.11803,0.950907,-1.70591,-1.10084,0.968738,-1.70591,-1.08733,0.955711,-1.72364
838891158,1,-0.990075,0.83168,-1.58952,-1.00257,0.843315,-1.57374,-0.987248,0.859207,-1.57374,-0.974959,0.847357,-1.58952,-1.10293,0.936803,-1.76019,-1.11681,0.949728,-1.74266,-1.09962,0.967558,-1.74266,-1.08596,0.954395,-1.76019
