pt,eta,phi,charge,pos_x,pos_y,pos_z,particle_type,event_id
187.368,0.461175,1.7024,,0.000715703,0.000616198,-0.0596735,photon,1096322394
1.70265,1.78791,-0.057471,-1.0,,,,muon,1096322394
0.836632,1.98561,-1.10237,1.0,,,,muon,1096322394
2.93683,2.44375,0.786764,1.0,,,,muon,1096322394
1.46606,-2.06081,-1.5181,1.0,,,,muon,1096322394
1.21485,1.62184,-1.16316,1.0,,,,muon,1096322394
2.45112,1.374,-1.83491,1.0,0.000278448,0.00073248,0.0174499,electron,1096322990
19.8304,-1.69983,1.46083,-1.0,0.000771384,0.000614552,-0.132854,electron,1096322990
57.1562,-1.52889,-1.26924,,0.000740159,0.00065248,-0.132979,photon,1096322990
20.9846,-1.70625,1.48269,,0.000740159,0.00065248,-0.132979,photon,1096322990
4.0765,-1.37688,-1.19501,1.0,,,,muon,1096322990
0.870026,2.29651,-2.07221,-1.0,,,,muon,1096322990
4.26657,-1.47102,-1.20826,1.0,,,,muon,1096322990
4.2495,-1.35181,-1.22021,1.0,,,,muon,1096322990
44.5493,0.635943,-1.70516,,0.000714129,0.000611042,0.0447651,photon,1096324132
10.1001,0.365388,0.277702,,0.000714129,0.000611042,0.0447651,photon,1096324132
6.41878,-0.039172,2.48007,-1.0,,,,muon,1096324132
8.61583,1.67347,1.65094,1.0,0.000647925,0.000611957,0.0247106,electron,1096331606
12.8336,0.169536,-1.19088,,0.000705802,0.000642139,-0.0431561,photon,1096334507
25.5902,-0.835527,0.212134,-1.0,0.000988142,-0.000584822,-0.0536852,electron,1096341286
10.5185,1.60526,0.389584,1.0,0.000731077,0.000592885,0.0712594,electron,1096348642
2.90414,0.943378,2.52383,1.0,0.000776923,0.000699643,0.0712213,electron,1096348642
2.7057,0.718605,1.27947,1.0,0.00940723,-0.0019985,0.0723995,electron,1096348642
58.9789,1.15981,0.259093,,0.000723331,0.000617439,0.0711468,photon,1096348642
11.4704,2.56215,-1.99478,,0.000723331,0.000617439,0.0711468,photon,1096348642
1.15074,1.59569,0.457523,1.0,,,,muon,1096348642
1.63947,2.02055,-1.48006,-1.0,,,,muon,1096348642
3.57102,2.02216,-0.570196,1.0,,,,muon,1096348642
2.54079,2.12648,-0.662653,1.0,,,,muon,1096348642
14.6999,2.34704,-0.665426,1.0,,,,muon,1096348642
12.4534,-0.0792535,-1.74657,1.0,0.00078563,0.00060955,0.00115272,electron,1096349020
78.9902,0.0436056,-1.04597,,0.000712899,0.000620316,0.00194928,photon,1096349020
38.5906,0.83739,1.40825,,0.000681136,0.000644595,0.00147032,photon,1096352658
46.5767,2.35173,-3.05017,,0.000681136,0.000644595,0.00147032,photon,1096352658
27.6081,1.41134,-1.46295,-1.0,,,,muon,1096352658
3.82126,2.12579,-1.02904,-1.0,0.00068584,0.0006017,-0.0207113,electron,1096363822
26.9725,-0.13597,-1.30757,1.0,0.000741891,0.00062647,-0.0208033,electron,1096363822
30.0164,-0.53757,2.6943,-1.0,0.00072973,0.000637075,-0.0208102,electron,1096363822
3.38182,-0.66875,2.66222,-1.0,-0.00343079,-0.00766546,-0.0218871,electron,1096363822
36.8481,1.43218,-0.561066,,0.000723268,0.000613609,-0.020814,photon,1096363822
29.3939,-0.544502,2.76038,,0.000723268,0.000613609,-0.020814,photon,1096363822
29.1266,-0.655797,2.76889,,0.000723268,0.000613609,-0.020814,photon,1096363822
26.5515,-0.132858,-1.28076,,0.000723268,0.000613609,-0.020814,photon,1096363822
19.2237,-0.196588,-1.30982,,0.000723268,0.000613609,-0.020814,photon,1096363822
10.9123,0.288524,-1.3153,,0.000723268,0.000613609,-0.020814,photon,1096363822
6.18299,-1.75567,-1.7051,1.0,,,,muon,1096383998
1.25285,-2.02698,-1.76879,1.0,,,,muon,1096383998
4.98675,-1.79704,-1.55792,1.0,,,,muon,1096383998
18.7397,0.628457,2.09801,,0.000736301,0.000618369,0.0409849,photon,1096387771
4.0435,0.378571,2.83033,1.0,0.00106417,0.00168655,0.0271283,electron,1096391814
12.9487,0.531286,2.48562,,0.000731628,0.000610048,-0.00419989,photon,1096391814
10.1926,-1.72643,-1.74838,,0.000731628,0.000610048,-0.00419989,photon,1096391814
15.1042,-0.27396,0.628889,-1.0,0.000250305,0.00126549,-0.0197926,electron,1096394829
34.8154,-0.289916,0.646066,,0.000748383,0.000620005,-0.0196609,photon,1096394829
1.178,-2.23924,1.96719,-1.0,,,,muon,1096394829
12.619,0.00057156,3.0627,1.0,,,,muon,1096394829
25.2324,0.421271,-3.07062,1.0,0.000707546,0.00082748,-0.0548243,electron,1096407534
27.9733,-0.861945,-1.76969,,0.000721137,0.000614157,-0.0548284,photon,1096407534
26.3754,0.430407,-3.07121,,0.000721137,0.000614157,-0.0548284,photon,1096407534
19.3229,-1.68453,0.0554206,,0.000721137,0.000614157,-0.0548284,photon,1096407534
6.07823,-0.304977,1.85379,1.0,0.00060151,0.000584699,-0.00845224,electron,1096409638
50.3995,-1.85641,-2.73901,,0.000740846,0.000618827,-0.00847587,photon,1096409638
29.2811,2.26721,0.0847911,,0.000740846,0.000618827,-0.00847587,photon,1096409638
8.06379,-0.160412,1.97205,-1.0,,,,muon,1096409638
167.686,-0.955733,-2.90557,,0.000739376,0.000635665,0.0138995,photon,1096411390
4.20688,1.36598,-0.696688,1.0,0.000810754,0.00072738,0.0151416,electron,1096416174
9.24314,1.23532,-1.13188,1.0,,,,muon,1096416174
8.38092,1.44044,-1.19107,1.0,,,,muon,1096416174
0.863426,-2.26602,0.51101,1.0,,,,muon,1096423634
1.41404,-2.35447,-2.6135,-1.0,,,,muon,1096423634
0.788433,-1.97334,2.86289,-1.0,,,,muon,1096423634
38.4619,0.403388,1.26387,,0.00073134,0.000616069,-0.0627053,photon,1096438462
16.1742,0.890392,-1.61014,,0.00073134,0.000616069,-0.0627053,photon,1096438462
17.261,0.844555,-1.64634,,0.00073134,0.000616069,-0.0627053,photon,1096438462
36.4561,-1.09614,2.54448,-1.0,0.000704381,0.000592991,-0.00540249,electron,1096441666
51.8682,-1.11907,2.60252,,0.000757916,0.000614711,-0.00541788,photon,1096441666
20.8138,0.0951893,1.19818,,0.000719236,0.000609465,0.0375522,photon,1096445706
5.10372,-0.892311,-2.15649,-1.0,,,,muon,1096445706
12.9454,1.73606,-0.424497,,0.000715369,0.000631326,0.0106983,photon,1096452132
13.9104,1.85775,-0.402923,,0.000715369,0.000631326,0.0106983,photon,1096452132
10.1916,0.946838,-2.89166,-1.0,0.000712861,0.000649154,-0.00441383,electron,1096455614
9.98587,0.943351,-2.74026,,0.000746147,0.000618341,-0.00436113,photon,1096455614
88.0161,-0.10938,-2.34881,,0.000701431,0.000609586,-0.0274282,photon,119516329
21.9245,-1.42713,0.782554,,0.000701431,0.000609586,-0.0274282,photon,119516329
32.1013,-2.35464,-0.192364,,0.000701431,0.000609586,-0.0274282,photon,119516329
3.59422,-1.50157,0.785905,-1.0,,,,muon,119516329
10.5047,-0.203402,-2.33635,1.0,,,,muon,119516329
6.03755,-0.242959,-2.25802,1.0,,,,muon,119516329
3.65229,-1.39024,0.925831,-1.0,,,,muon,119516329
1.12867,-1.86235,2.17796,1.0,,,,muon,119516329
0.915234,-2.32535,1.78244,1.0,,,,muon,119516329
5.64562,2.34104,-1.38551,-1.0,0.00013206,0.000493626,0.00387134,electron,119560793
23.596,0.361259,0.0174413,1.0,,,,muon,119560793
4.76701,0.464854,-0.508454,1.0,,,,muon,119560793
1.85948,1.50121,2.25641,-1.0,,,,muon,119560793
4.91747,1.80106,2.69115,-1.0,,,,muon,119560793
2.46633,2.11592,-3.04794,1.0,,,,muon,119560793
5.29876,0.373611,-0.630944,-1.0,,,,muon,119560793
4.73621,0.28084,-0.0769599,-1.0,,,,muon,119560793
1.2884,2.07506,-2.56419,1.0,,,,muon,119560793
36.2035,-1.19391,-0.237083,1.0,0.000710886,0.00059693,0.0269722,electron,119639913
35.7259,-1.18506,-0.25338,,0.000697714,0.000601399,0.0270038,photon,119639913
12.2495,-0.495693,2.8375,,0.000697714,0.000601399,0.0270038,photon,119639913
9.32803,-0.136085,2.7852,-1.0,,,,muon,119639913
16.9628,-0.237953,2.80904,1.0,,,,muon,119639913
19.6912,-0.11237,2.79355,1.0,,,,muon,119639913
1.56563,-2.06893,3.13317,1.0,,,,muon,119639913
2.44207,-1.83652,2.21525,-1.0,,,,muon,119639913
0.835856,-2.18048,0.429052,-1.0,,,,muon,119639913
1.65398,-2.05865,-3.07694,1.0,,,,muon,119639913
1.81684,-1.302,0.793063,-1.0,,,,muon,119646793
28.8421,-0.12097,-2.90561,1.0,,,,muon,119646793
0.77702,-2.08312,-1.29937,-1.0,,,,muon,119646793
1.03153,-1.65,0.275048,-1.0,,,,muon,119646793
1.2001,1.9875,1.94909,-1.0,,,,muon,119646793
1.05122,-2.22668,2.39381,1.0,,,,muon,119646793
7.07537,-1.76383,0.00891501,1.0,,,,muon,119646793
12.3035,-0.162624,-3.0517,-1.0,,,,muon,119646793
1.56156,-1.78708,0.441196,1.0,,,,muon,119646793
1.08215,-1.57832,-1.37455,-1.0,,,,muon,119646793
2.49388,1.86709,-1.35064,1.0,,,,muon,119646793
1.76255,-2.08804,1.403,-1.0,,,,muon,119646793
2.59216,-1.90207,1.37727,-1.0,,,,muon,119646793
1.27811,-2.16203,1.21683,-1.0,,,,muon,119646793
1.20218,2.39091,2.33369,-1.0,,,,muon,119646793
1.49279,2.35523,-2.49963,-1.0,,,,muon,119646793
2.03032,-1.91502,0.214165,1.0,,,,muon,119646793
0.923488,-2.21552,1.00444,-1.0,,,,muon,119646793
26.9946,-0.323776,-2.90483,1.0,,,,muon,119646793
1.93808,-1.45769,0.634084,1.0,,,,muon,119646793
1.94062,-1.47742,0.584895,1.0,,,,muon,119646793
11.6255,-1.48865,1.77577,1.0,,,,muon,119646793
4.46306,-1.2389,-0.367009,-1.0,,,,muon,119659321
18.1253,-1.51091,-0.29803,1.0,,,,muon,119659321
11.9388,-0.396583,-2.91338,-1.0,,,,muon,119671113
25.6068,-0.530899,0.0578919,1.0,,,,muon,119671113
1.22089,1.72512,2.13908,1.0,,,,muon,119671113
1.44858,2.15197,1.7111,1.0,,,,muon,119671113
0.887797,2.33716,2.05115,1.0,,,,muon,119671113
1.52217,-1.3625,2.2674,1.0,,,,muon,119671113
1.62099,1.81063,1.99674,-1.0,,,,muon,119671113
10.9304,-1.18736,2.11844,,0.000716143,0.000601436,0.0239597,photon,119672497
9.8888,2.24745,-1.10873,1.0,,,,muon,119672497
1.099,1.75337,-0.17302,1.0,,,,muon,119672497
1.0104,2.21504,-1.14405,-1.0,,,,muon,119672497
0.855178,-1.896,1.01555,1.0,,,,muon,119672497
2.56843,1.73923,-1.43285,-1.0,,,,muon,119672497
0.829859,-2.0029,0.988535,1.0,,,,muon,119672497
2.74151,-1.10489,-1.21479,-1.0,0.00154261,0.000825441,0.000928055,electron,119679017
28.5454,-1.21204,-2.24811,1.0,,,,muon,119679017
34.1948,0.721753,0.956844,-1.0,,,,muon,119679017
1.48045,-2.14644,2.54588,-1.0,,,,muon,119679993
3.95591,-1.67123,1.50387,1.0,,,,muon,119679993
1.24807,-2.03002,1.50494,1.0,,,,muon,119679993
1.59411,-1.36626,2.27587,1.0,,,,muon,119679993
0.958759,-2.16811,2.10635,1.0,,,,muon,119679993
1.94162,-1.29562,-0.299755,-1.0,,,,muon,119679993
1.00088,-2.14918,2.36636,-1.0,,,,muon,119679993
1.90709,-2.20048,2.30242,-1.0,,,,muon,119679993
1.0646,-2.04437,1.43046,1.0,,,,muon,119679993
1.67509,-1.62296,1.51502,1.0,,,,muon,119679993
1.27615,-2.20737,-2.62102,1.0,,,,muon,119679993
1.6698,-2.3381,-2.42279,1.0,,,,muon,119679993
2.22674,-0.114121,-1.50427,1.0,0.000687901,0.000601177,-0.0043368,electron,119696345
8.54847,-1.269,-0.0102715,-1.0,,,,muon,119696345
3.37636,-0.883103,2.61692,-1.0,,,,muon,119696345
8.07034,-0.634763,2.55342,1.0,,,,muon,119696345
3.2523,-1.17118,1.02288,1.0,,,,muon,119696345
1.22707,1.57278,1.29881,-1.0,,,,muon,119696345
1.24178,1.46939,1.30654,-1.0,,,,muon,119696345
1.27774,1.55013,1.30441,-1.0,,,,muon,119696345
7.14848,0.112243,0.175031,-1.0,0.000690648,0.000720764,-0.0277638,electron,119789737
5.53863,0.103286,0.187049,1.0,0.000688744,0.00072305,-0.0279088,electron,119789737
13.6657,0.0798283,0.255431,,0.000711164,0.000600407,-0.0275637,photon,119789737
10.6781,1.46558,-2.81462,1.0,,,,muon,119789737
12.2554,0.0562893,0.109561,-1.0,,,,muon,119789737
1.06397,2.06387,1.40331,1.0,,,,muon,119789737
0.852806,2.36054,-3.06624,1.0,,,,muon,119789737
0.772245,2.12097,1.50645,1.0,,,,muon,119789737
1.4377,1.61881,1.46721,1.0,,,,muon,119789737
6.46016,1.54434,-3.0726,-1.0,,,,muon,119825913
13.746,1.09198,0.121787,-1.0,,,,muon,119825913
3.45749,-0.141176,1.23911,-1.0,,,,muon,119825913
12.3018,-1.62312,2.61934,-1.0,,,,muon,119833617
2.85912,-1.27276,3.00138,1.0,,,,muon,119833617
0.988009,-2.0834,1.85796,-1.0,,,,muon,119833617
31.2702,1.84563,-0.785357,1.0,,,,muon,119894081
1.51322,1.37295,-2.02455,-1.0,,,,muon,119894081
10.6446,1.86497,-0.959995,-1.0,,,,muon,119894081
1.00386,1.87465,0.300078,-1.0,,,,muon,119894081
2.75275,1.90597,1.73049,1.0,,,,muon,119894081
2.73264,1.98811,1.7805,1.0,,,,muon,119894081
1.99249,2.40838,-1.08027,-1.0,,,,muon,119894081
2.606,1.30488,0.439082,1.0,,,,muon,119918625
1.62851,1.94598,0.676053,-1.0,,,,muon,119918625
0.952592,2.25831,2.11182,1.0,,,,muon,119918625
14.897,2.39762,2.80093,,0.00072269,0.000597528,-0.03068,photon,119978633
9.02723,2.34234,-1.49358,-1.0,,,,muon,119978633
1.65504,2.09064,-1.89366,-1.0,,,,muon,119978633
19.7787,-0.191978,-2.05877,-1.0,0.000651283,0.000634347,0.024878,electron,119986753
109.15,0.502158,1.00662,,0.000715501,0.000612989,0.0248592,photon,119986753
24.015,-0.264474,-2.05665,,0.000715501,0.000612989,0.0248592,photon,119986753
19.3818,-0.195843,-2.03221,,0.000715501,0.000612989,0.0248592,photon,119986753
28.7058,0.435156,1.00219,-1.0,,,,muon,119986753
11.0019,-0.290549,-2.02741,1.0,,,,muon,119986753
8.15153,0.202059,-2.4313,-1.0,,,,muon,119986753
1.26903,-1.71534,0.777875,1.0,,,,muon,119986753
1.06019,-2.19715,0.381708,1.0,,,,muon,119986753
34.7086,0.520044,1.0052,-1.0,,,,muon,119986753
1.06261,-2.19589,0.393974,1.0,,,,muon,119986753
1.26001,-2.28308,1.1469,-1.0,,,,muon,120059985
1.97251,2.27245,-1.83177,1.0,,,,muon,120059985
1.97548,1.67289,-1.96244,-1.0,,,,muon,120059985
1.57343,1.48108,-0.139853,1.0,,,,muon,120059985
1.90537,2.25714,-2.77353,-1.0,,,,muon,120059985
2.74402,2.05292,-2.36472,-1.0,,,,muon,120059985
2.34057,2.20122,-1.786,1.0,,,,muon,120059985
1.55218,-2.24951,2.3436,1.0,,,,muon,120059985
0.94283,2.02048,-0.288688,1.0,,,,muon,120059985
1.61549,-1.96307,0.922459,-1.0,,,,muon,120059985
19.0533,-1.12134,-2.47025,1.0,,,,muon,120111969
18.2935,1.89541,-0.025462,-1.0,,,,muon,120111969
1.48292,1.54922,-0.984138,-1.0,,,,muon,120111969
18.0983,1.23785,1.42813,1.0,,,,muon,120114689
3.41081,1.09965,1.37436,-1.0,,,,muon,120114689
2.24962,-2.0628,-1.33338,1.0,,,,muon,120122273
8.73162,-1.50048,-2.35284,1.0,,,,muon,120122273
2.30358,-2.29931,-1.95952,-1.0,,,,muon,120122273
1.47425,2.16122,2.15669,-1.0,,,,muon,120122273
2.19094,-1.58593,0.79189,-1.0,,,,muon,120141593
8.96986,-1.22608,-1.43178,1.0,,,,muon,120141593
0.731574,-2.17645,0.29252,-1.0,,,,muon,120141593
2.23956,-1.58399,0.801419,-1.0,,,,muon,120141593
8.56089,-2.25046,2.11001,-1.0,,,,muon,120190849
16.3885,-0.698751,-1.6886,1.0,,,,muon,120190849
1.35791,-1.75708,1.1796,-1.0,,,,muon,120190849
1.48685,-1.51194,1.25214,-1.0,,,,muon,120190849
1.04242,-2.32205,1.43481,-1.0,,,,muon,120190849
2.64418,-1.88597,1.95067,-1.0,,,,muon,120190849
1.12966,-1.69941,1.09339,-1.0,,,,muon,120190849
0.973167,1.69945,-0.68444,-1.0,,,,muon,120190849
0.708701,-2.08419,1.06799,-1.0,,,,muon,120190849
0.896742,-1.80551,-0.0312235,-1.0,,,,muon,120190849
1.53641,-1.63141,1.30186,-1.0,,,,muon,120190849
1.64048,-1.4585,1.28417,-1.0,,,,muon,120190849
14.268,0.915387,-2.49775,,0.000720438,0.000604999,0.0219522,photon,120221473
5.48606,0.0369693,-1.36881,-1.0,,,,muon,120221473
12.0549,-0.20481,0.710665,1.0,,,,muon,120221473
3.43516,1.01894,-1.93337,1.0,-0.00439019,0.00246501,-0.0638839,electron,120234945
4.8888,-0.278077,-2.19331,1.0,,,,muon,120234945
13.0616,1.09006,-1.94493,1.0,,,,muon,120234945
5.62943,1.02929,1.19849,-1.0,,,,muon,120234945
1.09741,1.63359,-2.98011,1.0,,,,muon,120234945
1.07503,-1.6739,-1.69553,1.0,,,,muon,120234945
2.06272,-0.233066,-0.154099,-1.0,0.0007022,0.000569556,0.0399465,electron,1203594102
2.65992,2.00597,-2.18704,1.0,-0.0105003,0.00913216,-0.0599866,electron,1203594102
27.8533,-1.33245,1.91092,-1.0,,,,muon,1203594102
40.1528,-0.145654,-2.12755,-1.0,,,,muon,1203594102
20.7744,-0.766276,0.428855,1.0,,,,muon,1203594102
15.0707,0.574814,1.5969,1.0,,,,muon,1203594102
24.3724,-0.133998,-2.07008,-1.0,0.00074378,0.000621331,-0.0472878,electron,1357605031
70.1303,-0.89398,1.98766,1.0,0.000731017,0.000647063,-0.0473625,electron,1357605031
22.4844,1.42129,-1.87142,1.0,0.000636288,0.000649523,-0.0473871,electron,1357605031
5.83956,0.44583,1.57602,-1.0,-0.0109161,0.000507036,-0.0466046,electron,1357605031
69.553,-0.892012,1.97903,,0.000739621,0.000639016,-0.0473004,photon,1357605031
27.52,0.386181,1.77246,,0.000739621,0.000639016,-0.0473004,photon,1357605031
23.9664,-0.134851,-2.04755,,0.000739621,0.000639016,-0.0473004,photon,1357605031
31.2021,-2.48239,-0.324273,,0.000739621,0.000639016,-0.0473004,photon,1357605031
22.7815,0.325762,-2.7496,1.0,,,,muon,1357605031
13.2045,-0.122117,-2.02962,-1.0,,,,muon,1357605031
21.2109,0.0214819,-1.23997,1.0,0.000737036,0.000628603,0.0333445,electron,137440354
10.3451,-0.353882,2.4158,-1.0,0.000751042,0.000654058,0.0333482,electron,137440354
21.3275,0.022772,-1.27662,,0.000727457,0.000624032,0.0333431,photon,137440354
10.6521,-0.353804,2.49781,,0.000727457,0.000624032,0.0333431,photon,137440354
23.8616,-2.02068,-1.20971,-1.0,,,,muon,137440354
43.3751,-0.852283,1.82177,1.0,,,,muon,137440354
1.23013,-2.22911,-2.09664,-1.0,,,,muon,137440354
1.2792,-2.24917,-2.09916,-1.0,,,,muon,137440354
1.38801,-2.23257,-2.09623,-1.0,,,,muon,137440354
1.33229,-2.12031,-1.91088,-1.0,,,,muon,137440354
9.16553,2.20045,1.35136,1.0,,,,muon,1430970868
63.0047,1.35909,-2.5838,-1.0,,,,muon,1430970868
21.9699,1.09564,-0.0331843,-1.0,,,,muon,1430970868
23.4292,1.01621,0.861213,1.0,,,,muon,1430970868
4.91363,-2.13683,3.04243,-1.0,,,,muon,1430970868
0.901264,-2.33632,2.40661,-1.0,,,,muon,1430970868
18.2359,0.778733,1.72011,1.0,0.000659596,0.000599902,-0.0605195,electron,153791279
24.5158,-0.405374,2.84684,-1.0,0.000797375,0.000893662,-0.0605931,electron,153791279
24.0741,-0.40778,2.86307,,0.000691406,0.000624151,-0.0605083,photon,153791279
17.8757,0.779966,1.68,,0.000691406,0.000624151,-0.0605083,photon,153791279
30.9477,-1.92709,-0.497478,,0.000691406,0.000624151,-0.0605083,photon,153791279
13.6129,1.60484,0.548065,-1.0,,,,muon,153791279
78.1523,-0.370832,2.26347,1.0,,,,muon,153791279
1.36994,-1.85739,-2.31494,-1.0,,,,muon,153791279
0.996279,-2.19357,-0.842958,1.0,,,,muon,153791279
14.036,0.129948,-0.649243,-1.0,0.000719055,0.000619555,-0.0126083,electron,1605749984
8.11384,2.23705,2.528,1.0,0.000595645,0.000446697,-0.011668,electron,1605749984
13.7465,0.129666,-0.589884,,0.000686927,0.000610587,-0.0124654,photon,1605749984
47.0142,1.78576,2.02133,-1.0,,,,muon,1605749984
15.547,-0.47456,-0.933628,1.0,,,,muon,1605749984
1.36366,2.23731,2.67103,1.0,,,,muon,1605749984
83.9855,0.698625,0.834871,,0.000720827,0.000610041,-0.0153337,photon,200472330
1.33077,2.17571,-1.8619,1.0,,,,muon,200472330
186.896,-0.649623,-2.12719,,0.00071388,0.000606578,0.0201714,photon,200483690
13.9713,-0.688359,-2.09863,-1.0,,,,muon,200483690
51.4639,-0.669196,-2.09921,-1.0,,,,muon,200483690
16.7041,-0.650233,-2.11005,-1.0,,,,muon,200483690
37.8384,1.03277,-2.37962,1.0,0.000700143,0.000623421,0.0956224,electron,200621946
25.4241,-1.28372,0.0836704,1.0,0.000704042,0.000631243,0.0956329,electron,200621946
51.2648,1.6956,0.637463,-1.0,0.000641722,0.000698515,0.0958331,electron,200621946
132.016,-0.545037,0.910257,,0.000693995,0.000618505,0.0956977,photon,200621946
24.976,-1.27847,0.0697217,,0.000693995,0.000618505,0.0956977,photon,200621946
50.5605,1.68336,0.629755,,0.000693995,0.000618505,0.0956977,photon,200621946
1.14129,-1.87752,1.23764,-1.0,,,,muon,200621946
2.27648,-0.601889,-2.2423,-1.0,0.000671958,0.000644244,0.0136706,electron,200766002
4.10975,-2.3067,0.0127,-1.0,0.000705951,0.000681138,-0.0821086,electron,200766002
5.72275,2.46907,0.403995,1.0,0.000723338,0.00193928,-0.258099,electron,200798394
28.6143,1.97259,-1.24109,,0.000692772,0.000622869,0.00530943,photon,200798394
1.68974,1.92214,2.44315,-1.0,,,,muon,200798394
57.5255,-1.70854,-1.45652,-1.0,0.000661288,0.000610855,0.0830497,electron,200814330
172.585,0.818691,1.58753,,0.000706303,0.00060264,0.0832003,photon,200814330
121.481,-1.70681,-1.52035,,0.000706303,0.00060264,0.0832003,photon,200814330
61.6304,-2.35293,-1.80126,,0.000706303,0.00060264,0.0832003,photon,200814330
7.24559,-0.360067,0.317431,1.0,0.000695309,0.000646999,-0.0103534,electron,200821634
215.194,0.17685,-0.13894,,0.00072512,0.000626248,0.00615609,photon,200821634
29.5038,-1.24144,2.60283,,0.00072512,0.000626248,0.00615609,photon,200821634
21.571,-2.23888,-2.83591,,0.00072512,0.000626248,0.00615609,photon,200821634
1.17674,-1.96458,-0.299178,1.0,,,,muon,200821634
6.37957,-2.26656,-2.92648,1.0,,,,muon,200821634
2.7691,-2.2578,-1.3484,-1.0,,,,muon,200821634
14.5351,-2.24855,-2.80631,1.0,,,,muon,200821634
3.42963,-1.68543,-2.64622,1.0,,,,muon,200821634
5.68613,-0.320846,-0.462161,1.0,0.000676887,0.000557878,-0.0186329,electron,200887394
10.1604,-1.55271,-0.268156,-1.0,0.00319997,0.0118853,0.0330583,electron,200887394
148.345,-1.00043,2.87297,,0.000680554,0.000620952,-0.0215827,photon,200887394
36.0552,-0.7452,-0.201456,,0.000680554,0.000620952,-0.0215827,photon,200887394
9.34779,-1.53629,-0.135145,,0.000680554,0.000620952,-0.0215827,photon,200887394
1.86905,-1.53325,-2.19897,1.0,,,,muon,200887394
0.93908,-2.21117,-2.21271,1.0,,,,muon,200887394
1.77779,-2.31632,-1.39031,-1.0,,,,muon,200887394
1.49157,-2.15737,2.93693,-1.0,,,,muon,200887394
0.900227,-2.18783,2.63968,-1.0,,,,muon,200887394
2.57241,-1.04048,2.37576,-1.0,,,,muon,200887394
180.659,-1.38949,0.382302,,0.000676922,0.000609624,-0.026254,photon,200903346
160.531,-1.25777,0.559245,1.0,0.000720662,0.000592475,0.0305839,electron,201058426
156.635,-1.27158,0.55026,,0.000721265,0.000615014,0.0306408,photon,201058426
8.60196,-1.21775,-2.82491,1.0,,,,muon,201058426
1.0698,-2.06097,-1.53395,-1.0,,,,muon,201058426
1.56216,-2.19882,-1.20544,-1.0,,,,muon,201058426
1.22122,-1.73751,0.228194,1.0,,,,muon,201058426
6.72459,-1.28356,-2.9394,-1.0,0.000702946,0.000593632,-0.0133289,electron,201144370
128.68,0.226469,-0.312514,,0.000706354,0.000611738,-0.0135542,photon,201144370
21.4891,0.0492342,0.249118,,0.000706354,0.000611738,-0.0135542,photon,201144370
3.38048,-0.622788,-2.99687,1.0,,,,muon,201144370
11.0444,-0.617956,2.95214,1.0,,,,muon,201144370
154.973,1.23518,2.63982,,0.000705745,0.000610144,0.00494239,photon,201150938
23.3898,-0.436075,2.88548,,0.000705745,0.000610144,0.00494239,photon,201150938
12.3815,-0.11663,-0.290934,1.0,,,,muon,201150938
0.834558,2.21093,-2.58671,-1.0,,,,muon,201150938
1.17518,2.02097,-2.48005,-1.0,,,,muon,201150938
5.4913,1.06545,2.72808,1.0,,,,muon,201150938
24.0593,1.13161,2.65069,1.0,,,,muon,201150938
214.379,0.669589,-2.6768,,0.000688285,0.000618424,-0.080528,photon,201197346
116.004,0.470117,0.498331,,0.000688285,0.000618424,-0.080528,photon,201197346
10.6489,0.490551,-2.65543,,0.000688285,0.000618424,-0.080528,photon,201197346
16.6992,1.96159,2.47684,,0.000688285,0.000618424,-0.080528,photon,201197346
4.49638,0.771231,-3.12458,1.0,,,,muon,201197346
3.37315,0.402057,0.435036,-1.0,0.000957766,7.91302e-05,-0.0147962,electron,201269770
3.86625,-1.60079,-0.0940295,1.0,0.000679469,0.000341065,9.4948e-05,electron,201269770
10.9754,1.94619,2.10339,-1.0,0.0013221,0.000980376,-0.0662202,electron,201269770
17.6273,0.784103,0.873317,,0.000710912,0.000616211,0.0153885,photon,201269770
1.19974,2.31255,-2.73657,-1.0,,,,muon,201269770
12.768,-0.256074,2.06368,1.0,,,,muon,201269770
1.05744,1.74789,-1.85479,-1.0,,,,muon,201269770
3.56398,-0.325312,-1.58289,-1.0,,,,muon,201269770
1.05173,1.74694,-1.38418,1.0,,,,muon,201269770
9.12785,-0.301992,2.17398,1.0,,,,muon,201269770
1.33348,2.13406,-3.12563,-1.0,,,,muon,201269770
1.13747,2.31508,-1.93042,1.0,,,,muon,201269770
0.880646,2.09054,-1.70934,-1.0,,,,muon,201269770
1.78957,1.97262,-2.96788,-1.0,,,,muon,201269770
0.782193,2.22064,3.02824,-1.0,,,,muon,201269770
0.862148,2.13774,2.94472,-1.0,,,,muon,201269770
1.8977,2.24222,2.95928,-1.0,,,,muon,201269770
1.47079,1.38461,0.251938,1.0,,,,muon,201269770
106.259,-0.236188,-0.469728,,0.000696102,0.000632844,0.0156772,photon,201331530
56.017,-1.07756,2.90161,,0.000696102,0.000632844,0.0156772,photon,201331530
23.2895,1.59732,-0.0631945,1.0,0.00021903,-0.00746861,-0.0186652,electron,201464114
21.9137,1.60941,-0.0923755,,0.000680349,0.000609775,-0.0221673,photon,201464114
21.9794,-0.208074,2.74867,1.0,,,,muon,201464114
28.8295,-0.193355,2.74526,-1.0,,,,muon,201464114
44.4453,-0.0993896,0.751288,,0.000687216,0.00061815,0.007001,photon,201466418
1.44832,-1.84648,2.8293,-1.0,,,,muon,201466418
0.911836,-1.85837,2.94967,1.0,,,,muon,201466418
2.15002,1.83846,2.97666,-1.0,,,,muon,201466418
5.49653,2.04573,-2.93739,-1.0,,,,muon,201466418
5.41426,2.11461,-2.89412,-1.0,,,,muon,201466418
15.5726,1.95324,-2.8239,1.0,,,,muon,201466418
0.814117,-1.91927,2.26315,-1.0,,,,muon,201466418
0.781818,-1.99108,3.02551,1.0,,,,muon,201466418
1.43046,-2.12434,2.3908,1.0,,,,muon,201466418
1.63519,2.23978,-2.32721,1.0,,,,muon,201466418
20.7818,1.8797,-2.79021,1.0,,,,muon,201466418
0.816791,-2.22878,2.50619,-1.0,,,,muon,201466418
20.9414,-1.94604,-0.971711,1.0,,,,muon,201585786
1.78766,-1.86579,-1.62293,-1.0,,,,muon,201585786
0.9159,-1.89822,0.037461,1.0,,,,muon,201585786
1.06441,-1.70154,0.553741,-1.0,,,,muon,201585786
4.414,-1.04728,2.83438,-1.0,0.000711642,0.000628916,-0.00627411,electron,201619922
231.718,-0.31063,-0.239429,,0.000720771,0.000614864,-0.00628494,photon,201619922
131.471,0.104789,2.69565,,0.000720771,0.000614864,-0.00628494,photon,201619922
8.4604,-0.903545,-1.87934,-1.0,,,,muon,201619922
1.90843,-1.88964,-2.90054,1.0,,,,muon,201619922
0.777568,-2.06811,-2.17884,1.0,,,,muon,201619922
2.30783,-2.23493,2.71472,-1.0,,,,muon,201619922
16.251,0.585084,-0.6678,-1.0,0.000726809,0.000642887,-0.00879469,electron,201633562
15.9253,0.582202,-0.689885,,0.000723111,0.000620505,-0.00878506,photon,201633562
13.2785,0.689582,-0.724394,,0.000723111,0.000620505,-0.00878506,photon,201633562
3.82038,2.28364,0.874372,-1.0,,,,muon,201633562
1.09326,-2.30026,2.45335,-1.0,,,,muon,201633562
0.827928,2.15464,0.0802362,-1.0,,,,muon,201633562
1.10648,-1.99279,2.54823,-1.0,,,,muon,201633562
133.824,0.878144,0.659412,,0.000701165,0.000616427,0.0114114,photon,201685234
5.06645,1.3671,-2.57568,-1.0,,,,muon,201685234
2.27337,1.18268,-2.50443,-1.0,,,,muon,201685234
10.081,1.23663,-2.4443,-1.0,,,,muon,201685234
1.10462,1.62972,-0.333992,1.0,,,,muon,201685234
0.731956,2.23013,-2.65056,-1.0,,,,muon,201685234
0.871345,2.19449,-2.35002,-1.0,,,,muon,201685234
1.4528,2.1511,-2.27869,-1.0,,,,muon,201685234
1.32179,2.00763,-0.883393,1.0,,,,muon,201685234
0.819761,2.01872,-0.540594,1.0,,,,muon,201685234
1.31997,-2.04634,0.800394,1.0,,,,muon,201685234
1.1204,2.44785,-2.34271,-1.0,,,,muon,201685234
1.97931,2.37092,-2.13078,-1.0,,,,muon,201685234
76.7965,-2.44768,-2.02486,,0.000691433,0.000623802,0.00957464,photon,201723338
30.3485,-2.59415,-2.37618,,0.000691433,0.000623802,0.00957464,photon,201723338
1.22281,1.60984,2.93615,-1.0,,,,muon,201723338
5.44107,-2.42528,-1.98792,-1.0,,,,muon,201723338
10.1682,-2.45128,-1.96802,-1.0,,,,muon,201723338
5.8014,-2.41905,-1.96117,-1.0,,,,muon,201723338
0.868068,-1.97383,2.82725,-1.0,,,,muon,201723338
12.4221,-2.45018,-2.00202,-1.0,,,,muon,201723338
1.76227,-2.40151,-1.72162,1.0,,,,muon,201723338
1.13593,-1.90855,3.07254,-1.0,,,,muon,201723338
0.976206,1.92406,-1.23035,1.0,,,,muon,201723338
1.83399,-2.39369,-2.56306,-1.0,,,,muon,201723338
1.76409,-2.3487,-1.95878,1.0,,,,muon,201723338
3.20614,-2.16447,-2.15889,-1.0,,,,muon,201723338
1.17987,-2.23184,-1.77246,1.0,,,,muon,201723338
1.76574,-2.40778,-1.83425,1.0,,,,muon,201723338
108.282,-0.434064,0.892324,,0.000705998,0.000595098,-0.0207073,photon,201781434
19.0733,-0.30726,-2.82575,1.0,0.000731641,0.000591927,0.0654832,electron,27000461
9.63023,-2.26106,1.31305,-1.0,0.000768703,0.000592815,0.0654059,electron,27000461
17.8776,-0.308032,-2.82352,,0.000735085,0.000617265,0.0654543,photon,27000461
37.742,-0.403333,-1.42084,1.0,,,,muon,27000461
36.5514,-0.338273,0.875753,-1.0,,,,muon,27000461
37.2752,0.312086,-0.738311,,0.00070572,0.000610879,-0.0616836,photon,272621358
30.0835,-1.37033,1.9587,,0.00070572,0.000610879,-0.0616836,photon,272621358
13.1097,-1.31455,1.95949,,0.00070572,0.000610879,-0.0616836,photon,272621358
2.74298,-1.98662,-1.77508,-1.0,0.000942602,0.00059306,0.0792237,electron,272696318
56.1112,-0.92399,2.69001,,0.000754373,0.000593794,0.077768,photon,272696318
38.19,1.05488,-0.618561,,0.000754373,0.000593794,0.077768,photon,272696318
14.6272,2.54706,-1.82875,,0.000754373,0.000593794,0.077768,photon,272696318
0.815649,2.12768,-2.30291,-1.0,,,,muon,272696318
1.13324,2.10294,-1.8934,-1.0,,,,muon,272696318
1.07314,2.30007,-0.503305,1.0,,,,muon,272696318
1.47235,1.52991,-0.225804,1.0,,,,muon,272696318
1.0597,1.98532,-1.96052,-1.0,,,,muon,272696318
34.6685,1.46409,-1.19172,,0.000726319,0.000623038,0.015756,photon,272716662
10.0463,1.38311,-1.19962,,0.000726319,0.000623038,0.015756,photon,272716662
63.2882,-1.22354,2.62184,1.0,0.00072435,0.000608978,-0.0319251,electron,272720518
61.6424,-1.23691,2.64486,,0.000741774,0.000614135,-0.0318958,photon,272720518
29.3674,-0.449982,-1.9999,,0.000738254,0.000617433,0.0155553,photon,272735518
13.2232,-0.516606,-2.06691,,0.000738254,0.000617433,0.0155553,photon,272735518
1.17603,2.31601,-2.04503,-1.0,,,,muon,272735518
1.07913,-2.064,-2.38502,1.0,,,,muon,272735518
1.29825,2.14952,-2.0797,-1.0,,,,muon,272735518
9.93392,-1.30926,-0.690064,,0.000735218,0.000589813,0.0417092,photon,272744622
54.8285,-1.05321,0.690806,-1.0,0.000765241,0.000560974,0.0952098,electron,272801966
54.9195,-1.03534,0.687792,,0.000742235,0.000594516,0.0952953,photon,272801966
7.49092,0.0235597,-2.0844,-1.0,0.000663501,0.000643637,0.124439,electron,272823854
19.2814,-0.852566,-0.565615,,0.000703874,0.000609774,-0.0865634,photon,272976462
1.43274,2.18563,-1.90976,-1.0,,,,muon,272976462
0.997935,2.42404,2.95275,-1.0,,,,muon,272976462
3.2938,2.34183,-2.58993,1.0,,,,muon,272976462
34.4153,-0.748183,2.49698,1.0,0.000694601,0.000568733,-0.032292,electron,273025542
31.4592,1.64987,-1.67486,-1.0,0.000696101,0.000615713,-0.0323717,electron,273025542
33.864,-0.747475,2.53881,,0.000702242,0.000611749,-0.0323211,photon,273025542
16.1839,-0.170006,-1.02248,,0.000702242,0.000611749,-0.0323211,photon,273025542
11.8858,-0.104962,-0.991219,,0.000702242,0.000611749,-0.0323211,photon,273025542
30.6844,1.64187,-1.70983,,0.000702242,0.000611749,-0.0323211,photon,273025542
75.7478,-1.7419,2.15161,-1.0,0.000699234,0.000591827,-0.00220179,electron,273070534
73.1782,-1.75192,2.17278,,0.000712543,0.000626017,-0.00203229,photon,273070534
2.00668,-1.5519,-1.12881,-1.0,,,,muon,273070534
41.8507,1.35019,-1.80889,,0.000722528,0.00060663,-0.0408427,photon,273090582
37.9024,-0.0513707,1.34396,,0.000722528,0.00060663,-0.0408427,photon,273090582
1.23434,-2.05871,0.184089,-1.0,,,,muon,273090582
20.4988,0.267782,1.9469,1.0,0.000991478,0.000711337,0.0197284,electron,273100230
2.29749,0.367332,1.0244,-1.0,0.000256511,0.000893535,0.0198935,electron,273100230
25.9713,0.263524,1.88125,,0.000722025,0.000596753,0.0199057,photon,273100230
5.53282,1.09597,-1.15424,-1.0,0.00102473,0.000737454,-0.0153533,electron,273102462
144.189,-0.836234,1.38383,,0.000708602,0.000624259,-0.0153632,photon,273102462
86.5032,1.32051,-1.91092,,0.000708602,0.000624259,-0.0153632,photon,273102462
13.5536,1.03646,-2.99554,,0.000735849,0.00060505,-0.0109454,photon,273136350
12.0174,-2.46108,1.81489,,0.000735849,0.00060505,-0.0109454,photon,273136350
41.2783,0.175378,0.730867,,0.000745818,0.000590769,0.05901,photon,273164062
25.9065,0.937937,-2.67115,,0.000745818,0.000590769,0.05901,photon,273164062
32.6839,-1.27282,-1.89693,1.0,0.000710218,0.000613381,0.033132,electron,273184270
31.6599,-1.2855,-1.89866,,0.000721522,0.000615216,0.0331689,photon,273184270
57.4692,0.688628,1.69066,,0.000748639,0.000601833,0.0463334,photon,273184742
2.98784,-2.13234,2.16654,-1.0,-0.00451974,-0.00307326,-0.0334639,electron,273201718
20.7528,0.122869,-0.49913,,0.000725743,0.000580932,-0.0263132,photon,273201718
16.715,-2.08336,2.25417,,0.000725743,0.000580932,-0.0263132,photon,273201718
4.67612,2.04696,-3.05581,-1.0,0.000715325,0.000683217,-0.0878821,electron,273204798
3.36274,-1.40236,-1.09101,1.0,0.000973069,0.000738031,0.0156057,electron,273204798
26.0423,-0.518894,3.12348,,0.000746367,0.000617288,0.0892238,photon,273206142
3.22569,-1.78417,-0.711321,1.0,,,,muon,273206142
1.19224,-2.10982,-2.20808,-1.0,,,,muon,273206142
35.4915,-1.74494,0.401623,,0.000735087,0.000595221,-0.0229035,photon,273209470
42.9441,-1.92035,-1.12488,-1.0,0.00069564,0.000591511,0.0320034,electron,273215406
45.4814,-1.2698,2.41289,,0.000732533,0.000589213,0.0316758,photon,273215406
41.9101,-1.91584,-1.07443,,0.000732533,0.000589213,0.0316758,photon,273215406
36.0926,-1.68441,2.72751,-1.0,0.000710329,0.000657764,-0.05395,electron,421267699
11.6195,-1.03192,-2.85777,1.0,0.00069182,0.000657554,-0.0540072,electron,421267699
42.7156,-0.435157,-0.692635,1.0,0.000713395,0.000650364,-0.0540254,electron,421267699
16.4621,-1.76705,-0.237992,-1.0,0.000712828,0.000700632,-0.0539762,electron,421267699
42.3553,-0.435585,-0.710847,,0.000680551,0.000643872,-0.0540034,photon,421267699
11.6349,-1.03159,-2.92429,,0.000680551,0.000643872,-0.0540034,photon,421267699
34.4384,-1.6819,2.74349,,0.000680551,0.000643872,-0.0540034,photon,421267699
16.4556,-1.77654,-0.201572,,0.000680551,0.000643872,-0.0540034,photon,421267699
0.982907,1.94626,1.42008,-1.0,,,,muon,421267699
2.96196,2.3911,1.56084,1.0,,,,muon,421267699
1.67864,2.15679,1.74936,1.0,,,,muon,421267699
11.8852,2.29078,1.1803,1.0,0.0347166,-0.0136147,-0.0410141,electron,616792473
11.41,2.26308,0.927875,,0.000696213,0.000654329,0.0228842,photon,616792473
21.883,2.42651,0.906854,1.0,0.0018009,-0.000215327,-0.0398944,electron,616817033
10.4819,2.34229,1.04392,-1.0,-1.38397e-05,0.00100939,-0.0393985,electron,616817033
21.7558,2.3731,0.866434,,0.000710576,0.000642483,0.120581,photon,616817033
10.4938,2.28583,1.11336,,0.000710576,0.000642483,0.120581,photon,616817033
48.3012,2.34841,-2.42155,1.0,0.000655299,0.000698359,-0.0106596,electron,616825721
15.9429,1.23119,0.592746,,0.000677915,0.000635312,-0.0107685,photon,616825721
47.1067,2.34465,-2.40001,,0.000677915,0.000635312,-0.0107685,photon,616825721
26.6661,0.416822,0.436977,1.0,0.000683076,0.000678877,0.0469495,electron,616891729
26.4949,0.416974,0.401155,,0.000709179,0.000647503,0.0469869,photon,616891729
4.60787,2.41924,1.64917,1.0,0.000551777,0.000628978,-0.0253921,electron,616941488
24.8405,-0.973437,-1.46089,,0.000690721,0.000642089,-0.0860301,photon,616941488
1.98306,-1.87547,2.20266,-1.0,,,,muon,616941488
1.38798,-2.24265,2.0522,-1.0,,,,muon,616941488
1.79339,-2.05006,2.11757,-1.0,,,,muon,616941488
31.3854,-2.32927,0.285445,-1.0,0.000692258,0.000676125,-0.0186363,electron,616957241
31.1065,-2.33112,0.302244,,0.000687596,0.000661502,-0.0185441,photon,616957241
27.3777,0.481549,-0.578504,-1.0,0.000698348,0.000639833,-0.0307662,electron,616963273
70.9451,1.13845,3.01799,1.0,0.000704186,0.000667989,-0.0307526,electron,616963273
71.4744,1.13862,2.99768,,0.000685175,0.000646559,-0.0307694,photon,616963273
27.4476,0.479309,-0.551599,,0.000685175,0.000646559,-0.0307694,photon,616963273
7.57431,-0.716692,0.857827,-1.0,0.000701554,0.000643125,0.088714,electron,616969809
60.1904,1.3113,-0.337224,1.0,0.000664767,0.000530405,0.00470655,electron,616969809
8.1199,0.229028,1.69255,-1.0,-0.000375293,0.000512232,0.00466301,electron,616969809
59.2769,1.31052,-0.346505,,0.000697965,0.000649748,0.00469403,photon,616969809
1.30267,-2.3406,0.743706,1.0,,,,muon,616969809
1.12109,-1.91466,-1.57476,1.0,,,,muon,616969809
2.7229,-2.33673,0.398031,1.0,,,,muon,616969809
4.91401,-2.27009,0.311646,1.0,,,,muon,616969809
2.06279,-2.27273,-2.8573,-1.0,,,,muon,616969809
3.48526,1.12019,-1.14492,-1.0,0.000700508,0.000630923,-0.00777054,electron,617034552
61.708,-1.32197,-2.40691,1.0,0.000709644,0.000635372,-0.00890866,electron,617034552
61.4651,-1.30843,-2.44255,,0.000689543,0.000660203,-0.00876173,photon,617034552
11.8267,-0.774052,0.0669311,,0.000689543,0.000660203,-0.00876173,photon,617034552
42.2874,-0.58839,1.72739,-1.0,0.00073147,0.000648768,-0.00713053,electron,617059745
42.3812,-1.43623,-1.38552,1.0,0.000601085,0.000628649,-0.00710059,electron,617059745
41.9683,-0.590188,1.74404,,0.00071021,0.000645194,-0.00712625,photon,617059745
41.728,-1.43857,-1.39942,,0.00071021,0.000645194,-0.00712625,photon,617059745
29.7409,-1.92218,-3.00072,,0.000698683,0.000646633,0.0778914,photon,617062001
46.7135,0.693279,0.106696,1.0,0.000698824,0.000639913,0.0377688,electron,617095049
44.9716,0.311488,-3.12629,-1.0,0.000699797,0.000677415,0.0378761,electron,617095049
46.2047,0.693043,0.0911104,,0.000694562,0.000616898,0.0377445,photon,617095049
44.3602,0.312205,-3.10724,,0.000694562,0.000616898,0.0377445,photon,617095049
26.9118,-1.54124,-2.64242,-1.0,0.000758329,0.000539574,-0.0543048,electron,617214105
25.537,-1.54915,-2.65044,,0.000690931,0.000622416,-0.0543409,photon,617214105
5.98292,0.649284,2.57908,1.0,0.000689055,0.000625204,0.076688,electron,617219441
49.3098,1.44493,-0.599568,1.0,0.000739931,0.000699775,0.0762656,electron,617219441
48.8952,1.44288,-0.611202,,0.000703995,0.000635319,0.076625,photon,617219441
14.6609,0.841811,2.03454,,0.000703995,0.000635319,0.076625,photon,617219441
1.89388,1.75169,2.54528,1.0,,,,muon,617219441
1.04283,1.89894,3.03598,1.0,,,,muon,617219441
0.784988,2.05912,-3.13559,1.0,,,,muon,617219441
1.08822,1.97298,1.2777,-1.0,,,,muon,617219441
1.11126,1.68425,3.103,1.0,,,,muon,617219441
1.40585,1.871,1.17689,-1.0,,,,muon,617219441
0.82746,1.91583,3.10358,1.0,,,,muon,617219441
33.7199,-0.878768,-1.19268,-1.0,0.000667024,0.000629171,-0.020016,electron,617229881
13.94,-1.32429,2.53916,-1.0,0.00073885,0.000698697,-0.0200966,electron,617229881
6.28083,-0.154323,-1.52962,-1.0,0.000663678,0.000642087,-0.0200967,electron,617229881
12.6393,-1.31806,2.57872,,0.000701695,0.000656425,-0.0200885,photon,617229881
20.5665,-0.882299,-1.17259,,0.000701695,0.000656425,-0.0200885,photon,617229881
0.814217,-2.04064,0.86588,1.0,,,,muon,617229881
0.910509,-1.79788,-1.42163,-1.0,,,,muon,617229881
39.706,-0.480277,-0.133931,,0.000700695,0.000650758,0.0241895,photon,617247505
43.3062,-0.935107,-1.0737,1.0,0.000746857,0.000669588,-0.0160747,electron,617272105
43.2094,-0.917955,-1.10895,,0.000690557,0.00065275,-0.0160552,photon,617272105
2.4724,-1.36667,-0.0225653,-1.0,,,,muon,617272105
1.78613,-1.8559,1.37671,1.0,,,,muon,617272105
2.79946,-1.79003,1.39533,1.0,,,,muon,617272105
22.0464,0.700023,-1.91454,-1.0,0.00568223,-0.00115472,0.0362029,electron,617312057
10.3346,-2.04479,1.23282,-1.0,0.00133296,-1.2406e-05,-0.0324452,electron,617312057
20.9333,0.752638,-1.83585,,0.000697142,0.000651728,-0.036475,photon,617312057
9.77228,-2.04629,1.28879,,0.000697142,0.000651728,-0.036475,photon,617312057
38.9795,-0.489787,-2.34541,-1.0,0.00068907,0.000655362,-0.0862768,electron,617369121
38.5264,-0.490443,-2.32607,,0.000683722,0.000628137,-0.0862448,photon,617369121
9.05213,1.13954,0.301272,1.0,0.000682574,0.000699007,0.0606236,electron,617479137
10.6542,1.18468,0.537341,-1.0,0.000704508,0.000639955,0.0606858,electron,617479137
30.947,-2.29161,-0.329628,1.0,0.000706808,0.000654026,0.0453549,electron,617479137
30.095,-2.30161,-0.320789,,0.000717982,0.000636747,0.0453309,photon,617479137
37.5904,-1.37956,-0.43644,,0.000708986,0.000640464,0.0976928,photon,617548657
0.771152,1.86991,0.0159373,1.0,,,,muon,617548657
1.59721,2.29584,-0.573602,1.0,,,,muon,617548657
0.729202,2.00181,-0.0293333,1.0,,,,muon,617548657
43.1068,-0.656099,2.6903,,0.000699503,0.000654057,0.0040237,photon,617587409
27.2279,1.32129,-2.46088,-1.0,0.000681353,0.000667597,-0.10801,electron,617627441
26.4747,1.32778,-2.42475,,0.000694386,0.000657893,-0.107906,photon,617627441
19.5373,-0.372874,0.969153,,0.000694386,0.000657893,-0.107906,photon,617627441
21.193,2.24932,1.19966,,0.000694386,0.000657893,-0.107906,photon,617627441
1.10644,1.65889,0.972416,1.0,,,,muon,617627441
1.43901,1.53244,-1.29401,-1.0,,,,muon,617627441
52.54,-0.00075774,1.11257,-1.0,0.000676102,0.000656169,-0.0819704,electron,617687001
31.7429,-0.755621,-1.70114,1.0,0.0006672,0.000647585,-0.0819857,electron,617687001
2.85181,-0.166401,-2.66778,1.0,6.71762e-05,0.00188401,-0.0820454,electron,617687001
52.3591,-0.00105143,1.12801,,0.000670538,0.000654294,-0.0819975,photon,617687001
30.9688,-0.75745,-1.71767,,0.000670538,0.000654294,-0.0819975,photon,617687001
13.5993,-0.303196,2.31785,1.0,0.000688844,0.000632309,0.00534055,electron,617699401
79.9064,-0.0539784,-1.08778,,0.000695642,0.000633417,0.00531996,photon,617699401
13.3587,-0.293289,2.33757,,0.000695642,0.000633417,0.00531996,photon,617699401
19.3659,-2.04649,0.894497,,0.000695642,0.000633417,0.00531996,photon,617699401
57.6781,1.21413,2.83887,1.0,,,,muon,635670564
35.6102,0.599711,0.498659,-1.0,,,,muon,635670564
15.9057,0.343792,0.880223,-1.0,,,,muon,635670564
11.3829,-0.101123,3.09836,1.0,,,,muon,635670564
36.5035,2.3586,-2.51756,,0.00072068,0.000610482,-0.0770065,photon,651906625
35.2512,2.07603,0.500762,,0.00072068,0.000610482,-0.0770065,photon,651906625
0.769338,2.35431,1.14785,1.0,,,,muon,651906625
51.9517,-2.79589,-2.43527,,0.000728853,0.000618388,0.0307402,photon,651933278
48.5723,-2.57463,0.666392,,0.000728853,0.000618388,0.0307402,photon,651933278
2.909,1.90144,-0.220961,-1.0,0.000714093,0.000610763,0.0680166,electron,651938592
34.322,-0.709756,2.32492,,0.000732387,0.000622636,0.0738727,photon,651938592
21.2138,2.06312,-0.435449,,0.000732387,0.000622636,0.0738727,photon,651938592
56.1669,-2.61536,0.149194,,0.000719179,0.000604904,0.115721,photon,651957713
24.5488,-2.45205,2.29635,,0.000719179,0.000604904,0.115721,photon,651957713
23.9994,-1.25369,-0.0684999,,0.00075155,0.000610506,0.0458205,photon,651977709
42.9484,-2.65227,3.02542,,0.00075155,0.000610506,0.0458205,photon,651977709
28.187,-1.16245,1.92001,-1.0,0.000732722,0.000620685,-0.0676053,electron,651987545
36.5886,0.97744,-0.777525,,0.000711551,0.000597197,-0.0675749,photon,651987545
28.5611,-1.12973,1.94157,,0.000711551,0.000597197,-0.0675749,photon,651987545
12.9524,0.773112,-1.02315,,0.000711551,0.000597197,-0.0675749,photon,651987545
30.9606,-0.976743,0.140479,,0.000738124,0.000601638,0.0674099,photon,651992907
24.6146,-2.17943,-3.06602,,0.000738124,0.000601638,0.0674099,photon,651992907
0.877289,-1.93135,1.92434,-1.0,,,,muon,651992907
2.29671,-2.17921,-3.03788,1.0,,,,muon,651992907
20.7584,1.81889,2.33154,1.0,0.00038094,0.000286363,0.0393095,electron,652001849
19.2791,0.341542,2.7072,,0.00071474,0.000627895,0.0391706,photon,652001849
76.6442,2.40361,-0.172406,,0.00071474,0.000627895,0.0391706,photon,652001849
38.7344,2.54931,-0.272078,,0.00071474,0.000627895,0.0391706,photon,652001849
19.9644,1.81297,2.33508,,0.00071474,0.000627895,0.0391706,photon,652001849
9.73347,1.73899,2.23374,,0.00071474,0.000627895,0.0391706,photon,652001849
1.61118,-2.13825,-2.91993,1.0,,,,muon,652001849
3.07198,-2.13128,-2.97367,1.0,,,,muon,652001849
1.43239,-2.39335,2.54841,-1.0,,,,muon,652001849
8.31398,1.82007,2.35362,1.0,,,,muon,652001849
1.17159,1.60367,1.07101,-1.0,,,,muon,652001849
2.09418,-2.09124,2.4438,-1.0,,,,muon,652001849
30.8738,1.36775,2.84287,,0.000726808,0.000607392,0.000819178,photon,652038193
58.049,2.7305,0.0625963,,0.000726808,0.000607392,0.000819178,photon,652038193
45.1774,1.14917,1.99703,1.0,0.00072269,0.000613028,0.0298051,electron,652058695
45.2425,1.14891,1.99151,,0.000737061,0.000605129,0.0297981,photon,652058695
42.4256,-0.493941,-1.2057,,0.000737061,0.000605129,0.0297981,photon,652058695
19.21,0.130149,1.3078,1.0,0.000691653,0.00062326,0.0761564,electron,652099539
48.1502,-1.44754,-1.45948,,0.000729167,0.000624215,0.0761529,photon,652099539
26.0714,0.145821,1.29868,,0.000729167,0.000624215,0.0761529,photon,652099539
21.1289,-0.270388,1.38598,,0.000729167,0.000624215,0.0761529,photon,652099539
38.3853,0.605573,-1.89011,,0.000713589,0.000617512,0.0388035,photon,652163381
19.0413,-0.910587,1.29395,,0.000713589,0.000617512,0.0388035,photon,652163381
6.9224,-0.780593,1.20171,1.0,,,,muon,652163381
24.8033,1.67943,-0.0143314,-1.0,0.000708484,0.0060673,-0.0191237,electron,652184289
32.5749,0.459259,-2.59286,,0.000729863,0.000615293,0.0967043,photon,652184289
23.8734,1.66759,0.0983255,,0.000729863,0.000615293,0.0967043,photon,652184289
53.6878,0.0773403,-1.47042,1.0,0.00082067,0.000624211,-0.0766894,electron,652238569
53.9272,0.0751878,-1.51424,,0.000729599,0.000618956,-0.0766663,photon,652238569
43.2874,0.40061,2.03594,,0.000729599,0.000618956,-0.0766663,photon,652238569
43.7443,-0.387571,2.86923,,0.000713394,0.000619952,-0.0393288,photon,652357534
25.2184,2.57168,-0.123171,,0.000713394,0.000619952,-0.0393288,photon,652357534
26.5392,0.198947,-0.0791674,-1.0,0.000714612,0.000480135,0.116078,electron,652423091
25.1317,0.198199,-0.12641,,0.000737642,0.000598514,0.116078,photon,652423091
46.8286,1.97407,-2.79244,,0.000737642,0.000598514,0.116078,photon,652423091
38.6655,0.160156,1.1578,1.0,0.000702857,0.000624165,0.0219501,electron,652427387
42.1988,1.66005,-0.501062,1.0,0.000664762,0.00050372,0.0220424,electron,652427387
38.1575,0.161183,1.13237,,0.000707769,0.000606687,0.0219375,photon,652427387
9.97728,1.11333,-2.7017,,0.000707769,0.000606687,0.0219375,photon,652427387
40.5181,1.67746,-0.484969,,0.000707769,0.000606687,0.0219375,photon,652427387
10.4967,-1.84469,1.07379,,0.000707769,0.000606687,0.0219375,photon,652427387
11.8247,0.160167,1.15799,1.0,,,,muon,652427387
0.771355,1.98276,-2.21813,1.0,,,,muon,652427387
45.9417,0.0754458,-1.68865,,0.000711247,0.000622607,-0.0344849,photon,652450361
22.3823,1.32336,2.93922,,0.000711247,0.000622607,-0.0344849,photon,652450361
3.95896,2.17816,2.86541,-1.0,0.000962257,0.0014736,0.0402762,electron,652524425
18.8375,-0.42381,2.03081,,0.000721201,0.00062494,-0.0161505,photon,652524425
41.5326,-2.58532,-1.20205,,0.000721201,0.00062494,-0.0161505,photon,652524425
32.4451,-0.735666,-2.07098,-1.0,0.000698112,0.000629794,0.0236354,electron,652538562
31.6766,-2.38782,0.900658,1.0,0.000585116,0.000724929,0.0234889,electron,652538562
31.7001,-0.734893,-2.04783,,0.000713283,0.00061903,0.0236496,photon,652538562
31.4499,-2.38988,0.897686,,0.000713283,0.00061903,0.0236496,photon,652538562
47.002,-0.323879,3.05223,1.0,0.000724373,0.000608204,0.0145111,electron,652595559
64.5574,-2.04478,0.464527,-1.0,0.0170224,-0.0329096,-0.0111391,electron,652595559
46.4992,-0.318765,3.02277,,0.000737436,0.000610373,0.0145512,photon,652595559
64.0551,-2.0511,0.310009,,0.000737436,0.000610373,0.0145512,photon,652595559
34.4091,0.775789,-2.50054,,0.000719179,0.000605857,-0.0260918,photon,652616753
22.2661,-0.477573,0.94036,,0.000719179,0.000605857,-0.0260918,photon,652616753
1.79143,-1.37495,2.43647,1.0,,,,muon,652616753
35.556,0.00578447,1.834,,0.000725879,0.000609286,-0.0475917,photon,652620608
30.9368,1.94829,-1.74553,,0.000725879,0.000609286,-0.0475917,photon,652620608
1.37519,-1.6323,2.02698,-1.0,,,,muon,652620608
1.61969,-1.47051,-2.37353,1.0,,,,muon,652620608
43.2257,2.20912,1.64484,1.0,0.001124,0.000632777,-0.0283575,electron,652644506
30.5782,0.660475,-1.45035,,0.000734258,0.000620575,-0.0294885,photon,652644506
42.7039,2.2202,1.6279,,0.000734258,0.000620575,-0.0294885,photon,652644506
29.9926,-0.295627,-1.79314,1.0,0.00067411,0.000624583,-0.0657944,electron,652655004
28.4692,-0.29937,-1.77817,,0.000715175,0.000612995,-0.0655583,photon,652655004
22.7748,-2.15517,1.13775,,0.000715175,0.000612995,-0.0655583,photon,652655004
29.3626,0.72165,-2.68605,-1.0,0.00071998,0.000610768,0.0766135,electron,805047482
37.7227,1.1153,1.61427,-1.0,0.000715764,0.000650035,0.0766355,electron,805047482
28.055,0.620279,-2.20474,1.0,0.000727164,0.000630765,0.0766523,electron,805047482
36.5958,1.18924,-1.41466,1.0,0.000797961,0.000664676,0.0765882,electron,805047482
36.935,1.11886,1.62175,,0.000710483,0.000618437,0.0766403,photon,805047482
34.7229,1.18942,-1.43582,,0.000710483,0.000618437,0.0766403,photon,805047482
29.0283,0.72298,-2.65721,,0.000710483,0.000618437,0.0766403,photon,805047482
27.6269,0.621179,-2.2338,,0.000710483,0.000618437,0.0766403,photon,805047482
1.16092,-2.07831,2.63655,-1.0,,,,muon,805047482
