energy,eta,phi,time,detid,front_1,front_2,front_3,front_4,back_1,back_2,back_3,back_4
0.0990095,-0.0117293,0.969224,-2.01149,838861378,0.722774,1.07212,-0.026932,0.722765,1.07213,-0.00338405,0.739944,1.05872,-0.00338403,0.739944,1.05872,-0.0269319,0.861087,1.25593,-0.0288321,0.861078,1.25593,-0.00338405,0.881421,1.24006,-0.00338403,0.881421,1.24006,-0.028832
0.00424528,-0.0117404,-1.17685,-1.42465,838861615,0.505789,-1.18844,-0.026932,0.505789,-1.18844,-0.00338407,0.48532,-1.1959,-0.00338402,0.48533,-1.1959,-0.0269319,0.584597,-1.40452,-0.0288321,0.584597,-1.40452,-0.00338407,0.560356,-1.41336,-0.00338401,0.560367,-1.41335,-0.028832
-0.00100708,-0.0117298,-1.15968,-1.93862,838861616,0.526642,-1.18083,-0.026932,0.526652,-1.18083,-0.00338406,0.506182,-1.1883,-0.00338403,0.506182,-1.1883,-0.0269319,0.60922,-1.39554,-0.0288321,0.609231,-1.39553,-0.00338406,0.58499,-1.40437,-0.00338403,0.58499,-1.40437,-0.028832
-0.0682501,-0.0117399,-1.14234,-2.13125,838861617,0.546521,-1.17033,-0.0269319,0.546521,-1.17033,-0.00338403,0.526325,-1.1785,-0.00338405,0.526335,-1.1785,-0.026932,0.632828,-1.38352,-0.028832,0.632828,-1.38352,-0.00338403,0.60891,-1.3932,-0.00338405,0.608921,-1.3932,-0.0288321
0.0688341,-0.0117293,-1.12517,-31.7389,838861618,0.567095,-1.162,-0.026932,0.567105,-1.162,-0.00338406,0.546909,-1.17017,-0.00338403,0.546909,-1.17017,-0.0269319,0.657122,-1.37369,-0.0288321,0.657132,-1.37368,-0.00338406,0.633215,-1.38336,-0.00338402,0.633215,-1.38336,-0.028832
-0.0296892,-0.0117395,-1.10782,-2.28488,838861619,0.586596,-1.15081,-0.0269319,0.586596,-1.15081,-0.00338403,0.566697,-1.15968,-0.00338405,0.566707,-1.15968,-0.026932,0.680295,-1.36086,-0.028832,0.680295,-1.36086,-0.00338403,0.656731,-1.37137,-0.00338406,0.656741,-1.37136,-0.0288321
0.00185313,-0.011729,-1.09066,-2.48556,838861620,0.606867,-1.14176,-0.0269319,0.606876,-1.14176,-0.00338405,0.586978,-1.15064,-0.00338403,0.586978,-1.15064,-0.0269319,0.704231,-1.35018,-0.0288321,0.704242,-1.35017,-0.00338405,0.680677,-1.36069,-0.00338403,0.680677,-1.36069,-0.028832
0.0432042,-0.0117393,-1.07331,-2.81912,838861621,0.625964,-1.1299,-0.0269319,0.625964,-1.1299,-0.00338402,0.606388,-1.13946,-0.00338406,0.606397,-1.13946,-0.026932,0.726943,-1.33655,-0.028832,0.726943,-1.33655,-0.00338402,0.70376,-1.34787,-0.00338406,0.70377,-1.34787,-0.0288321
-1.41032e-05,-0.0302939,-1.17685,-1.87402,838862127,0.505789,-1.18844,-0.0508939,0.505856,-1.18862,-0.0273468,0.485386,-1.19609,-0.0273468,0.48533,-1.1959,-0.0508939,0.584589,-1.40449,-0.054686,0.584661,-1.40469,-0.0292388,0.56042,-1.41353,-0.0292388,0.560359,-1.41333,-0.054686
0.0171689,-0.0302665,-1.15969,-1.65014,838862128,0.526642,-1.18083,-0.0508939,0.526718,-1.18101,-0.0273468,0.506249,-1.18848,-0.0273468,0.506182,-1.1883,-0.0508939,0.609212,-1.39551,-0.054686,0.609295,-1.39571,-0.0292388,0.585054,-1.40455,-0.0292388,0.584982,-1.40435,-0.054686
1.45366,-0.0302925,-1.14234,-1.81247,838862129,0.546521,-1.17033,-0.0508939,0.546594,-1.17051,-0.0273468,0.526398,-1.17868,-0.0273468,0.526335,-1.1785,-0.0508939,0.632819,-1.3835,-0.054686,0.632897,-1.38369,-0.0292388,0.60898,-1.39338,-0.0292388,0.608912,-1.39318,-0.054686
0.563721,-0.0302653,-1.12518,1.37254,838862130,0.567095,-1.162,-0.0508939,0.567178,-1.16218,-0.0273468,0.546982,-1.17035,-0.0273468,0.546909,-1.17017,-0.0508939,0.657113,-1.37366,-0.054686,0.657202,-1.37385,-0.0292388,0.633285,-1.38354,-0.0292388,0.633207,-1.38334,-0.054686
0.881331,-0.0302915,-1.10783,-0.279361,838862131,0.586596,-1.15081,-0.0508939,0.586675,-1.15098,-0.0273468,0.566776,-1.15986,-0.0273468,0.566707,-1.15968,-0.0508939,0.680286,-1.36083,-0.054686,0.680371,-1.36103,-0.0292389,0.656807,-1.37154,-0.0292388,0.656732,-1.37134,-0.0546859
0.149566,-0.0302645,-1.09066,4.61805,838862132,0.606867,-1.14176,-0.0508939,0.606955,-1.14194,-0.0273468,0.587057,-1.15081,-0.0273468,0.586978,-1.15064,-0.0508939,0.704222,-1.35016,-0.054686,0.704318,-1.35034,-0.0292388,0.680753,-1.36086,-0.0292388,0.680668,-1.36066,-0.054686
-0.0714036,-0.030291,-1.07331,-2.52699,838862133,0.625964,-1.1299,-0.0508939,0.626049,-1.13007,-0.0273468,0.606473,-1.13964,-0.0273468,0.606397,-1.13946,-0.0508939,0.726932,-1.33653,-0.054686,0.727024,-1.33671,-0.0292388,0.703841,-1.34804,-0.0292388,0.70376,-1.34785,-0.054686
0.25517,-0.0488355,-1.98247,48.8523,838862593,-0.506821,-1.188,-0.0748583,-0.50699,-1.18835,-0.0513136,-0.526581,-1.17881,-0.0513136,-0.526402,-1.17847,-0.0748583,-0.607444,-1.39475,-0.0805421,-0.607627,-1.39513,-0.0550975,-0.630828,-1.38384,-0.0550975,-0.630634,-1.38347,-0.0805421
0.351039,-0.0488318,-1.38787,-4.62225,838862627,0.245668,-1.26813,-0.0748583,0.245723,-1.26851,-0.0513136,0.224149,-1.27156,-0.0513136,0.224105,-1.27118,-0.0748583,0.277844,-1.4958,-0.0805421,0.277903,-1.49622,-0.0550975,0.252354,-1.49983,-0.0550975,0.252307,-1.49941,-0.0805421
-0.0175749,-0.0488368,-1.17686,-2.44168,838862639,0.505789,-1.18844,-0.0748583,0.505922,-1.1888,-0.0513136,0.485453,-1.19627,-0.0513135,0.48533,-1.1959,-0.0748583,0.584576,-1.40446,-0.0805421,0.584719,-1.40485,-0.0550975,0.560479,-1.41369,-0.0550975,0.560346,-1.41329,-0.080542
0.0968278,-0.0487925,-1.15969,-13.7687,838862640,0.526642,-1.18083,-0.0748583,0.526785,-1.18119,-0.0513136,0.506315,-1.18866,-0.0513135,0.506182,-1.1883,-0.0748583,0.609199,-1.39548,-0.0805421,0.609353,-1.39587,-0.0550975,0.585112,-1.40471,-0.0550975,0.584969,-1.40431,-0.080542
0.0555828,-0.0488345,-1.14234,-18.9232,838862641,0.546521,-1.17033,-0.0748583,0.546667,-1.17069,-0.0513135,0.52647,-1.17886,-0.0513136,0.526335,-1.1785,-0.0748583,0.632804,-1.38346,-0.080542,0.632961,-1.38385,-0.0550975,0.609044,-1.39353,-0.0550975,0.608898,-1.39314,-0.0805421
0.0463239,-0.0487906,-1.12518,-3.49171,838862642,0.567095,-1.162,-0.0748583,0.567251,-1.16235,-0.0513136,0.547054,-1.17053,-0.0513136,0.546909,-1.17017,-0.0748583,0.657099,-1.37363,-0.0805421,0.657266,-1.37401,-0.0550975,0.633349,-1.38369,-0.0550975,0.633192,-1.38331,-0.0805421
0.0416808,-0.0488329,-1.10783,-1.85778,838862643,0.586596,-1.15081,-0.0748583,0.586754,-1.15116,-0.0513136,0.566855,-1.16004,-0.0513136,0.566707,-1.15968,-0.0748583,0.68027,-1.3608,-0.0805421,0.68044,-1.36118,-0.0550975,0.656876,-1.37169,-0.0550975,0.656716,-1.37131,-0.0805421
-0.00485631,-0.0487893,-1.09067,-3.35159,838862644,0.606867,-1.14176,-0.0748583,0.607034,-1.14211,-0.0513136,0.587136,-1.15099,-0.0513136,0.586978,-1.15064,-0.0748583,0.704206,-1.35012,-0.0805421,0.704387,-1.3505,-0.0550975,0.680823,-1.36101,-0.0550975,0.680652,-1.36063,-0.0805421
0.0973109,-0.048832,-1.07332,4.02437,838862645,0.625964,-1.1299,-0.0748583,0.626134,-1.13025,-0.0513136,0.606558,-1.13981,-0.0513136,0.606397,-1.13946,-0.0748583,0.726915,-1.33649,-0.0805421,0.727099,-1.33687,-0.0550975,0.703916,-1.34819,-0.0550975,0.703743,-1.34781,-0.080542
-0.0342508,-0.0673638,-1.17686,-3.01984,838863151,0.505789,-1.18844,-0.0988267,0.505988,-1.18898,-0.075286,0.485519,-1.19645,-0.075286,0.48533,-1.1959,-0.0988267,0.584557,-1.40441,-0.106402,0.584772,-1.405,-0.0809616,0.560532,-1.41384,-0.0809616,0.560327,-1.41324,-0.106402
0.0315861,-0.0673028,-1.1597,-1.2077,838863152,0.526642,-1.18083,-0.0988267,0.526851,-1.18138,-0.075286,0.506382,-1.18884,-0.075286,0.506182,-1.1883,-0.0988267,0.60918,-1.39543,-0.106402,0.609406,-1.39601,-0.0809616,0.585165,-1.40485,-0.0809616,0.58495,-1.40426,-0.106402
-0.0450169,-0.0673606,-1.14235,-2.09082,838863153,0.546521,-1.17033,-0.0988267,0.546739,-1.17087,-0.075286,0.526543,-1.17904,-0.075286,0.526335,-1.1785,-0.0988267,0.632784,-1.38341,-0.106402,0.633019,-1.384,-0.0809616,0.609102,-1.39368,-0.0809616,0.608877,-1.39309,-0.106402
0.0109584,-0.0673001,-1.12518,-4.43823,838863154,0.567095,-1.162,-0.0988267,0.567323,-1.16253,-0.075286,0.547127,-1.17071,-0.075286,0.546909,-1.17017,-0.0988267,0.657078,-1.37358,-0.106402,0.657324,-1.37416,-0.0809616,0.633407,-1.38384,-0.0809616,0.633171,-1.38326,-0.106402
-0.0324436,-0.0673584,-1.10783,-3.9755,838863155,0.586596,-1.15081,-0.0988267,0.586833,-1.15134,-0.075286,0.566934,-1.16021,-0.075286,0.566707,-1.15968,-0.0988267,0.680248,-1.36075,-0.106402,0.680504,-1.36132,-0.0809616,0.656939,-1.37183,-0.0809616,0.656694,-1.37126,-0.106402
0.0763479,-0.0672984,-1.09067,-3.49235,838863156,0.606867,-1.14176,-0.0988267,0.607113,-1.14229,-0.075286,0.587215,-1.15117,-0.075286,0.586978,-1.15064,-0.0988267,0.704184,-1.35007,-0.106402,0.70445,-1.35064,-0.0809616,0.680886,-1.36115,-0.0809616,0.68063,-1.36058,-0.106402
0.00911549,-0.0673572,-1.07332,68.146,838863157,0.625964,-1.1299,-0.0988267,0.626219,-1.13042,-0.075286,0.606643,-1.13999,-0.075286,0.606397,-1.13946,-0.0988267,0.726891,-1.33644,-0.106402,0.727167,-1.33701,-0.0809615,0.703984,-1.34833,-0.0809616,0.703719,-1.34776,-0.106402
0.0518885,-0.0673569,-0.689744,51.8704,838863179,1.00333,-0.81353,-0.0988267,1.00376,-0.813918,-0.075286,0.989195,-0.830121,-0.075286,0.98877,-0.829725,-0.0988267,1.17428,-0.96722,-0.106402,1.17475,-0.96764,-0.0809616,1.1575,-0.986829,-0.0809616,1.15704,-0.9864,-0.106402
0.312255,-0.0858612,-0.689747,30.1667,838863691,1.00333,-0.81353,-0.122801,1.00391,-0.814048,-0.0992656,0.989339,-0.830251,-0.0992656,0.98877,-0.829725,-0.122801,1.17423,-0.967174,-0.132267,1.17485,-0.967733,-0.106833,1.1576,-0.986922,-0.106832,1.15699,-0.986353,-0.132267
0.0827785,-0.103724,-0.638072,38.3016,838864206,1.04504,-0.7614,-0.14541,1.04577,-0.761955,-0.123253,1.03176,-0.778679,-0.123253,1.03106,-0.778093,-0.14541,1.22363,-0.905816,-0.158875,1.22449,-0.906471,-0.132711,1.20791,-0.926255,-0.132711,1.20709,-0.925564,-0.158875
0.105036,-0.103817,-0.620731,-37.568,838864207,1.057,-0.742362,-0.14541,1.05772,-0.742922,-0.123253,1.0443,-0.760126,-0.123253,1.04361,-0.759534,-0.14541,1.23808,-0.883594,-0.158875,1.23893,-0.884256,-0.132711,1.22305,-0.904607,-0.132711,1.22223,-0.903908,-0.158875
-0.0968217,-0.103728,-0.603559,-0.54589,838864208,1.07065,-0.724859,-0.14541,1.0714,-0.725389,-0.123253,1.05798,-0.742592,-0.123253,1.05726,-0.742031,-0.14541,1.25418,-0.86295,-0.158875,1.25506,-0.863575,-0.132711,1.23919,-0.883926,-0.132711,1.23834,-0.883264,-0.158875
0.0436536,-0.103821,-0.586218,-2.76065,838864209,1.08194,-0.705415,-0.14541,1.08268,-0.70595,-0.123253,1.06987,-0.723612,-0.123253,1.06916,-0.723044,-0.14541,1.26784,-0.840237,-0.158875,1.26871,-0.840869,-0.132711,1.25356,-0.861762,-0.132711,1.25272,-0.861092,-0.158875
-0.0446841,-0.103733,-0.569045,-2.46004,838864210,1.09498,-0.687447,-0.14541,1.09574,-0.68795,-0.123253,1.08293,-0.705611,-0.123253,1.08219,-0.705076,-0.14541,1.28321,-0.819043,-0.158875,1.28411,-0.819638,-0.132711,1.26896,-0.84053,-0.132711,1.26809,-0.839898,-0.158875
0.40495,-0.121083,-0.741617,49.0548,838864712,0.960775,-0.865347,-0.168009,0.961705,-0.866252,-0.145871,0.946022,-0.881419,-0.145871,0.94512,-0.880487,-0.168009,1.12309,-1.02746,-0.185468,1.12419,-1.02853,-0.159326,1.10564,-1.04647,-0.159326,1.10457,-1.04537,-0.185468
0.269511,-0.121189,-0.724273,50.1638,838864713,0.974662,-0.847665,-0.168009,0.975595,-0.848565,-0.145871,0.960451,-0.864271,-0.145871,0.959545,-0.863342,-0.168009,1.13978,-1.00688,-0.185468,1.14088,-1.00794,-0.159326,1.12296,-1.02652,-0.159326,1.12189,-1.02542,-0.185468
0.0689886,-0.121085,-0.638081,-2.00207,838864718,1.04504,-0.7614,-0.168009,1.04606,-0.762202,-0.145871,1.03205,-0.778926,-0.145871,1.03106,-0.778093,-0.168009,1.22343,-0.905643,-0.185468,1.22463,-0.906591,-0.159326,1.20806,-0.926375,-0.159326,1.20688,-0.925391,-0.185468
0.0470391,-0.121193,-0.620737,-1.26689,838864719,1.057,-0.742362,-0.168009,1.05803,-0.743159,-0.145871,1.04461,-0.760363,-0.145871,1.04361,-0.759534,-0.168009,1.23787,-0.883429,-0.185468,1.23907,-0.884371,-0.159326,1.2232,-0.904722,-0.159326,1.22202,-0.903742,-0.185468
0.201851,-0.121089,-0.603568,-28.3786,838864720,1.07065,-0.724859,-0.168009,1.0717,-0.725626,-0.145871,1.05828,-0.742829,-0.145871,1.05726,-0.742031,-0.168009,1.25397,-0.862785,-0.185468,1.2552,-0.86369,-0.159326,1.23933,-0.884041,-0.159326,1.23812,-0.883098,-0.185468
0.0883765,-0.121198,-0.586224,30.065,838864721,1.08194,-0.705415,-0.168009,1.08299,-0.706177,-0.145871,1.07018,-0.723838,-0.145871,1.06916,-0.723045,-0.168009,1.26762,-0.840079,-0.185468,1.26886,-0.840979,-0.159326,1.25371,-0.861872,-0.159326,1.2525,-0.860934,-0.185468
0.0901717,-0.121094,-0.569054,16.5184,838864722,1.09498,-0.687447,-0.168009,1.09605,-0.688176,-0.145871,1.08324,-0.705838,-0.145871,1.08219,-0.705076,-0.168009,1.28299,-0.818885,-0.185468,1.28426,-0.819747,-0.159326,1.26911,-0.84064,-0.159326,1.26787,-0.83974,-0.185468
-0.00165266,-0.121208,-0.513262,98.6154,838864725,1.13042,-0.624629,-0.168009,1.13152,-0.625316,-0.145871,1.11997,-0.643826,-0.145871,1.11889,-0.643105,-0.168009,1.32502,-0.746054,-0.185468,1.32632,-0.746865,-0.159326,1.31265,-0.768761,-0.159326,1.31138,-0.76791,-0.185468
0.0476092,-0.138427,-0.63809,-4.17822,838865230,1.04504,-0.7614,-0.190634,1.04636,-0.76245,-0.168522,1.03235,-0.779174,-0.168522,1.03106,-0.778093,-0.190634,1.22317,-0.905426,-0.212083,1.22472,-0.906665,-0.185971,1.20815,-0.92645,-0.185971,1.20662,-0.925174,-0.212083
0.0331442,-0.13855,-0.620744,-3.15176,838865231,1.057,-0.742362,-0.190634,1.05833,-0.743396,-0.168522,1.04491,-0.7606,-0.168522,1.04361,-0.759534,-0.190634,1.2376,-0.88322,-0.212083,1.23917,-0.884442,-0.185971,1.22329,-0.904793,-0.185971,1.22176,-0.903534,-0.212083
2.42412,-0.138431,-0.603577,-1.42375,838865232,1.07065,-0.724859,-0.190634,1.07201,-0.725863,-0.168522,1.05859,-0.743066,-0.168522,1.05726,-0.742031,-0.190634,1.2537,-0.862576,-0.212083,1.2553,-0.863761,-0.185971,1.23942,-0.884112,-0.185971,1.23786,-0.88289,-0.212083
0.849146,-0.138555,-0.58623,0.0748151,838865233,1.08194,-0.705415,-0.190634,1.08331,-0.706403,-0.168522,1.0705,-0.724064,-0.168522,1.06916,-0.723045,-0.190634,1.26735,-0.83988,-0.212083,1.26896,-0.841047,-0.185971,1.2538,-0.86194,-0.185971,1.25222,-0.860735,-0.212083
0.0591666,-0.138438,-0.569062,-30.3969,838865234,1.09498,-0.687447,-0.190634,1.09636,-0.688402,-0.168522,1.08355,-0.706064,-0.168522,1.08219,-0.705076,-0.190634,1.28272,-0.818687,-0.212083,1.28436,-0.819815,-0.185971,1.2692,-0.840708,-0.185971,1.26759,-0.839541,-0.212083
-0.0569158,-0.15575,-0.638099,-2.76598,838865742,1.04504,-0.7614,-0.213293,1.04665,-0.762696,-0.191213,1.03264,-0.779421,-0.191214,1.03106,-0.778093,-0.213293,1.22285,-0.905164,-0.238724,1.22476,-0.906695,-0.212651,1.20818,-0.926479,-0.212651,1.20631,-0.924912,-0.238724
0.0542081,-0.155889,-0.62075,-2.90334,838865743,1.057,-0.742362,-0.213293,1.05863,-0.743633,-0.191214,1.04522,-0.760836,-0.191213,1.04361,-0.759534,-0.213293,1.23728,-0.88297,-0.238724,1.2392,-0.884471,-0.212651,1.22333,-0.904821,-0.212651,1.22143,-0.903283,-0.238724
0.0747555,-0.155755,-0.603586,-8.66249,838865744,1.07065,-0.724859,-0.213293,1.07231,-0.726099,-0.191213,1.05889,-0.743303,-0.191214,1.05726,-0.742031,-0.213293,1.25338,-0.862325,-0.238724,1.25533,-0.863789,-0.212651,1.23946,-0.88414,-0.212651,1.23754,-0.882639,-0.238724
0.0931209,-0.155895,-0.586236,-2.85969,838865745,1.08194,-0.705415,-0.213293,1.08362,-0.706628,-0.191214,1.07081,-0.72429,-0.191213,1.06916,-0.723044,-0.213293,1.26702,-0.839641,-0.238724,1.26899,-0.841074,-0.212651,1.25384,-0.861967,-0.212651,1.25189,-0.860496,-0.238724
0.0695217,-0.155762,-0.569071,-22.8544,838865746,1.09498,-0.687447,-0.213293,1.09667,-0.688628,-0.191214,1.08386,-0.706289,-0.191213,1.08219,-0.705076,-0.213293,1.28239,-0.818447,-0.238724,1.28439,-0.819842,-0.212651,1.26924,-0.840735,-0.212651,1.26726,-0.839302,-0.238724
0.0274271,-0.173056,-0.638108,-3.61545,838866254,1.04504,-0.7614,-0.235992,1.04695,-0.762943,-0.213952,1.03294,-0.779667,-0.213952,1.03106,-0.778093,-0.235992,1.22249,-0.904857,-0.265397,1.22474,-0.90668,-0.239371,1.20816,-0.926464,-0.239371,1.20594,-0.924605,-0.265397
0.00458733,-0.173209,-0.620756,-4.1877,838866255,1.057,-0.742362,-0.235992,1.05894,-0.743869,-0.213952,1.04552,-0.761072,-0.213952,1.04361,-0.759534,-0.235992,1.2369,-0.882676,-0.265397,1.23918,-0.884456,-0.239371,1.22331,-0.904807,-0.239371,1.22106,-0.90299,-0.265397
-0.0169098,-0.173061,-0.603594,-3.84489,838866256,1.07065,-0.724859,-0.235992,1.07261,-0.726335,-0.213952,1.05919,-0.743539,-0.213952,1.05726,-0.742031,-0.235992,1.253,-0.862032,-0.265397,1.25531,-0.863775,-0.239371,1.23944,-0.884126,-0.239371,1.23716,-0.882346,-0.265397
0.00979526,-0.173216,-0.586242,-4.74834,838866257,1.08194,-0.705415,-0.235992,1.08393,-0.706854,-0.213952,1.07112,-0.724516,-0.213952,1.06916,-0.723045,-0.235992,1.26663,-0.839361,-0.265397,1.26898,-0.84106,-0.239371,1.25382,-0.861953,-0.239371,1.25151,-0.860216,-0.265397
0.0327928,-0.173069,-0.56908,-3.94628,838866258,1.09498,-0.687447,-0.235992,1.09698,-0.688853,-0.213952,1.08417,-0.706515,-0.213952,1.08219,-0.705076,-0.235992,1.282,-0.818167,-0.265397,1.28437,-0.819828,-0.239371,1.26922,-0.840721,-0.239371,1.26688,-0.839022,-0.265397
0.03354,-0.173225,-0.551727,87.6741,838866259,1.10558,-0.66762,-0.235992,1.10761,-0.668989,-0.213952,1.09543,-0.687087,-0.213952,1.09342,-0.685685,-0.235992,1.29483,-0.795034,-0.265397,1.29723,-0.79665,-0.239371,1.28282,-0.818059,-0.239371,1.28044,-0.816404,-0.265397
-0.0122568,-0.17308,-0.534563,99.2344,838866260,1.11797,-0.649207,-0.235992,1.12003,-0.650543,-0.213952,1.10784,-0.668641,-0.213952,1.10581,-0.667273,-0.235992,1.30945,-0.773316,-0.265397,1.31188,-0.774893,-0.239371,1.29747,-0.796302,-0.239371,1.29507,-0.794686,-0.265397
-0.0361375,-0.173065,-0.461605,102.863,838866264,1.16246,-0.566052,-0.235992,1.1646,-0.567241,-0.213952,1.1537,-0.586143,-0.213952,1.15158,-0.584919,-0.235992,1.3621,-0.676543,-0.265397,1.36463,-0.677947,-0.239371,1.35174,-0.700307,-0.239371,1.34924,-0.698862,-0.265397
-0.0251674,-0.277329,-1.10792,-4.10954,838869299,0.586595,-1.15081,-0.374308,0.588533,-1.15515,-0.352398,0.568548,-1.16407,-0.352398,0.566706,-1.15968,-0.374308,0.677827,-1.35533,-0.42688,0.680099,-1.36042,-0.4012,0.656589,-1.37091,-0.4012,0.654431,-1.36576,-0.42688
0.0254726,-0.277088,-1.09075,-3.96072,838869300,0.606868,-1.14176,-0.374308,0.608902,-1.14607,-0.352398,0.588917,-1.15498,-0.352398,0.586979,-1.15064,-0.374308,0.701608,-1.34472,-0.42688,0.703992,-1.34976,-0.4012,0.680483,-1.36025,-0.4012,0.678211,-1.35515,-0.42688
0.0280053,-0.277324,-1.07341,-3.34309,838869301,0.625963,-1.1299,-0.374308,0.628052,-1.13417,-0.352398,0.60839,-1.14378,-0.352398,0.606396,-1.13946,-0.374308,0.724283,-1.33111,-0.42688,0.726731,-1.33612,-0.4012,0.703602,-1.34742,-0.4012,0.701265,-1.34235,-0.42688
0.135036,-0.277085,-1.05624,30.0204,838869302,0.645908,-1.12015,-0.374308,0.648091,-1.12438,-0.352398,0.62843,-1.13399,-0.352398,0.626341,-1.12971,-0.374308,0.747678,-1.31967,-0.42688,0.750238,-1.32463,-0.4012,0.727109,-1.33593,-0.4012,0.724661,-1.33092,-0.42688
0.14507,-0.277323,-1.0389,-0.607985,838869303,0.664577,-1.10763,-0.374308,0.666814,-1.11183,-0.352398,0.6475,-1.12211,-0.352398,0.645356,-1.11787,-0.374308,0.769864,-1.30528,-0.42688,0.772486,-1.3102,-0.4012,0.749766,-1.3223,-0.4012,0.747254,-1.31732,-0.42688
0.0745071,-0.277086,-1.02173,6.35986,838869304,0.684169,-1.09719,-0.374308,0.686499,-1.10134,-0.352398,0.667185,-1.11163,-0.352398,0.664949,-1.10743,-0.374308,0.792846,-1.29304,-0.42688,0.795577,-1.2979,-0.4012,0.772857,-1.31,-0.4012,0.770236,-1.30508,-0.42688
-0.0469398,-0.277326,-1.00439,-3.59774,838869305,0.70239,-1.08402,-0.374308,0.704771,-1.08814,-0.352398,0.685829,-1.0991,-0.352398,0.683538,-1.09493,-0.374308,0.814516,-1.27787,-0.42688,0.817308,-1.2827,-0.4012,0.795024,-1.29559,-0.4012,0.79234,-1.2907,-0.42688
0.0609854,-0.277091,-0.987213,-27.8142,838869306,0.721605,-1.07291,-0.374308,0.724079,-1.07697,-0.352398,0.705136,-1.08793,-0.352398,0.702754,-1.08381,-0.374308,0.837056,-1.26484,-0.42688,0.839955,-1.2696,-0.4012,0.817672,-1.28249,-0.4012,0.81488,-1.27766,-0.42688
-0.0170444,-0.277333,-0.969872,-4.06801,838869307,0.739355,-1.05911,-0.374308,0.741879,-1.06314,-0.352398,0.72333,-1.07475,-0.352398,0.720896,-1.07066,-0.374308,0.858183,-1.24893,-0.42688,0.861141,-1.25365,-0.4012,0.839322,-1.26731,-0.4012,0.836468,-1.26252,-0.42688
0.197441,-0.294752,-1.9096,47.5615,838869765,-0.418845,-1.22171,-0.397732,-0.420761,-1.22646,-0.375905,-0.441056,-1.21828,-0.375905,-0.439042,-1.21357,-0.397732,-0.502263,-1.42856,-0.454045,-0.504509,-1.43413,-0.428462,-0.528383,-1.4245,-0.428462,-0.526022,-1.41898,-0.454045
-0.020604,-0.294711,-1.10793,-2.15052,838869811,0.586595,-1.15081,-0.397732,0.588682,-1.15549,-0.375905,0.568697,-1.1644,-0.375905,0.566706,-1.15968,-0.397732,0.677456,-1.35449,-0.454045,0.679902,-1.35998,-0.428462,0.656393,-1.37046,-0.428462,0.65406,-1.36493,-0.454045
0.190582,-0.294456,-1.09076,-10.1831,838869812,0.606868,-1.14176,-0.397732,0.609051,-1.1464,-0.375905,0.589066,-1.15532,-0.375905,0.586979,-1.15064,-0.397732,0.701237,-1.34389,-0.454045,0.703796,-1.34932,-0.428462,0.680287,-1.35981,-0.428462,0.67784,-1.35432,-0.454045
0.878981,-0.294706,-1.07342,-0.392939,838869813,0.625963,-1.1299,-0.397732,0.628212,-1.1345,-0.375905,0.608551,-1.14411,-0.375905,0.606396,-1.13946,-0.397732,0.723883,-1.33029,-0.454045,0.726519,-1.33568,-0.428462,0.70339,-1.34698,-0.428462,0.700865,-1.34153,-0.454045
0.716331,-0.294453,-1.05625,1.12377,838869814,0.645908,-1.12015,-0.397732,0.648252,-1.12471,-0.375905,0.62859,-1.13432,-0.375905,0.626341,-1.12971,-0.397732,0.747278,-1.31885,-0.454045,0.750026,-1.3242,-0.428462,0.726897,-1.3355,-0.428462,0.724261,-1.3301,-0.454045
0.119221,-0.294705,-1.0389,-1.26771,838869815,0.664577,-1.10763,-0.397732,0.666986,-1.11215,-0.375905,0.647672,-1.12244,-0.375905,0.645356,-1.11787,-0.397732,0.769436,-1.30447,-0.454045,0.772259,-1.30977,-0.428462,0.749539,-1.32188,-0.428462,0.746825,-1.31652,-0.454045
0.0428102,-0.294454,-1.02173,-0.64254,838869816,0.684169,-1.09719,-0.397732,0.686671,-1.10166,-0.375905,0.667357,-1.11195,-0.375905,0.664948,-1.10743,-0.397732,0.792418,-1.29223,-0.454045,0.79535,-1.29747,-0.428462,0.77263,-1.30958,-0.428462,0.769807,-1.30428,-0.454045
0.197898,-0.294708,-1.00439,7.35928,838869817,0.70239,-1.08402,-0.397732,0.704955,-1.08846,-0.375905,0.686012,-1.09941,-0.375905,0.683538,-1.09493,-0.397732,0.814059,-1.27708,-0.454045,0.817066,-1.28228,-0.428462,0.794783,-1.29517,-0.428462,0.791883,-1.28991,-0.454045
-0.0383903,-0.294459,-0.987221,-2.33877,838869818,0.721605,-1.07291,-0.397732,0.724262,-1.07729,-0.375905,0.705319,-1.08825,-0.375905,0.702754,-1.08381,-0.397732,0.8366,-1.26405,-0.454045,0.839713,-1.26918,-0.428462,0.81743,-1.28207,-0.428462,0.814424,-1.27687,-0.454045
0.0239882,-0.294715,-0.969878,-2.89676,838869819,0.739355,-1.05911,-0.397732,0.742073,-1.06345,-0.375905,0.723525,-1.07506,-0.375905,0.720896,-1.07066,-0.397732,0.857699,-1.24815,-0.454045,0.860885,-1.25324,-0.428462,0.839066,-1.2669,-0.428462,0.835984,-1.26175,-0.454045
0.065431,-0.312075,-1.10793,-2.82649,838870323,0.586595,-1.15081,-0.421251,0.58883,-1.15582,-0.399514,0.568845,-1.16473,-0.399514,0.566706,-1.15968,-0.421251,0.677059,-1.3536,-0.48129,0.67968,-1.35948,-0.455811,0.65617,-1.36997,-0.455811,0.653663,-1.36404,-0.48129
0.278052,-0.311806,-1.09077,-7.87457,838870324,0.606868,-1.14176,-0.421251,0.6092,-1.14673,-0.399514,0.589215,-1.15565,-0.399514,0.586979,-1.15064,-0.421251,0.70084,-1.343,-0.48129,0.703573,-1.34882,-0.455811,0.680064,-1.35931,-0.455811,0.677444,-1.35343,-0.48129
1.81538,-0.312069,-1.07342,-0.527583,838870325,0.625963,-1.1299,-0.421251,0.628372,-1.13483,-0.399514,0.608711,-1.14444,-0.399514,0.606396,-1.13946,-0.421251,0.723455,-1.32941,-0.48129,0.726279,-1.33519,-0.455811,0.70315,-1.34649,-0.455811,0.700438,-1.34066,-0.48129
0.138832,-0.311802,-1.05625,-19.4652,838870326,0.645908,-1.12015,-0.421251,0.648412,-1.12504,-0.399514,0.62875,-1.13464,-0.399514,0.626341,-1.12971,-0.421251,0.746851,-1.31798,-0.48129,0.749786,-1.3237,-0.455811,0.726657,-1.33501,-0.455811,0.723833,-1.32923,-0.48129
0.0330507,-0.312068,-1.03891,-3.06334,838870327,0.664577,-1.10763,-0.421251,0.667157,-1.11247,-0.399514,0.647843,-1.12276,-0.399514,0.645356,-1.11787,-0.421251,0.768978,-1.30361,-0.48129,0.772002,-1.30929,-0.455811,0.749282,-1.32139,-0.455811,0.746367,-1.31566,-0.48129
0.0680482,-0.311803,-1.02174,-1.81823,838870328,0.684169,-1.09719,-0.421251,0.686842,-1.10198,-0.399514,0.667529,-1.11227,-0.399514,0.664948,-1.10743,-0.421251,0.79196,-1.29137,-0.48129,0.795093,-1.29699,-0.455811,0.772373,-1.30909,-0.455811,0.769349,-1.30342,-0.48129
1.49407,-0.312072,-1.0044,-0.53651,838870329,0.70239,-1.08402,-0.421251,0.705137,-1.08877,-0.399514,0.686195,-1.09973,-0.399514,0.683538,-1.09493,-0.421251,0.813572,-1.27624,-0.48129,0.816792,-1.28181,-0.455811,0.794509,-1.2947,-0.455811,0.791396,-1.28907,-0.48129
0.0582546,-0.311809,-0.987229,-2.76765,838870330,0.721605,-1.07291,-0.421251,0.724445,-1.0776,-0.399514,0.705502,-1.08856,-0.399514,0.702754,-1.08381,-0.421251,0.836112,-1.2632,-0.48129,0.83944,-1.26871,-0.455811,0.817157,-1.2816,-0.455811,0.813936,-1.27603,-0.48129
0.092176,-0.312079,-0.969884,15.739,838870331,0.739355,-1.05911,-0.421251,0.742267,-1.06376,-0.399514,0.723718,-1.07537,-0.399514,0.720896,-1.07066,-0.421251,0.857182,-1.24733,-0.48129,0.860595,-1.25278,-0.455811,0.838776,-1.26644,-0.455811,0.835468,-1.26092,-0.48129
0.0898839,-0.329421,-1.10794,-33.0441,838870835,0.586595,-1.15081,-0.444874,0.588978,-1.15615,-0.423231,0.568993,-1.16507,-0.423231,0.566706,-1.15968,-0.444874,0.676637,-1.35266,-0.508621,0.679431,-1.35892,-0.483254,0.655921,-1.36941,-0.483254,0.653241,-1.36309,-0.508621
0.0396913,-0.329138,-1.09078,-1.2366,838870836,0.606868,-1.14176,-0.444874,0.609348,-1.14706,-0.423231,0.589363,-1.15598,-0.423231,0.586979,-1.15064,-0.444874,0.700418,-1.34205,-0.508621,0.703325,-1.34826,-0.483254,0.679815,-1.35875,-0.483254,0.677021,-1.35249,-0.508621
-0.0179401,-0.329415,-1.07343,-2.25315,838870837,0.625963,-1.1299,-0.444874,0.628532,-1.13516,-0.423231,0.60887,-1.14476,-0.423231,0.606396,-1.13946,-0.444874,0.723,-1.32848,-0.508621,0.726011,-1.33464,-0.483254,0.702882,-1.34594,-0.483254,0.699983,-1.33973,-0.508621
0.0107394,-0.329134,-1.05626,-2.59817,838870838,0.645908,-1.12015,-0.444874,0.648571,-1.12536,-0.423231,0.62891,-1.13497,-0.423231,0.626341,-1.12971,-0.444874,0.746396,-1.31705,-0.508621,0.749518,-1.32316,-0.483254,0.726389,-1.33446,-0.483254,0.723378,-1.3283,-0.508621
-0.0185224,-0.329414,-1.03892,-1.20092,838870839,0.664577,-1.10763,-0.444874,0.667328,-1.11279,-0.423231,0.648014,-1.12308,-0.423231,0.645356,-1.11787,-0.444874,0.768491,-1.3027,-0.508621,0.771715,-1.30875,-0.483254,0.748995,-1.32085,-0.483254,0.74588,-1.31474,-0.508621
0.0347166,-0.329135,-1.02175,-1.18409,838870840,0.684169,-1.09719,-0.444874,0.687013,-1.10231,-0.423231,0.667699,-1.11259,-0.423231,0.664948,-1.10743,-0.444874,0.791473,-1.29046,-0.508621,0.794806,-1.29645,-0.483254,0.772086,-1.30855,-0.483254,0.768862,-1.3025,-0.508621
0.113781,-0.329417,-1.0044,-29.8595,838870841,0.70239,-1.08402,-0.444874,0.705319,-1.08909,-0.423231,0.686376,-1.10004,-0.423231,0.683538,-1.09493,-0.444874,0.813053,-1.27535,-0.508621,0.816487,-1.28128,-0.483254,0.794203,-1.29417,-0.483254,0.790877,-1.28817,-0.508621
0.0533191,-0.329141,-0.987238,-2.24919,838870842,0.721605,-1.07291,-0.444874,0.724626,-1.07792,-0.423231,0.705683,-1.08888,-0.423231,0.702754,-1.08381,-0.444874,0.835593,-1.26231,-0.508621,0.839134,-1.26818,-0.483254,0.816851,-1.28107,-0.483254,0.813417,-1.27513,-0.508621
-0.0536099,-0.329425,-0.96989,-2.49023,838870843,0.739355,-1.05911,-0.444874,0.742459,-1.06407,-0.423231,0.723911,-1.07568,-0.423231,0.720896,-1.07066,-0.444874,0.856633,-1.24645,-0.508621,0.860272,-1.25226,-0.483254,0.838452,-1.26592,-0.483254,0.834918,-1.26004,-0.508621
-0.103111,-0.34675,-1.10795,-2.60314,838871347,0.586595,-1.15081,-0.468607,0.589126,-1.15648,-0.447065,0.56914,-1.1654,-0.447065,0.566706,-1.15968,-0.468606,0.67619,-1.35166,-0.536045,0.679156,-1.35831,-0.510795,0.655647,-1.36879,-0.510795,0.652793,-1.36209,-0.536045
-0.0299767,-0.346453,-1.09078,-1.4351,838871348,0.606868,-1.14176,-0.468607,0.609495,-1.14739,-0.447065,0.58951,-1.15631,-0.447065,0.586979,-1.15064,-0.468606,0.69997,-1.34105,-0.536045,0.70305,-1.34765,-0.510795,0.67954,-1.35813,-0.510795,0.676574,-1.35148,-0.536045
-0.0317331,-0.346744,-1.07343,-2.11174,838871349,0.625963,-1.1299,-0.468606,0.62869,-1.13548,-0.447065,0.609029,-1.14509,-0.447065,0.606396,-1.13946,-0.468606,0.722518,-1.32749,-0.536045,0.725715,-1.33404,-0.510795,0.702586,-1.34534,-0.510795,0.699501,-1.33874,-0.536045
-0.0702803,-0.346449,-1.05627,-2.06473,838871350,0.645908,-1.12015,-0.468606,0.64873,-1.12569,-0.447065,0.629069,-1.1353,-0.447065,0.626341,-1.12971,-0.468606,0.745914,-1.31606,-0.536045,0.749222,-1.32255,-0.510795,0.726093,-1.33385,-0.510795,0.722896,-1.32731,-0.536045
-0.000445188,-0.346743,-1.03892,-1.51558,838871351,0.664577,-1.10763,-0.468606,0.667498,-1.11311,-0.447065,0.648184,-1.1234,-0.447065,0.645356,-1.11787,-0.468607,0.767974,-1.30173,-0.536045,0.771398,-1.30816,-0.510795,0.748678,-1.32026,-0.510795,0.745364,-1.31378,-0.536045
-0.028497,-0.346451,-1.02176,-1.34243,838871352,0.684169,-1.09719,-0.468607,0.687183,-1.10262,-0.447065,0.667869,-1.11291,-0.447065,0.664949,-1.10743,-0.468606,0.790956,-1.28949,-0.536045,0.794489,-1.29586,-0.510795,0.771769,-1.30796,-0.510795,0.768346,-1.30153,-0.536045
0.089602,-0.346746,-1.00441,0.788293,838871353,0.70239,-1.08402,-0.468607,0.7055,-1.0894,-0.447065,0.686557,-1.10036,-0.447065,0.683538,-1.09493,-0.468606,0.812503,-1.27439,-0.536045,0.816149,-1.2807,-0.510795,0.793866,-1.29359,-0.510795,0.790327,-1.28722,-0.536045
-0.0818787,-0.346457,-0.987246,-1.7704,838871354,0.721605,-1.07291,-0.468607,0.724807,-1.07823,-0.447065,0.705864,-1.08919,-0.447065,0.702754,-1.08381,-0.468606,0.835044,-1.26136,-0.536045,0.838797,-1.2676,-0.510795,0.816513,-1.28049,-0.510795,0.812867,-1.27418,-0.536045
0.00730676,-0.346755,-0.969896,-1.0327,838871355,0.739355,-1.05911,-0.468607,0.742651,-1.06437,-0.447065,0.724103,-1.07599,-0.447065,0.720896,-1.07066,-0.468606,0.85605,-1.24552,-0.536045,0.859914,-1.25169,-0.510795,0.838094,-1.26535,-0.510795,0.834335,-1.25911,-0.536045
0.200228,-0.398914,2.52074,28.1913,838872731,-1.057,0.742363,-0.540994,-1.06277,0.746859,-0.51965,-1.04929,0.764139,-0.51965,-1.04361,0.759535,-0.540994,-1.22762,0.875439,-0.619063,-1.23434,0.880681,-0.594177,-1.21855,0.900922,-0.594177,-1.21193,0.895554,-0.619063
0.281969,-0.398914,-1.66805,45.0954,838872851,-0.114404,-1.28657,-0.540994,-0.115415,-1.29381,-0.51965,-0.137119,-1.29078,-0.51965,-0.135972,-1.28356,-0.540994,-0.144342,-1.50087,-0.619063,-0.145522,-1.50931,-0.594177,-0.170945,-1.50576,-0.594177,-0.169608,-1.49734,-0.619063
0.166429,-0.433286,1.63268,41.442,838873704,-0.0910147,1.28974,-0.589926,-0.0911569,1.29774,-0.568831,-0.0692422,1.29776,-0.56883,-0.0692369,1.28976,-0.589926,-0.0948889,1.50347,-0.67498,-0.0950548,1.5128,-0.650384,-0.0693847,1.51281,-0.650384,-0.0693784,1.50349,-0.67498
0.188813,-0.472564,2.18882,43.9125,838874760,-0.758172,1.04733,-0.646197,-0.76291,1.05459,-0.62537,-0.744311,1.06623,-0.62537,-0.739713,1.05888,-0.646196,-0.873175,1.22424,-0.737862,-0.878666,1.23265,-0.713722,-0.856988,1.24622,-0.713722,-0.851659,1.23771,-0.737862
0.397757,-0.47296,2.20616,47.862,838874761,-0.775426,1.03292,-0.646197,-0.780277,1.0401,-0.62537,-0.762096,1.05239,-0.62537,-0.757382,1.04511,-0.646196,-0.893549,1.20773,-0.737862,-0.899173,1.21605,-0.713722,-0.877982,1.23037,-0.713722,-0.872517,1.22194,-0.737862
1.17153,-0.472972,2.6627,48.5703,838874787,-1.15137,0.585284,-0.646197,-1.15888,0.589612,-0.62537,-1.14792,0.608622,-0.62537,-1.14049,0.604151,-0.646196,-1.33415,0.69065,-0.737862,-1.34285,0.695666,-0.713722,-1.33008,0.717824,-0.713722,-1.32147,0.712642,-0.737862
0.17757,-0.472951,2.69721,8.02322,838874789,-1.17093,0.545229,-0.646197,-1.17858,0.549292,-0.62537,-1.1683,0.568674,-0.62537,-1.16072,0.564465,-0.646196,-1.35728,0.644148,-0.737862,-1.36615,0.648857,-0.713722,-1.35416,0.671447,-0.713722,-1.34538,0.666568,-0.737862
0.662284,-0.490218,2.20615,49.2462,838875273,-0.775426,1.03292,-0.671209,-0.780458,1.04037,-0.65052,-0.762277,1.05265,-0.65052,-0.757382,1.04511,-0.671209,-0.892736,1.20652,-0.766148,-0.898569,1.21516,-0.742167,-0.877378,1.22948,-0.742167,-0.871704,1.22074,-0.766148
0.197664,-0.48983,2.22333,52.0059,838875274,-0.793822,1.02049,-0.671209,-0.798991,1.02785,-0.65052,-0.78081,1.04013,-0.65052,-0.775777,1.03268,-0.671209,-0.914119,1.19207,-0.766148,-0.920111,1.2006,-0.742167,-0.89892,1.21492,-0.742167,-0.893087,1.20629,-0.766148
0.204139,-0.507457,2.20615,25.1368,838875785,-0.775426,1.03292,-0.696394,-0.780638,1.04063,-0.675848,-0.762457,1.05292,-0.675848,-0.757382,1.04511,-0.696394,-0.891894,1.20528,-0.794583,-0.897936,1.21422,-0.770768,-0.876745,1.22854,-0.770768,-0.870862,1.21949,-0.794583
1.80692,-0.541418,2.36529,49.6121,838876818,-0.930325,0.897962,-0.747269,-0.93711,0.905201,-0.727072,-0.920794,0.919913,-0.727072,-0.914151,0.912545,-0.747269,-1.07013,1.04785,-0.851731,-1.07795,1.05618,-0.828468,-1.05904,1.07323,-0.828468,-1.05139,1.06475,-0.851731
0.815637,-0.575653,2.39979,48.3967,838877844,-0.960777,0.865345,-0.798841,-0.968223,0.87277,-0.778947,-0.952431,0.888042,-0.778947,-0.945122,0.880484,-0.798841,-1.10352,1.00796,-0.909329,-1.1121,1.01652,-0.886414,-1.09379,1.03422,-0.886414,-1.08538,1.02551,-0.909329
0.342552,-0.59275,2.39979,1.07823,838878356,-0.960777,0.865345,-0.824932,-0.968428,0.872981,-0.805196,-0.952635,0.888253,-0.805196,-0.945122,0.880484,-0.824932,-1.10237,1.00677,-0.938397,-1.11118,1.01557,-0.915665,-1.09288,1.03327,-0.915665,-1.08422,1.02432,-0.938397
0.239404,-0.593213,2.41713,-5.21521,838878357,-0.974659,0.847667,-0.824932,-0.982439,0.855169,-0.805196,-0.96719,0.870984,-0.805196,-0.959543,0.863344,-0.824932,-1.1187,0.986557,-0.938397,-1.12766,0.995198,-0.915665,-1.10998,1.01353,-0.915665,-1.10118,1.00473,-0.938397
0.222335,-0.610331,2.69716,47.1322,838878885,-1.17093,0.54523,-0.851239,-1.18073,0.550434,-0.831665,-1.17043,0.569838,-0.831665,-1.16072,0.564466,-0.851239,-1.34616,0.638248,-0.967656,-1.35745,0.644242,-0.945111,-1.34552,0.666732,-0.945111,-1.33433,0.660544,-0.967656
0.237153,-0.713117,-1.87525,49.6702,838882055,-0.376462,-1.23551,-1.0151,-0.380861,-1.24762,-0.996316,-0.401555,-1.2401,-0.996316,-0.396931,-1.22807,-1.0151,-0.440617,-1.41214,-1.14775,-0.445612,-1.42589,-1.12642,-0.469302,-1.41729,-1.12642,-0.464051,-1.40363,-1.14775
0.303954,-0.72971,1.4906,48.8546,838882400,0.0924135,1.28964,-1.04345,0.0939937,1.30269,-1.02484,0.115799,1.29964,-1.02484,0.113982,1.28663,-1.04345,0.115043,1.47442,-1.1786,0.116837,1.48923,-1.15747,0.141798,1.48574,-1.15747,0.139735,1.47097,-1.1786
0.208096,-0.854824,-0.638344,36.6037,838886222,1.04505,-0.761394,-1.26018,1.05668,-0.770794,-1.24266,1.04252,-0.787689,-1.24266,1.03106,-0.778088,-1.26018,1.17963,-0.870245,-1.41169,1.19274,-0.880841,-1.39194,1.17665,-0.900053,-1.39194,1.16373,-0.88923,-1.41169
0.175827,-0.889732,1.40435,42.1066,838887003,0.20288,1.27567,-1.32289,0.206078,1.29077,-1.30571,0.227658,1.2862,-1.30571,0.224186,1.27116,-1.32289,0.23795,1.44129,-1.47862,0.241528,1.45818,-1.45939,0.265903,1.45302,-1.45939,0.262018,1.43619,-1.47862
-0.0347578,-0.889134,3.06332,-2.27906,838887098,-1.28987,0.0898727,-1.32289,-1.30519,0.0917319,-1.30571,-1.30214,0.113578,-1.30571,-1.28685,0.111441,-1.32289,-1.45792,0.11052,-1.47862,-1.47506,0.112601,-1.45939,-1.47161,0.137277,-1.45939,-1.45451,0.134885,-1.47862
0.0286237,-0.889748,3.08065,-2.22002,838887099,-1.28993,0.0674049,-1.32289,-1.30528,0.0690071,-1.30571,-1.30299,0.0909466,-1.30571,-1.28766,0.089065,-1.32289,-1.4583,0.0849797,-1.47862,-1.47547,0.0867726,-1.45939,-1.47289,0.111554,-1.45939,-1.45574,0.109449,-1.47862
0.135317,-0.889116,3.09783,-22.7052,838887100,-1.29223,0.0453125,-1.32289,-1.30761,0.0466354,-1.30571,-1.30532,0.0685749,-1.30571,-1.28997,0.0669726,-1.32289,-1.4609,0.0600785,-1.47862,-1.4781,0.0615589,-1.45939,-1.47552,0.0863404,-1.45939,-1.45834,0.0845474,-1.47862
0.0460439,-0.889735,3.11517,79.6044,838887101,-1.2915,0.0228564,-1.32289,-1.3069,0.0239216,-1.30571,-1.30538,0.0459277,-1.30571,-1.29,0.0445822,-1.32289,-1.46038,0.03454,-1.47862,-1.47761,0.035732,-1.45939,-1.47589,0.0605887,-1.45939,-1.45869,0.0590831,-1.47862
0.388672,-0.906884,1.40435,48.1828,838887515,0.20288,1.27567,-1.3548,0.20612,1.29097,-1.3378,0.2277,1.2864,-1.3378,0.224186,1.27116,-1.3548,0.237563,1.43946,-1.51253,0.241188,1.45658,-1.4935,0.265563,1.45141,-1.4935,0.261631,1.43436,-1.51253
0.0120032,-0.906279,3.06331,-3.70811,838887610,-1.28987,0.0898728,-1.3548,-1.3054,0.0917601,-1.3378,-1.30234,0.113606,-1.3378,-1.28685,0.111441,-1.3548,-1.45607,0.110262,-1.51253,-1.47344,0.112374,-1.4935,-1.46999,0.13705,-1.4935,-1.45266,0.134627,-1.51253
1.59599,-0.9069,3.08065,-0.153989,838887611,-1.28993,0.0674049,-1.3548,-1.30548,0.0690282,-1.3378,-1.30319,0.0909678,-1.3378,-1.28766,0.089065,-1.3548,-1.45644,0.0847858,-1.51253,-1.47384,0.0866023,-1.4935,-1.47126,0.111384,-1.4935,-1.45388,0.109255,-1.51253
0.24907,-0.906261,3.09783,-9.98164,838887612,-1.29223,0.0453125,-1.3548,-1.30781,0.0466565,-1.3378,-1.30552,0.068596,-1.3378,-1.28997,0.0669726,-1.3548,-1.45904,0.0598846,-1.51253,-1.47647,0.0613886,-1.4935,-1.47389,0.0861701,-1.4935,-1.45648,0.0843535,-1.51253
0.12504,-0.906887,3.11516,-2.54789,838887613,-1.2915,0.0228564,-1.3548,-1.3071,0.0239356,-1.3378,-1.30558,0.0459417,-1.3378,-1.29,0.0445823,-1.3548,-1.45852,0.0344111,-1.51253,-1.47598,0.0356188,-1.4935,-1.47426,0.0604755,-1.4935,-1.45682,0.0589542,-1.51253
-0.014252,-0.923402,3.06331,-4.06476,838888122,-1.28987,0.0898727,-1.38705,-1.30559,0.091788,-1.37024,-1.30254,0.113634,-1.37024,-1.28685,0.111441,-1.38705,-1.45419,0.11,-1.54677,-1.47179,0.112143,-1.52795,-1.46834,0.136819,-1.52795,-1.45078,0.134365,-1.54677
0.117778,-0.924029,3.08064,-2.07582,838888123,-1.28993,0.0674049,-1.38705,-1.30568,0.0690492,-1.37024,-1.30339,0.0909887,-1.37024,-1.28766,0.089065,-1.38705,-1.45456,0.0845894,-1.54677,-1.47218,0.0864294,-1.52795,-1.4696,0.111211,-1.52795,-1.452,0.109058,-1.54677
0.0127126,-0.923383,3.09782,-2.764,838888124,-1.29223,0.0453125,-1.38705,-1.30801,0.0466774,-1.37024,-1.30572,0.0686169,-1.37024,-1.28997,0.0669726,-1.38705,-1.45716,0.0596882,-1.54677,-1.47482,0.0612156,-1.52795,-1.47223,0.0859971,-1.52795,-1.4546,0.0841571,-1.54677
0.0413421,-0.924016,3.11516,-4.50262,838888125,-1.2915,0.0228563,-1.38705,-1.3073,0.0239496,-1.37024,-1.30578,0.0459557,-1.37024,-1.29,0.0445822,-1.38705,-1.45663,0.0342805,-1.54677,-1.47431,0.0355039,-1.52795,-1.47259,0.0603606,-1.52795,-1.45494,0.0588236,-1.54677
-0.0752314,-0.940503,3.0633,-4.21405,838888634,-1.28987,0.0898727,-1.41968,-1.30579,0.0918157,-1.40306,-1.30274,0.113662,-1.40306,-1.28685,0.111441,-1.41968,-1.4523,0.109735,-1.58135,-1.47011,0.111909,-1.56275,-1.46666,0.136585,-1.56275,-1.44889,0.134099,-1.58135
0.0114091,-0.941138,3.08064,-3.5224,838888635,-1.28993,0.0674048,-1.41968,-1.30588,0.0690699,-1.40306,-1.30359,0.0910094,-1.40306,-1.28766,0.089065,-1.41968,-1.45265,0.0843905,-1.58135,-1.4705,0.0862537,-1.56275,-1.46791,0.111035,-1.56275,-1.4501,0.108859,-1.58135
0.104493,-0.940485,3.09782,28.0845,838888636,-1.29223,0.0453124,-1.41968,-1.30821,0.0466981,-1.40306,-1.30592,0.0686376,-1.40306,-1.28997,0.0669725,-1.41968,-1.45525,0.0594893,-1.58135,-1.47313,0.06104,-1.56275,-1.47055,0.0858215,-1.56275,-1.4527,0.0839582,-1.58135
-0.0891662,-0.941124,3.11516,-3.6611,838888637,-1.2915,0.0228563,-1.41968,-1.3075,0.0239633,-1.40306,-1.30598,0.0459694,-1.40306,-1.29,0.0445822,-1.41968,-1.45472,0.0341483,-1.58135,-1.47263,0.0353871,-1.56275,-1.47091,0.0602438,-1.56275,-1.45302,0.0586914,-1.58135
0.48914,-1.27197,-1.2502,37.1809,838898475,0.417772,-1.22208,-2.14506,0.423192,-1.24092,-2.13152,0.401933,-1.24704,-2.13152,0.396843,-1.2281,-2.14506,0.45345,-1.34609,-2.33546,0.459345,-1.36659,-2.32073,0.435948,-1.37332,-2.32073,0.430412,-1.35272,-2.33546
0.391458,-1.33979,-0.185822,48.6604,838900584,1.2726,-0.227673,-2.32205,1.29232,-0.232204,-2.30911,1.28698,-0.253686,-2.30911,1.26735,-0.248808,-2.32205,1.39181,-0.255172,-2.51684,1.41312,-0.260069,-2.50285,1.40728,-0.283569,-2.50285,1.38606,-0.278298,-2.51684
0.293019,-1.35689,2.64512,49.2419,838900898,-1.14218,0.605787,-2.36792,-1.15962,0.616251,-2.35515,-1.14791,0.63503,-2.35515,-1.13065,0.624263,-2.36792,-1.24565,0.667936,-2.56372,-1.26451,0.679245,-2.54992,-1.25169,0.699787,-2.54992,-1.23304,0.688152,-2.56372
0.236234,-1.39177,-3.06458,-25.1809,838901955,-1.28689,-0.110734,-2.46155,-1.30743,-0.111468,-2.44911,-1.30822,-0.0893477,-2.44911,-1.28767,-0.0889696,-2.46154,-1.4042,-0.114926,-2.65934,-1.4264,-0.11572,-2.64591,-1.42726,-0.0915213,-2.64591,-1.40505,-0.0911127,-2.65934
0.301772,-1.40814,-0.0783816,31.0378,838902278,1.28987,-0.0898666,-2.5098,1.31057,-0.0923892,-2.49743,1.3075,-0.114322,-2.49743,1.28686,-0.111435,-2.5098,1.40487,-0.104013,-2.7085,1.42709,-0.106722,-2.69522,1.42376,-0.130579,-2.69522,1.40158,-0.127478,-2.7085
0.201497,-1.42607,2.76599,-2.25111,838902953,-1.2058,0.463203,-2.55868,-1.22493,0.471707,-2.54647,-1.21594,0.491945,-2.54647,-1.19695,0.483105,-2.55868,-1.31025,0.509616,-2.75827,-1.3308,0.518748,-2.74516,-1.32102,0.540762,-2.74516,-1.30063,0.531268,-2.75827
0.476045,-1.44329,0.460587,50.0101,838903333,1.15188,0.58427,-2.60821,1.17109,0.592842,-2.59617,1.18012,0.572619,-2.59617,1.16076,0.564383,-2.60821,1.25485,0.630215,-2.80869,1.27548,0.639422,-2.79575,1.28529,0.617424,-2.79575,1.2645,0.608579,-2.80869
0.196406,-1.45963,-0.461971,-44.083,838904152,1.16246,-0.566039,-2.65843,1.18095,-0.576273,-2.64655,1.16989,-0.595459,-2.64655,1.15159,-0.584907,-2.65843,1.25975,-0.61991,-2.85978,1.2796,-0.6309,-2.84702,1.26757,-0.651769,-2.84702,1.24791,-0.640437,-2.85978
0.161641,-1.4767,1.14139,9.05274,838904396,0.527917,1.18027,-2.70935,0.537539,1.19918,-2.69763,0.557101,1.1888,-2.69763,0.547154,1.17006,-2.70935,0.57761,1.278,-2.91156,0.587944,1.29831,-2.89897,0.609222,1.28702,-2.89897,0.598539,1.26689,-2.91156
0.178342,-1.47756,1.5423,-24.3835,838904419,0.0254011,1.29127,-2.70935,0.0268626,1.31244,-2.69763,0.0489559,1.31091,-2.69763,0.0471271,1.28977,-2.70935,0.0329525,1.40063,-2.91156,0.0345222,1.42336,-2.89897,0.0585535,1.42171,-2.89897,0.0565895,1.399,-2.91156
0.224731,-1.47665,1.77049,-1.03037,838904432,-0.26766,1.26502,-2.70935,-0.270994,1.28598,-2.69763,-0.249066,1.28908,-2.69763,-0.246097,1.26807,-2.70935,-0.284897,1.37329,-2.91156,-0.288477,1.39581,-2.89897,-0.264626,1.39918,-2.89897,-0.261436,1.37661,-2.91156
0.210985,-1.47668,3.0632,8.3356,838904506,-1.28987,0.0898666,-2.70935,-1.31094,0.092441,-2.69763,-1.30787,0.114373,-2.69763,-1.28686,0.111435,-2.70935,-1.3987,0.103151,-2.91156,-1.42133,0.105916,-2.89897,-1.41799,0.129772,-2.89897,-1.39542,0.126616,-2.91156
0.120209,-1.47747,-0.62113,39.0049,838904655,1.05699,-0.742373,-2.70935,1.07373,-0.755424,-2.69763,1.06011,-0.772886,-2.69763,1.0436,-0.759545,-2.70935,1.14343,-0.809791,-2.91156,1.1614,-0.823808,-2.89897,1.14659,-0.842802,-2.89897,1.12886,-0.828474,-2.91156
0.690494,0.0117392,-1.40488,1.73049,838927138,0.202592,-1.27572,0.0269319,0.202592,-1.27572,0.00338404,0.223908,-1.27121,0.00338404,0.223898,-1.27121,0.0269319,0.250189,-1.50074,0.028832,0.250189,-1.50074,0.00338405,0.275433,-1.4954,0.00338404,0.275422,-1.4954,0.028832
0.0421008,0.0117289,-1.38753,-2.0433,838927139,0.224947,-1.27332,0.0269319,0.224937,-1.27332,0.00338404,0.246083,-1.26807,0.00338404,0.246083,-1.26807,0.0269319,0.27648,-1.49751,0.028832,0.276469,-1.49751,0.00338404,0.301511,-1.49129,0.00338404,0.301511,-1.49129,0.028832
0.00334867,0.0117393,-1.37037,-1.73791,838927140,0.246489,-1.26797,0.0269319,0.246489,-1.26797,0.00338404,0.267635,-1.26272,0.00338405,0.267625,-1.26272,0.0269319,0.301917,-1.49119,0.028832,0.301917,-1.49119,0.00338404,0.326959,-1.48497,0.00338405,0.326948,-1.48497,0.028832
0.0210319,0.011729,-1.35302,-1.49616,838927141,0.268747,-1.26479,0.0269319,0.268737,-1.26479,0.00338404,0.289687,-1.2588,0.00338404,0.289687,-1.2588,0.0269319,0.328078,-1.48704,0.028832,0.328067,-1.48704,0.00338404,0.352877,-1.47995,0.00338404,0.352877,-1.47995,0.028832
-0.0338313,0.0117395,-1.33586,-2.01499,838927142,0.290089,-1.25869,0.0269319,0.290089,-1.25869,0.00338404,0.311039,-1.2527,0.00338404,0.311029,-1.25271,0.0269319,0.353279,-1.47984,0.028832,0.353279,-1.47984,0.00338404,0.378089,-1.47275,0.00338404,0.378078,-1.47275,0.028832
-0.0269232,0.0117293,-1.31851,-1.30608,838927143,0.312223,-1.25473,0.0269319,0.312213,-1.25474,0.00338405,0.332941,-1.24802,0.00338404,0.332941,-1.24802,0.0269319,0.37928,-1.47478,0.028832,0.379269,-1.47478,0.00338405,0.403816,-1.46683,0.00338404,0.403816,-1.46683,0.028832
0.113603,0.0302909,-1.40488,-1.6375,838927650,0.202592,-1.27572,0.0508939,0.202632,-1.27591,0.0273468,0.223949,-1.2714,0.0273468,0.223898,-1.27121,0.0508939,0.250185,-1.50072,0.054686,0.250228,-1.50092,0.0292388,0.275472,-1.49558,0.0292388,0.275418,-1.49538,0.054686
0.0382217,0.0302642,-1.38753,-2.27035,838927651,0.224947,-1.27332,0.0508939,0.224984,-1.27351,0.0273468,0.24613,-1.26826,0.0273468,0.246083,-1.26807,0.0508939,0.276474,-1.49748,0.054686,0.276514,-1.49769,0.0292388,0.301556,-1.49147,0.0292388,0.301505,-1.49127,0.054686
0.0337894,0.030291,-1.37037,-2.42535,838927652,0.246489,-1.26797,0.0508939,0.246536,-1.26816,0.0273468,0.267682,-1.26291,0.0273468,0.267625,-1.26272,0.0508939,0.301911,-1.49117,0.054686,0.301962,-1.49137,0.0292388,0.327004,-1.48515,0.0292388,0.326942,-1.48495,0.054686
0.0205539,0.0302645,-1.35302,-1.68141,838927653,0.268747,-1.26479,0.0508939,0.26879,-1.26498,0.0273468,0.28974,-1.25899,0.0273468,0.289687,-1.2588,0.0508939,0.328072,-1.48702,0.054686,0.328118,-1.48722,0.0292388,0.352928,-1.48013,0.0292388,0.35287,-1.47993,0.054686
0.0326968,0.0302915,-1.33585,-2.92524,838927654,0.290089,-1.25869,0.0508939,0.290143,-1.25888,0.0273468,0.311092,-1.25289,0.0273468,0.311029,-1.25271,0.0508939,0.353273,-1.47982,0.054686,0.35333,-1.48002,0.0292388,0.37814,-1.47293,0.0292388,0.378072,-1.47273,0.054686
0.0660964,0.0302653,-1.31851,-28.8755,838927655,0.312223,-1.25473,0.0508939,0.312272,-1.25492,0.0273468,0.333,-1.24821,0.0273468,0.332941,-1.24802,0.0508939,0.379272,-1.47476,0.054686,0.379326,-1.47496,0.0292388,0.403873,-1.46701,0.0292388,0.403809,-1.46681,0.054686
-0.0488905,0.0487888,-1.38753,-3.7029,838928163,0.224947,-1.27332,0.0748583,0.22503,-1.2737,0.0513136,0.246177,-1.26845,0.0513136,0.246083,-1.26807,0.0748583,0.276465,-1.49745,0.0805421,0.276555,-1.49785,0.0550975,0.301597,-1.49164,0.0550975,0.301496,-1.49123,0.0805421
0.0390426,0.048832,-1.37036,-2.72876,838928164,0.246489,-1.26797,0.0748583,0.246583,-1.26834,0.0513136,0.267729,-1.26309,0.0513136,0.267625,-1.26272,0.0748583,0.301902,-1.49113,0.080542,0.302003,-1.49154,0.0550975,0.327045,-1.48532,0.0550975,0.326933,-1.48491,0.0805421
0.269719,0.0487893,-1.35301,1.7687,838928165,0.268747,-1.26479,0.0748583,0.268844,-1.26516,0.0513136,0.289793,-1.25918,0.0513136,0.289687,-1.2588,0.0748583,0.328061,-1.48698,0.0805421,0.328165,-1.48739,0.0550975,0.352975,-1.4803,0.0550975,0.35286,-1.47989,0.0805421
1.20774,0.0488329,-1.33585,-0.417384,838928166,0.290089,-1.25869,0.0748583,0.290196,-1.25906,0.0513136,0.311146,-1.25308,0.0513136,0.311029,-1.25271,0.0748583,0.353262,-1.47978,0.0805421,0.353377,-1.48018,0.0550975,0.378187,-1.47309,0.0550975,0.378061,-1.47269,0.0805421
-0.00823971,0.0487906,-1.3185,-2.23375,838928167,0.312223,-1.25473,0.0748583,0.312332,-1.25511,0.0513136,0.33306,-1.24839,0.0513136,0.332941,-1.24802,0.0748583,0.37926,-1.47472,0.0805421,0.379379,-1.47512,0.0550975,0.403926,-1.46717,0.0550975,0.403797,-1.46677,0.0805421
-0.0133859,0.0673572,-1.37036,-2.7176,838928676,0.246489,-1.26797,0.0988267,0.246629,-1.26853,0.075286,0.267776,-1.26328,0.075286,0.267625,-1.26272,0.0988267,0.301889,-1.49108,0.106402,0.30204,-1.49169,0.0809616,0.327082,-1.48547,0.0809616,0.32692,-1.48486,0.106402
-0.00529504,0.0672984,-1.35301,-2.65053,838928677,0.268747,-1.26479,0.0988267,0.268897,-1.26535,0.075286,0.289847,-1.25936,0.075286,0.289687,-1.2588,0.0988267,0.328046,-1.48693,0.106402,0.328208,-1.48753,0.0809616,0.353017,-1.48045,0.0809616,0.352845,-1.47984,0.106402
0.0805881,0.0673584,-1.33585,33.0317,838928678,0.290089,-1.25869,0.0988267,0.290249,-1.25925,0.075286,0.311199,-1.25326,0.075286,0.311029,-1.25271,0.0988267,0.353247,-1.47973,0.106402,0.35342,-1.48033,0.0809616,0.378229,-1.47324,0.0809616,0.378046,-1.47264,0.106402
-0.000188116,0.0673001,-1.3185,-2.91223,838928679,0.312223,-1.25473,0.0988267,0.312392,-1.25529,0.075286,0.33312,-1.24858,0.075286,0.332941,-1.24802,0.0988267,0.379244,-1.47467,0.106402,0.379426,-1.47527,0.0809616,0.403973,-1.46732,0.0809616,0.40378,-1.46672,0.106402
0.233563,0.0858659,1.84026,6.87705,838929012,-0.333339,1.24789,0.122801,-0.333577,1.24863,0.0992656,-0.354305,1.24192,0.0992656,-0.354057,1.24118,0.122801,-0.404156,1.46652,0.132267,-0.404414,1.46732,0.106832,-0.428961,1.45937,0.106832,-0.428692,1.45858,0.132267
0.0815388,0.0858616,-1.37036,12.8109,838929188,0.246489,-1.26797,0.122801,0.246676,-1.26872,0.0992656,0.267822,-1.26347,0.0992656,0.267625,-1.26272,0.122801,0.301872,-1.49101,0.132267,0.302074,-1.49182,0.106833,0.327116,-1.4856,0.106832,0.326903,-1.48479,0.132267
-0.000871906,0.0857867,-1.353,-2.79555,838929189,0.268747,-1.26479,0.122801,0.26895,-1.26554,0.0992656,0.2899,-1.25955,0.0992656,0.289687,-1.2588,0.122801,0.328027,-1.48686,0.132267,0.328246,-1.48767,0.106832,0.353056,-1.48058,0.106832,0.352826,-1.47977,0.132267
-0.0335229,0.0858631,-1.33585,-3.93646,838929190,0.290089,-1.25869,0.122801,0.290302,-1.25943,0.0992656,0.311252,-1.25345,0.0992656,0.311029,-1.25271,0.122801,0.353228,-1.47966,0.132267,0.353458,-1.48046,0.106832,0.378268,-1.47338,0.106833,0.378027,-1.47257,0.132267
0.0600244,0.0857889,-1.31849,46.8921,838929191,0.312223,-1.25473,0.122801,0.312451,-1.25547,0.0992656,0.333179,-1.24876,0.0992656,0.332941,-1.24802,0.122801,0.379222,-1.4746,0.132267,0.379469,-1.4754,0.106832,0.404016,-1.46745,0.106832,0.403758,-1.46665,0.132267
0.269623,0.138442,-1.59851,43.3589,838930711,-0.0467342,-1.29204,0.190634,-0.0467167,-1.29372,0.168522,-0.0249117,-1.29298,0.168522,-0.024969,-1.2913,0.190634,-0.042919,-1.52107,0.212083,-0.0428983,-1.52306,0.185971,-0.0171042,-1.52218,0.185971,-0.0171718,-1.5202,0.212083
0.412354,0.13855,-1.12481,48.9674,838930738,0.547279,-1.16998,0.190634,0.548068,-1.17146,0.168522,0.567342,-1.16124,0.168522,0.566519,-1.15977,0.190634,0.654594,-1.37231,0.212083,0.655524,-1.37407,0.185971,0.678325,-1.36197,0.185971,0.677353,-1.36024,0.212083
0.174502,0.155883,-0.70671,46.2102,838931274,0.975211,-0.847033,0.213293,0.976838,-0.848308,0.191214,0.990287,-0.831128,0.191213,0.988635,-0.829886,0.213293,1.15523,-0.987967,0.238724,1.15715,-0.989471,0.212651,1.17306,-0.969149,0.212651,1.17111,-0.967682,0.238724
-0.0134874,0.173052,0.0087804,-4.80565,838931467,1.29303,0.000420344,0.235992,1.29548,0.000549248,0.213952,1.29398,0.0223152,0.213952,1.29154,0.0221465,0.235992,1.52092,0.0121416,0.265397,1.52381,0.0122938,0.239371,1.52203,0.0380418,0.239371,1.51914,0.0378426,0.265397
-0.0811706,0.173203,0.0259402,-4.66352,838931468,1.29151,0.0225644,0.235992,1.29395,0.022733,0.213952,1.29245,0.0444989,0.213952,1.29001,0.0442906,0.235992,1.51911,0.0382605,0.265397,1.522,0.0384596,0.239371,1.52023,0.0642075,0.239371,1.51734,0.0639615,0.265397
0.0810685,0.173054,0.0432926,-3.72192,838931469,1.29224,0.045036,0.235992,1.29468,0.0452503,0.213952,1.29242,0.0669506,0.213952,1.28998,0.0666966,0.235992,1.51957,0.064709,0.265397,1.52246,0.0649621,0.239371,1.51978,0.0906323,0.239371,1.5169,0.0903325,0.265397
0.06515,0.173207,0.0604522,-3.90707,838931470,1.28994,0.0671132,0.235992,1.29238,0.0673671,0.213952,1.29012,0.0890673,0.213952,1.28768,0.0887739,0.235992,1.51686,0.0907491,0.265397,1.51974,0.0910489,0.239371,1.51707,0.116719,0.239371,1.51419,0.116373,0.265397
-0.087513,0.173058,0.0778054,-4.39173,838931471,1.28989,0.0895968,0.235992,1.29232,0.0898962,0.213952,1.2893,0.111504,0.213952,1.28688,0.111165,0.235992,1.5164,0.117198,0.265397,1.51927,0.117551,0.239371,1.5157,0.143112,0.239371,1.51283,0.142712,0.265397
-0.0441636,0.173074,0.146835,-4.21061,838931475,1.28053,0.178336,0.235992,1.28293,0.178805,0.213952,1.27841,0.200149,0.213952,1.27602,0.199642,0.235992,1.50455,0.221682,0.265397,1.50739,0.222235,0.239371,1.50205,0.247485,0.239371,1.49922,0.246885,0.265397
0.198993,0.173069,-2.22367,50.2358,838931699,-0.794044,-1.02032,0.235992,-0.79545,-1.02233,0.213952,-0.777375,-1.03454,0.213952,-0.776002,-1.03251,0.235992,-0.925125,-1.20709,0.265397,-0.926785,-1.20946,0.239371,-0.905403,-1.22392,0.239371,-0.903782,-1.22152,0.265397
0.0229342,0.190394,0.00878291,-2.42184,838931979,1.29303,0.000419947,0.258872,1.29588,0.000542967,0.236756,1.29438,0.0223422,0.236756,1.29154,0.0221461,0.258872,1.52037,0.0121625,0.292181,1.52373,0.0123073,0.26615,1.52195,0.038036,0.26615,1.51861,0.0378052,0.292181
0.024931,0.19056,0.0259536,84.2456,838931980,1.29151,0.0225648,0.258872,1.29435,0.0227608,0.236756,1.29285,0.0445601,0.236756,1.29001,0.044291,0.258872,1.51858,0.0382239,0.292181,1.52192,0.0384546,0.26615,1.52015,0.0641833,0.26615,1.51681,0.0638666,0.292181
0.156675,0.190396,0.0432952,26.2211,838931981,1.29224,0.0450356,0.258872,1.29508,0.045258,0.236756,1.29282,0.0669915,0.236756,1.28998,0.0666963,0.258872,1.51903,0.0647111,0.292181,1.52238,0.0649728,0.26615,1.51971,0.0906238,0.26615,1.51637,0.0902763,0.292181
0.0812931,0.190564,0.0604657,-2.18358,838931982,1.28994,0.0671136,0.258872,1.29278,0.0674088,0.236756,1.29051,0.0891423,0.236756,1.28768,0.0887743,0.258872,1.51633,0.0906937,0.292181,1.51966,0.0910412,0.26615,1.51699,0.116692,0.26615,1.51366,0.116259,0.292181
0.129664,0.1904,0.077808,-31.8578,838931983,1.28989,0.0895964,0.258872,1.29272,0.0899179,0.236756,1.2897,0.111559,0.236756,1.28688,0.111165,0.258872,1.51585,0.117181,0.292181,1.51919,0.117559,0.26615,1.51562,0.143101,0.26615,1.5123,0.142637,0.292181
0.190622,0.190418,-0.202228,-11.3757,838932327,1.26429,-0.270385,0.258872,1.26711,-0.270856,0.236756,1.27017,-0.249221,0.236756,1.26734,-0.248821,0.258872,1.48911,-0.306142,0.292181,1.49242,-0.306697,0.26615,1.49603,-0.281161,0.26615,1.49271,-0.280692,0.292181
-0.0631141,0.207758,-0.0257205,-2.33121,838932489,1.29227,-0.0441963,0.281796,1.2955,-0.04416,0.259733,1.29476,-0.0223215,0.259733,1.29153,-0.022431,0.281796,1.51928,-0.0404213,0.319,1.52308,-0.0403786,0.293029,1.5222,-0.0146037,0.293029,1.51841,-0.0147325,0.319
-0.0238122,0.207937,-0.00855198,-2.60784,838932490,1.29152,-0.0220116,0.281796,1.29474,-0.0219021,0.259733,1.294,-6.36871e-05,0.259733,1.29078,-0.00024632,0.281796,1.51839,-0.0143131,0.319,1.52219,-0.0141843,0.293029,1.52132,0.0115907,0.293029,1.51752,0.0113757,0.319
0.0773612,0.207757,0.00879169,32.3012,838932491,1.29303,0.000419943,0.281796,1.29626,0.000569006,0.259733,1.29476,0.0223682,0.259733,1.29154,0.0221461,0.281796,1.51977,0.012121,0.319,1.52357,0.0122964,0.293029,1.52179,0.0380251,0.293029,1.518,0.0377637,0.319
0.251452,0.207938,0.0259598,-6.21589,838932492,1.29151,0.0225648,0.281796,1.29473,0.0227869,0.259733,1.29322,0.0445861,0.259733,1.29001,0.044291,0.281796,1.51798,0.0381823,0.319,1.52177,0.0384437,0.293029,1.51999,0.0641724,0.293029,1.51621,0.063825,0.319
6.83752,0.207759,0.043304,-0.493753,838932493,1.29224,0.0450356,0.281796,1.29546,0.0452973,0.259733,1.2932,0.0670307,0.259733,1.28998,0.0666963,0.281796,1.51843,0.0646485,0.319,1.52222,0.0649564,0.293029,1.51955,0.0906074,0.293029,1.51577,0.0902138,0.319
0.314527,0.207942,0.060472,-1.9964,838932494,1.28994,0.0671136,0.281796,1.29315,0.067448,0.259733,1.29089,0.0891815,0.259733,1.28768,0.0887743,0.281796,1.51572,0.0906311,0.319,1.5195,0.0910248,0.293029,1.51683,0.116676,0.293029,1.51306,0.116196,0.319
-0.00486214,0.207764,0.0778169,-3.44418,838932495,1.28989,0.0895964,0.281796,1.2931,0.0899702,0.259733,1.29007,0.111611,0.259733,1.28688,0.111165,0.281796,1.51526,0.117097,0.319,1.51903,0.117537,0.293029,1.51547,0.143079,0.293029,1.5117,0.142554,0.319
0.129884,0.207958,-0.219566,-3.34188,838932838,1.25815,-0.292011,0.281796,1.26133,-0.292575,0.259733,1.26514,-0.271059,0.259733,1.26195,-0.270568,0.281796,1.48167,-0.331628,0.319,1.48541,-0.332291,0.293029,1.48991,-0.306897,0.293029,1.48616,-0.306318,0.319
0.175879,0.207784,-0.202219,2.64924,838932839,1.26429,-0.270385,0.281796,1.26748,-0.270909,0.259733,1.27054,-0.249273,0.259733,1.26734,-0.248821,0.281796,1.48851,-0.306057,0.319,1.49226,-0.306675,0.293029,1.49588,-0.281139,0.293029,1.49211,-0.280607,0.319
-0.082093,0.225103,-0.0257118,-2.42606,838933001,1.29227,-0.0441963,0.304781,1.29588,-0.0441471,0.282776,1.29514,-0.0223087,0.282776,1.29153,-0.022431,0.304781,1.51861,-0.0404441,0.345868,1.52285,-0.0403863,0.319967,1.52198,-0.0146114,0.319967,1.51774,-0.0147553,0.345868
0.0348626,0.225297,-0.00854578,-2.54517,838933002,1.29152,-0.0220116,0.304781,1.29512,-0.0218893,0.282776,1.29438,-5.08849e-05,0.282776,1.29078,-0.000246324,0.304781,1.51772,-0.0143359,0.345868,1.52196,-0.014192,0.319967,1.52109,0.011583,0.319967,1.51685,0.0113529,0.345868
0.727452,0.225102,0.00880044,-1.26741,838933003,1.29303,0.000419938,0.304781,1.29664,0.000594983,0.282776,1.29513,0.0223942,0.282776,1.29154,0.0221461,0.304781,1.5191,0.0120748,0.345868,1.52334,0.0122809,0.319967,1.52157,0.0380095,0.319967,1.51734,0.0377175,0.345868
0.425612,0.225298,0.0259661,4.88812,838933004,1.29151,0.0225648,0.304781,1.2951,0.0228128,0.282776,1.2936,0.0446121,0.282776,1.29001,0.044291,0.304781,1.51731,0.0381362,0.345868,1.52154,0.0384282,0.319967,1.51977,0.0641568,0.319967,1.51554,0.0637789,0.345868
1.48224,0.225104,0.0433128,-0.898968,838933005,1.29224,0.0450356,0.304781,1.29583,0.0453364,0.282776,1.29357,0.0670698,0.282776,1.28998,0.0666963,0.304781,1.51776,0.064579,0.345868,1.52199,0.064933,0.319967,1.51932,0.090584,0.319967,1.5151,0.0901443,0.345868
0.250605,0.225302,0.0604784,-4.37725,838933006,1.28994,0.0671136,0.304781,1.29353,0.0674872,0.282776,1.29126,0.0892206,0.282776,1.28768,0.0887742,0.304781,1.51506,0.0905616,0.345868,1.51928,0.0910013,0.319967,1.51661,0.116652,0.319967,1.5124,0.116127,0.345868
0.081264,0.22511,0.0778258,-2.79665,838933007,1.28989,0.0895964,0.304781,1.29347,0.0900224,0.282776,1.29045,0.111664,0.282776,1.28688,0.111165,0.304781,1.51459,0.117004,0.345868,1.51881,0.117506,0.319967,1.51524,0.143048,0.319967,1.51104,0.142461,0.345868
0.102415,0.24243,-0.0257031,-23.0618,838933513,1.29227,-0.0441963,0.327834,1.29625,-0.0441344,0.305894,1.29551,-0.0222959,0.305894,1.29153,-0.022431,0.327834,1.51787,-0.0404691,0.372792,1.52256,-0.0403963,0.346967,1.52168,-0.0146213,0.346968,1.517,-0.0147803,0.372792
0.19115,0.242638,-0.0085396,-9.34688,838933514,1.29152,-0.0220116,0.327834,1.2955,-0.0218766,0.305894,1.29476,-3.81263e-05,0.305894,1.29078,-0.000246313,0.327834,1.51699,-0.0143609,0.372793,1.52167,-0.0142019,0.346968,1.52079,0.011573,0.346967,1.51611,0.0113279,0.372792
1.44207,0.242429,0.00880917,-0.236341,838933515,1.29303,0.000419944,0.327834,1.29701,0.000620871,0.305894,1.29551,0.0224201,0.305894,1.29154,0.0221461,0.327834,1.51837,0.0120241,0.372792,1.52305,0.0122606,0.346967,1.52128,0.0379893,0.346967,1.5166,0.0376668,0.372792
0.116056,0.242639,0.0259723,-13.9772,838933516,1.29151,0.0225648,0.327834,1.29548,0.0228387,0.305894,1.29398,0.044638,0.305894,1.29001,0.044291,0.327834,1.51657,0.0380854,0.372793,1.52125,0.0384079,0.346968,1.51947,0.0641366,0.346968,1.5148,0.0637281,0.372793
0.0575828,0.242432,0.0433216,-2.52395,838933517,1.29224,0.0450356,0.327834,1.29621,0.0453754,0.305894,1.29395,0.0671088,0.305894,1.28998,0.0666962,0.327834,1.51703,0.0645026,0.372793,1.5217,0.0649025,0.346968,1.51903,0.0905535,0.346968,1.51437,0.0900679,0.372793
0.0574052,0.242644,0.0604847,-7.99276,838933518,1.28994,0.0671136,0.327834,1.2939,0.0675262,0.305894,1.29164,0.0892596,0.305894,1.28768,0.0887743,0.327834,1.51432,0.0904853,0.372792,1.51899,0.0909709,0.346967,1.51631,0.116622,0.346967,1.51166,0.116051,0.372792
0.106019,0.242438,0.0778347,7.16311,838933519,1.28989,0.0895964,0.327834,1.29384,0.0900745,0.305894,1.29082,0.111716,0.305894,1.28688,0.111165,0.327834,1.51386,0.116902,0.372792,1.51852,0.117465,0.346968,1.51495,0.143007,0.346968,1.51031,0.142359,0.372793
-0.0804515,0.25974,-0.0256945,-3.31664,838934025,1.29227,-0.0441962,0.350962,1.29663,-0.0441217,0.329094,1.29589,-0.0222832,0.329094,1.29153,-0.022431,0.350962,1.51707,-0.0404963,0.399779,1.5222,-0.0404085,0.374038,1.52132,-0.0146336,0.374038,1.5162,-0.0148075,0.399779
0.0689492,0.259962,-0.00853345,-3.12068,838934026,1.29152,-0.0220116,0.350962,1.29587,-0.0218638,0.329094,1.29513,-2.54042e-05,0.329094,1.29078,-0.000246313,0.350962,1.51618,-0.0143881,0.399779,1.52131,-0.0142142,0.374038,1.52043,0.0115607,0.374038,1.51531,0.0113007,0.399779
0.612829,0.259739,0.00881787,-2.58529,838934027,1.29303,0.000419955,0.350962,1.29739,0.000646681,0.329094,1.29588,0.0224459,0.329094,1.29154,0.0221462,0.350962,1.51757,0.0119689,0.399779,1.52269,0.0122357,0.374038,1.52091,0.0379644,0.374038,1.5158,0.0376115,0.399779
0.000856349,0.259963,0.0259786,-4.00467,838934028,1.29151,0.0225648,0.350962,1.29585,0.0228645,0.329094,1.29435,0.0446638,0.329094,1.29001,0.044291,0.350962,1.51577,0.0380302,0.399779,1.52089,0.038383,0.374038,1.51911,0.0641117,0.374038,1.514,0.0636729,0.399779
0.364852,0.259741,0.0433304,-1.52938,838934029,1.29224,0.0450356,0.350962,1.29658,0.0454142,0.329094,1.29432,0.0671476,0.329094,1.28998,0.0666963,0.350962,1.51623,0.0644194,0.399779,1.52134,0.064865,0.374038,1.51867,0.090516,0.374038,1.51357,0.0899847,0.399779
0.0673301,0.259968,0.0604909,48.9424,838934030,1.28994,0.0671136,0.350962,1.29427,0.067565,0.329094,1.29201,0.0892984,0.329094,1.28768,0.0887743,0.350962,1.51353,0.0904021,0.399779,1.51863,0.0909334,0.374038,1.51596,0.116584,0.374038,1.51086,0.115967,0.399779
0.0571591,0.259748,0.0778435,-3.58479,838934031,1.28989,0.0895964,0.350962,1.29421,0.0901264,0.329094,1.29119,0.111767,0.329094,1.28688,0.111165,0.350962,1.51307,0.116791,0.399779,1.51816,0.117415,0.374038,1.51459,0.142957,0.374038,1.50951,0.142248,0.399779
0.183849,0.259995,-0.495653,47.1705,838934358,1.13083,-0.623897,0.350962,1.13474,-0.625811,0.329094,1.14434,-0.606182,0.329094,1.1404,-0.604334,0.350962,1.33276,-0.722661,0.399779,1.33737,-0.724914,0.374038,1.3487,-0.701747,0.374038,1.34406,-0.699571,0.399779
0.139849,0.277086,-0.025692,33.025,838934537,1.29227,-0.0441968,0.374308,1.29703,-0.0441411,0.352398,1.29629,-0.0222702,0.352398,1.29153,-0.0224316,0.374308,1.51622,-0.0404408,0.42688,1.52179,-0.0403754,0.4012,1.52092,-0.0146478,0.4012,1.51535,-0.0148369,0.42688
0.615566,0.277323,-0.00852019,1.59381,838934538,1.29152,-0.022011,0.374308,1.29627,-0.0218497,0.352398,1.29553,2.11059e-05,0.352398,1.29078,-0.000245728,0.374308,1.51533,-0.0144164,0.42688,1.52091,-0.0142273,0.4012,1.52003,0.0115003,0.4012,1.51446,0.0111875,0.42688
0.598666,0.277085,0.00882044,-2.72884,838934539,1.29303,0.000419376,0.374308,1.29779,0.000641289,0.352398,1.29628,0.0224728,0.352398,1.29154,0.0221456,0.374308,1.51671,0.0119946,0.42688,1.52228,0.0122547,0.4012,1.52051,0.0379361,0.4012,1.51495,0.0375525,0.42688
-0.0102628,0.277324,0.0259919,-4.20922,838934540,1.29151,0.0225654,0.374308,1.29625,0.0228926,0.352398,1.29475,0.0447242,0.352398,1.29001,0.0442916,0.374308,1.51492,0.0379723,0.42688,1.52048,0.0383559,0.4012,1.51871,0.0640372,0.4012,1.51316,0.0635302,0.42688
-0.069233,0.277088,0.043333,-4.10836,838934541,1.29224,0.0450351,0.374308,1.29698,0.0454228,0.352398,1.29472,0.0671885,0.352398,1.28998,0.0666957,0.374308,1.51538,0.0644153,0.42688,1.52094,0.0648698,0.4012,1.51827,0.0904737,0.4012,1.51272,0.0898961,0.42688
-0.00643611,0.277329,0.0605043,-4.36107,838934542,1.28994,0.0671142,0.374308,1.29467,0.067607,0.352398,1.29241,0.0893727,0.352398,1.28768,0.0887748,0.374308,1.51268,0.0903146,0.42688,1.51823,0.0908922,0.4012,1.51556,0.116496,0.4012,1.51003,0.115795,0.42688
0.0470164,0.277095,0.0778462,-4.91985,838934543,1.28989,0.0895958,0.374308,1.29461,0.090149,0.352398,1.29159,0.111822,0.352398,1.28688,0.111164,0.374308,1.51221,0.116757,0.42688,1.51775,0.117406,0.4012,1.51419,0.142901,0.4012,1.50867,0.14213,0.42688
-0.044803,0.277338,0.0950176,-3.68064,838934544,1.28682,0.111581,0.374308,1.29153,0.112239,0.352398,1.2885,0.133912,0.352398,1.28381,0.13315,0.374308,1.50861,0.142547,0.42688,1.51413,0.143318,0.4012,1.51058,0.168813,0.4012,1.50507,0.167919,0.42688
0.0110734,0.277106,0.11236,-2.73641,838934545,1.28598,0.134047,0.374308,1.29069,0.134765,0.352398,1.2869,0.156319,0.352398,1.28222,0.155498,0.374308,1.50722,0.168957,0.42688,1.51274,0.169799,0.4012,1.50829,0.195154,0.4012,1.5028,0.19419,0.42688
0.0794193,0.294454,-0.0256836,12.6706,838935049,1.29227,-0.0441968,0.397732,1.29739,-0.0441287,0.375905,1.29665,-0.0222578,0.375905,1.29153,-0.0224316,0.397732,1.51531,-0.0404717,0.454045,1.52131,-0.0403918,0.428462,1.52044,-0.0146642,0.428462,1.51444,-0.0148678,0.454045
0.589083,0.294705,-0.00851418,3.74979,838935050,1.29152,-0.022011,0.397732,1.29664,-0.0218373,0.375905,1.2959,3.35193e-05,0.375905,1.29078,-0.00024573,0.397732,1.51442,-0.0144473,0.454045,1.52042,-0.0142437,0.428462,1.51955,0.0114839,0.428462,1.51355,0.0111566,0.454045
1.04706,0.294453,0.00882892,0.754396,838935051,1.29303,0.000419386,0.397732,1.29815,0.000666465,0.375905,1.29665,0.022498,0.375905,1.29154,0.0221456,0.397732,1.5158,0.0119319,0.454045,1.5218,0.0122215,0.428462,1.52003,0.0379029,0.428462,1.51404,0.0374898,0.454045
0.0670782,0.294706,0.0259979,-3.02674,838935052,1.29151,0.0225654,0.397732,1.29662,0.0229178,0.375905,1.29511,0.0447494,0.375905,1.29001,0.0442916,0.397732,1.51401,0.0379096,0.454045,1.52,0.0383227,0.428462,1.51823,0.0640041,0.428462,1.51225,0.0634675,0.454045
0.0229468,0.294456,0.0433415,-3.20407,838935053,1.29224,0.0450351,0.397732,1.29735,0.0454608,0.375905,1.29508,0.0672264,0.375905,1.28998,0.0666957,0.397732,1.51447,0.0643209,0.454045,1.52046,0.0648198,0.428462,1.51779,0.0904237,0.428462,1.51182,0.0898017,0.454045
0.0260069,0.294711,0.0605104,55.7773,838935054,1.28994,0.0671142,0.397732,1.29504,0.0676449,0.375905,1.29277,0.0894106,0.375905,1.28768,0.0887748,0.397732,1.51177,0.0902202,0.454045,1.51775,0.0908422,0.428462,1.51508,0.116446,0.428462,1.50912,0.115701,0.454045
0.0372741,0.294463,0.0778548,-2.83115,838935055,1.28989,0.0895958,0.397732,1.29498,0.0901996,0.375905,1.29195,0.111873,0.375905,1.28688,0.111164,0.397732,1.51131,0.116631,0.454045,1.51727,0.117339,0.428462,1.51372,0.142834,0.428462,1.50777,0.142004,0.454045
-0.061465,0.29472,0.0950238,-3.13075,838935056,1.28682,0.111581,0.397732,1.29189,0.11229,0.375905,1.28887,0.133963,0.375905,1.28381,0.13315,0.397732,1.50771,0.142421,0.454045,1.51366,0.143251,0.428462,1.5101,0.168746,0.428462,1.50417,0.167793,0.454045
0.00187541,0.294475,0.112369,-2.55037,838935057,1.28598,0.134047,0.397732,1.29105,0.134828,0.375905,1.28727,0.156383,0.375905,1.28222,0.155498,0.397732,1.50632,0.1688,0.454045,1.51226,0.169715,0.428462,1.50781,0.19507,0.428462,1.5019,0.194033,0.454045
-0.0606384,0.311803,-0.0256752,-3.09411,838935561,1.29227,-0.0441968,0.421251,1.29776,-0.0441163,0.399514,1.29702,-0.0222455,0.399514,1.29153,-0.0224316,0.421251,1.51433,-0.0405047,0.48129,1.52076,-0.0404103,0.455811,1.51989,-0.0146827,0.455811,1.51346,-0.0149009,0.48129
0.116167,0.312068,-0.00850821,-3.22801,838935562,1.29152,-0.022011,0.421251,1.297,-0.0218249,0.399514,1.29626,4.59195e-05,0.399514,1.29078,-0.000245764,0.421251,1.51345,-0.0144803,0.48129,1.51988,-0.0142622,0.455811,1.519,0.0114654,0.455811,1.51258,0.0111235,0.48129
0.0473344,0.311802,0.00883737,-3.00572,838935563,1.29303,0.000419366,0.421251,1.29852,0.00069157,0.399514,1.29701,0.0225231,0.399514,1.29154,0.0221456,0.421251,1.51483,0.0118649,0.48129,1.52126,0.0121839,0.455811,1.51949,0.0378653,0.455811,1.51307,0.0374228,0.48129
0.277757,0.312069,0.026004,3.19848,838935564,1.29151,0.0225654,0.421251,1.29698,0.0229429,0.399514,1.29548,0.0447745,0.399514,1.29001,0.0442916,0.421251,1.51304,0.0378426,0.48129,1.51946,0.0382851,0.455811,1.51769,0.0639665,0.455811,1.51128,0.0634005,0.48129
0.0571764,0.311806,0.04335,-2.99373,838935565,1.29224,0.0450351,0.421251,1.29771,0.0454986,0.399514,1.29544,0.0672642,0.399514,1.28998,0.0666957,0.421251,1.5135,0.06422,0.48129,1.51991,0.0647633,0.455811,1.51725,0.0903671,0.455811,1.51085,0.0897007,0.48129
0.163644,0.312075,0.0605165,-7.20158,838935566,1.28994,0.0671142,0.421251,1.2954,0.0676827,0.399514,1.29313,0.0894484,0.399514,1.28768,0.0887748,0.421251,1.51081,0.0901193,0.48129,1.5172,0.0907856,0.455811,1.51454,0.116389,0.455811,1.50815,0.1156,0.48129
0.770052,0.311813,0.0778633,-0.00884986,838935567,1.28989,0.0895958,0.421251,1.29534,0.09025,0.399514,1.29231,0.111923,0.399514,1.28688,0.111164,0.421251,1.51035,0.116497,0.48129,1.51673,0.117264,0.455811,1.51317,0.142759,0.455811,1.5068,0.141869,0.48129
0.282693,0.312085,0.09503,-0.713288,838935568,1.28682,0.111581,0.421251,1.29225,0.11234,0.399514,1.28923,0.134013,0.399514,1.28381,0.13315,0.421251,1.50675,0.142286,0.48129,1.51312,0.143175,0.455811,1.50956,0.168671,0.455811,1.5032,0.167659,0.48129
0.0542201,0.311825,0.112378,-3.49477,838935569,1.28598,0.134047,0.421251,1.29141,0.134891,0.399514,1.28762,0.156446,0.399514,1.28222,0.155497,0.421251,1.50537,0.168631,0.48129,1.51172,0.169621,0.455811,1.50727,0.194976,0.455811,1.50094,0.193865,0.48129
0.00202989,0.329135,-0.0256668,-2.20464,838936073,1.29227,-0.0441968,0.444874,1.29812,-0.044104,0.423231,1.29738,-0.0222331,0.423231,1.29153,-0.0224316,0.444874,1.5133,-0.0405399,0.508621,1.52015,-0.040431,0.483254,1.51928,-0.0147034,0.483254,1.51243,-0.014936,0.508621
0.0369689,0.329414,-0.00850226,-2.71788,838936074,1.29152,-0.022011,0.444874,1.29736,-0.0218126,0.423231,1.29662,5.82145e-05,0.423231,1.29078,-0.000245744,0.444874,1.51241,-0.0145155,0.508621,1.51927,-0.0142829,0.483254,1.51839,0.0114447,0.483254,1.51154,0.0110884,0.508621
-0.00714334,0.329134,0.00884577,-3.33811,838936075,1.29303,0.000419367,0.444874,1.29888,0.00071655,0.423231,1.29737,0.0225481,0.423231,1.29154,0.0221456,0.444874,1.5138,0.0117936,0.508621,1.52065,0.0121419,0.483254,1.51888,0.0378233,0.483254,1.51204,0.0373515,0.508621
0.110988,0.329415,0.02601,5.05767,838936076,1.29151,0.0225654,0.444874,1.29734,0.0229679,0.423231,1.29584,0.0447994,0.423231,1.29001,0.0442916,0.444874,1.51201,0.0377713,0.508621,1.51885,0.0382431,0.483254,1.51708,0.0639245,0.483254,1.51024,0.0633292,0.508621
-0.0936918,0.329138,0.0433585,-3.39538,838936077,1.29224,0.0450351,0.444874,1.29807,0.0455362,0.423231,1.2958,0.0673018,0.423231,1.28998,0.0666957,0.444874,1.51247,0.0641127,0.508621,1.51931,0.0647,0.483254,1.51664,0.0903039,0.483254,1.50982,0.0895934,0.508621
0.0714763,0.329421,0.0605226,-31.931,838936078,1.28994,0.0671142,0.444874,1.29576,0.0677204,0.423231,1.29349,0.089486,0.423231,1.28768,0.0887748,0.444874,1.50977,0.0900119,0.508621,1.5166,0.0907224,0.483254,1.51393,0.116326,0.483254,1.50712,0.115493,0.508621
0.105406,0.329146,0.0778719,-13.8174,838936079,1.28989,0.0895958,0.444874,1.2957,0.0903002,0.423231,1.29267,0.111973,0.423231,1.28688,0.111164,0.444874,1.50932,0.116353,0.508621,1.51613,0.117179,0.483254,1.51257,0.142674,0.483254,1.50578,0.141726,0.508621
-0.0658,0.329431,0.0950361,-2.33393,838936080,1.28682,0.111581,0.444874,1.29261,0.11239,0.423231,1.28959,0.134063,0.423231,1.28381,0.13315,0.444874,1.50572,0.142143,0.508621,1.51251,0.143091,0.483254,1.50895,0.168586,0.483254,1.50218,0.167515,0.508621
-0.0243512,0.329159,0.112386,-2.68656,838936081,1.28598,0.134047,0.444874,1.29176,0.134954,0.423231,1.28798,0.156508,0.423231,1.28222,0.155497,0.444874,1.50434,0.168452,0.508621,1.51112,0.169515,0.483254,1.50667,0.194871,0.483254,1.49992,0.193686,0.508621
0.0298537,0.346453,0.0433669,-3.26333,838936589,1.29224,0.0450351,0.468607,1.29843,0.0455736,0.447065,1.29616,0.0673392,0.447065,1.28998,0.0666957,0.468606,1.51138,0.0639989,0.536045,1.51864,0.0646301,0.510795,1.51597,0.090234,0.510795,1.50873,0.0894797,0.536045
0.0971718,0.34675,0.0605286,3.34667,838936590,1.28994,0.0671142,0.468607,1.29612,0.0677578,0.447065,1.29385,0.0895234,0.447065,1.28768,0.0887748,0.468606,1.50868,0.0898982,0.536045,1.51592,0.0906525,0.510795,1.51326,0.116256,0.510795,1.50603,0.115379,0.536045
-0.0324452,0.346462,0.0778804,-3.42099,838936591,1.28989,0.0895958,0.468607,1.29606,0.0903502,0.447065,1.29303,0.112023,0.447065,1.28688,0.111164,0.468606,1.50823,0.116202,0.536045,1.51546,0.117086,0.510795,1.5119,0.142581,0.510795,1.50469,0.141574,0.536045
0.055872,0.346761,0.0950422,-1.79286,838936592,1.28682,0.111581,0.468607,1.29297,0.11244,0.447065,1.28995,0.134113,0.447065,1.28381,0.13315,0.468606,1.50463,0.141991,0.536045,1.51184,0.142998,0.510795,1.50828,0.168493,0.510795,1.50109,0.167363,0.536045
-0.0785216,0.346475,0.112395,-2.47992,838936593,1.28598,0.134047,0.468607,1.29212,0.135017,0.447065,1.28834,0.156571,0.447065,1.28222,0.155498,0.468606,1.50326,0.168263,0.536045,1.51046,0.169399,0.510795,1.50601,0.194754,0.510795,1.49884,0.193496,0.536045
0.0624607,0.363816,-0.060169,86.9811,838937095,1.28995,-0.0887599,0.492617,1.29656,-0.0889035,0.471046,1.29658,-0.0669888,0.471046,1.28997,-0.0669821,0.492617,1.50874,-0.0927142,0.563617,1.51645,-0.0928817,0.538468,1.51648,-0.0672116,0.538467,1.50877,-0.0672037,0.563617
-0.222711,0.398904,-0.0429843,-3.59609,838938120,1.28997,-0.0665598,0.540994,1.29728,-0.0665672,0.51965,1.2973,-0.0446525,0.51965,1.28999,-0.044782,0.540994,1.50635,-0.066779,0.619063,1.51487,-0.0667877,0.594177,1.5149,-0.0411176,0.594177,1.50637,-0.0412686,0.619063
0.236405,0.472541,-0.723747,44.5355,838940489,0.961526,-0.864513,0.646197,0.968247,-0.869985,0.62537,0.981774,-0.852707,0.62537,0.974951,-0.847365,0.646196,1.12543,-0.997406,0.737862,1.13322,-1.00375,0.713722,1.14898,-0.98361,0.713722,1.14107,-0.977418,0.737862
0.199064,0.489857,0.883529,43.0153,838940733,0.82873,0.992241,0.671209,0.834155,0.99941,0.65052,0.816417,1.01233,0.65052,0.811126,1.00506,0.671209,0.954984,1.15949,0.766148,0.961272,1.1678,0.742167,0.940598,1.18286,0.742167,0.934465,1.17443,0.766148
-0.0212739,0.489857,2.97792,-4.05595,838940853,-1.27367,0.221581,0.671209,-1.28259,0.222695,0.65052,-1.28491,0.200874,0.65052,-1.27597,0.199925,0.671209,-1.48164,0.247295,0.766148,-1.49198,0.248586,0.742167,-1.49468,0.223154,0.742167,-1.48432,0.222053,0.766148
-0.058613,0.490242,2.9951,-2.97039,838940854,-1.27602,0.199503,0.671209,-1.28495,0.200453,0.65052,-1.28727,0.178632,0.65052,-1.27832,0.177847,0.671209,-1.48437,0.221632,0.766148,-1.49473,0.222732,0.742167,-1.49743,0.1973,0.742167,-1.48705,0.19639,0.766148
-0.0486233,0.48983,3.01244,-4.27381,838940855,-1.28064,0.177506,0.671209,-1.2896,0.178308,0.65052,-1.29115,0.15642,0.65052,-1.28218,0.155783,0.671209,-1.48938,0.195941,0.766148,-1.49976,0.19687,0.742167,-1.50157,0.171359,0.742167,-1.49118,0.170621,0.766148
0.0499979,0.490218,3.02961,32.932,838940856,-1.28221,0.15536,0.671209,-1.29118,0.155997,0.65052,-1.29273,0.134109,0.65052,-1.28376,0.133637,0.671209,-1.49121,0.170198,0.766148,-1.5016,0.170936,0.742167,-1.50341,0.145425,0.742167,-1.49301,0.144878,0.766148
-0.0688543,0.489808,3.04696,-3.85398,838940857,-1.28607,0.133215,0.671209,-1.29505,0.133703,0.65052,-1.29584,0.111774,0.65052,-1.28685,0.111451,0.671209,-1.49533,0.144348,0.766148,-1.50573,0.144914,0.742167,-1.50665,0.119355,0.742167,-1.49624,0.118981,0.766148
0.253299,0.489786,-0.723739,48.9072,838941001,0.961526,-0.864513,0.671209,0.968502,-0.870184,0.65052,0.982028,-0.852906,0.65052,0.974951,-0.847365,0.671209,1.12428,-0.99651,0.766148,1.13237,-1.00308,0.742167,1.14813,-0.982945,0.742167,1.13993,-0.976523,0.766148
-0.0650792,0.507086,2.97793,-3.13797,838941365,-1.27367,0.221581,0.696394,-1.28291,0.222729,0.675848,-1.28523,0.200908,0.675848,-1.27597,0.199925,0.696394,-1.48015,0.247136,0.794583,-1.49086,0.248467,0.770768,-1.49356,0.223034,0.770768,-1.48283,0.221895,0.794583
0.0709756,0.507482,2.9951,-3.30943,838941366,-1.27602,0.199503,0.696394,-1.28527,0.200487,0.675848,-1.28759,0.178666,0.675848,-1.27832,0.177847,0.696394,-1.48287,0.221473,0.794583,-1.4936,0.222613,0.770768,-1.4963,0.19718,0.770768,-1.48555,0.196231,0.794583
0.241292,0.507057,3.01245,2.57554,838941367,-1.28064,0.177506,0.696394,-1.28992,0.17833,0.675848,-1.29147,0.156442,0.675848,-1.28218,0.155783,0.696394,-1.48788,0.195835,0.794583,-1.49863,0.19679,0.770768,-1.50044,0.171279,0.770768,-1.48968,0.170515,0.794583
-0.0291266,0.507457,3.02962,-3.9797,838941368,-1.28221,0.15536,0.696394,-1.2915,0.156019,0.675848,-1.29305,0.134131,0.675848,-1.28376,0.133637,0.696394,-1.48971,0.170092,0.794583,-1.50047,0.170856,0.770768,-1.50229,0.145345,0.770768,-1.49151,0.144772,0.794583
0.0363471,0.507035,3.04696,-3.87788,838941369,-1.28607,0.133215,0.696394,-1.29537,0.133714,0.675848,-1.29616,0.111786,0.675848,-1.28685,0.111451,0.696394,-1.49383,0.144294,0.794583,-1.5046,0.144873,0.770768,-1.50552,0.119315,0.770768,-1.49474,0.118927,0.794583
0.0224028,0.524297,2.97794,-4.54815,838941877,-1.27367,0.221581,0.721761,-1.28323,0.222762,0.701362,-1.28555,0.200942,0.701362,-1.27597,0.199925,0.721761,-1.4786,0.246972,0.823176,-1.48968,0.248341,0.799532,-1.49238,0.222909,0.799532,-1.48128,0.221731,0.823176
0.117833,0.524704,2.99511,8.11436,838941878,-1.27602,0.199503,0.721761,-1.28559,0.20052,0.701362,-1.28791,0.1787,0.701362,-1.27832,0.177847,0.721761,-1.48133,0.221309,0.823177,-1.49242,0.222488,0.799532,-1.49512,0.197055,0.799532,-1.48401,0.196067,0.823177
1.63924,0.524267,3.01246,-0.876044,838941879,-1.28064,0.177506,0.721761,-1.29023,0.178353,0.701362,-1.29179,0.156465,0.701362,-1.28218,0.155783,0.721761,-1.48633,0.195725,0.823177,-1.49745,0.196706,0.799532,-1.49926,0.171195,0.799532,-1.48813,0.170405,0.823177
0.160095,0.524678,3.02962,-6.18657,838941880,-1.28221,0.15536,0.721761,-1.29182,0.156042,0.701362,-1.29337,0.134154,0.701362,-1.28376,0.133637,0.721761,-1.48816,0.169982,0.823177,-1.49929,0.170772,0.799532,-1.5011,0.145261,0.799532,-1.48996,0.144662,0.823177
0.0554332,0.524245,3.04697,2.37633,838941881,-1.28607,0.133215,0.721761,-1.29569,0.133726,0.701362,-1.29647,0.111797,0.701362,-1.28685,0.111451,0.721761,-1.49227,0.144238,0.823177,-1.50342,0.144831,0.799532,-1.50434,0.119272,0.799532,-1.49318,0.118871,0.823177
0.0214345,0.541852,2.71508,-2.1558,838942374,-1.17129,0.544465,0.747269,-1.18048,0.548191,0.727072,-1.18873,0.52783,0.727072,-1.17947,0.524282,0.747269,-1.36122,0.621434,0.851731,-1.37181,0.625725,0.828468,-1.38137,0.602126,0.828468,-1.3707,0.598039,0.851731
0.114071,0.541411,2.73242,-5.94766,838942375,-1.1818,0.524597,0.747269,-1.19105,0.528178,0.727072,-1.19858,0.507542,0.727072,-1.18927,0.50414,0.747269,-1.37311,0.598139,0.851731,-1.38377,0.602265,0.828468,-1.3925,0.578346,0.828468,-1.38177,0.574428,0.851731
0.0297209,0.54184,2.7496,-1.47387,838942376,-1.18941,0.50374,0.747269,-1.19873,0.507142,0.727072,-1.20626,0.486506,0.727072,-1.19688,0.483283,0.747269,-1.38192,0.574028,0.851731,-1.39265,0.577946,0.828468,-1.40138,0.554028,0.828468,-1.39058,0.550316,0.851731
0.35467,0.55899,2.50407,50.0585,838942874,-1.03129,0.777744,0.772956,-1.03976,0.783465,0.752908,-1.05206,0.765264,0.752908,-1.04349,0.7597,0.772956,-1.19979,0.891623,0.880443,-1.20954,0.898213,0.857352,-1.2238,0.877117,0.857352,-1.21392,0.870709,0.880443
0.0616374,0.558997,2.71509,-1.47535,838942886,-1.17129,0.544465,0.772956,-1.18076,0.548303,0.752908,-1.18901,0.527942,0.752908,-1.17947,0.524282,0.772956,-1.35977,0.620844,0.880443,-1.37067,0.625264,0.857352,-1.38024,0.601665,0.857352,-1.36925,0.597449,0.880443
-0.00783801,0.558544,2.73243,-2.37547,838942887,-1.1818,0.524597,0.772956,-1.19133,0.528281,0.752908,-1.19886,0.507644,0.752908,-1.18927,0.50414,0.772956,-1.37164,0.597601,0.880443,-1.38262,0.601844,0.857352,-1.39135,0.577926,0.857352,-1.3803,0.573889,0.880443
-0.129603,0.558985,2.7496,-2.72554,838942888,-1.18941,0.50374,0.772956,-1.19901,0.507244,0.752908,-1.20654,0.486608,0.752908,-1.19688,0.483283,0.772956,-1.38044,0.573489,0.880443,-1.3915,0.577526,0.857352,-1.40023,0.553607,0.857352,-1.3891,0.549778,0.880443
0.322023,0.559031,2.92217,45.7975,838942898,-1.25815,0.292008,0.772956,-1.26821,0.293791,0.752908,-1.27204,0.27216,0.752908,-1.26195,0.270565,0.772956,-1.4584,0.327499,0.880443,-1.46998,0.329553,0.857352,-1.47443,0.304481,0.857352,-1.4628,0.302644,0.880443
1.42652,0.576123,2.71509,-0.767285,838943398,-1.17129,0.544465,0.798841,-1.18103,0.548414,0.778947,-1.18928,0.528054,0.778947,-1.17947,0.524282,0.798841,-1.35827,0.620238,0.909329,-1.36949,0.624786,0.886414,-1.37906,0.601187,0.886414,-1.36775,0.596843,0.909329
0.133204,0.575659,2.73243,-13.0872,838943399,-1.1818,0.524597,0.798841,-1.19161,0.528382,0.778947,-1.19914,0.507746,0.778947,-1.18927,0.50414,0.798841,-1.37012,0.597047,0.909329,-1.38142,0.601407,0.886415,-1.39016,0.577489,0.886414,-1.37878,0.573335,0.909329
0.0825003,0.57611,2.74961,12.9749,838943400,-1.18941,0.50374,0.798841,-1.19929,0.507346,0.778947,-1.20682,0.486709,0.778947,-1.19688,0.483283,0.798841,-1.37893,0.572935,0.909329,-1.3903,0.577089,0.886414,-1.39904,0.55317,0.886414,-1.38758,0.549224,0.909329
0.0127671,0.59323,2.7151,-2.42827,838943910,-1.17129,0.544465,0.824932,-1.1813,0.548524,0.805196,-1.18955,0.528164,0.805196,-1.17947,0.524282,0.824932,-1.35673,0.619615,0.938397,-1.36827,0.62429,0.915665,-1.37783,0.600691,0.915665,-1.36621,0.59622,0.938397
0.0519156,0.592755,2.73244,13.8471,838943911,-1.1818,0.524597,0.824932,-1.19188,0.528483,0.805196,-1.19942,0.507846,0.805196,-1.18927,0.50414,0.824932,-1.36856,0.596478,0.938397,-1.38018,0.600954,0.915665,-1.38892,0.577036,0.915665,-1.37722,0.572766,0.938397
-0.0139494,0.593217,2.74961,-2.88241,838943912,-1.18941,0.50374,0.824932,-1.19956,0.507446,0.805196,-1.2071,0.48681,0.805196,-1.19688,0.483283,0.824932,-1.37737,0.572366,0.938397,-1.38906,0.576636,0.915665,-1.39779,0.552717,0.915665,-1.38603,0.548655,0.938397
-0.00699662,0.610321,2.7151,-4.49468,838944422,-1.17129,0.544465,0.851239,-1.18157,0.548634,0.831665,-1.18982,0.528273,0.831665,-1.17947,0.524282,0.851239,-1.35515,0.618975,0.967656,-1.367,0.623776,0.945111,-1.37657,0.600177,0.945111,-1.36463,0.59558,0.967656
-0.0588523,0.609835,2.73245,-4.33433,838944423,-1.1818,0.524597,0.851239,-1.19216,0.528583,0.831665,-1.19969,0.507946,0.831665,-1.18927,0.50414,0.851239,-1.36696,0.595894,0.967656,-1.3789,0.600485,0.945111,-1.38763,0.576567,0.945111,-1.37562,0.572182,0.967656
0.00579381,0.610307,2.74962,-4.15081,838944424,-1.18941,0.50374,0.851239,-1.19984,0.507546,0.831665,-1.20737,0.48691,0.831665,-1.19688,0.483283,0.851239,-1.37577,0.571782,0.967656,-1.38778,0.576167,0.945111,-1.39651,0.552248,0.945111,-1.38443,0.548071,0.967656
0.20433,0.644101,1.12518,35.0791,838945355,0.567355,1.16187,0.904837,0.571958,1.17266,0.885485,0.551573,1.18092,0.885485,0.547171,1.17005,0.904837,0.643647,1.34138,1.02681,0.648912,1.35372,1.00467,0.625428,1.36324,1.00467,0.620392,1.3508,1.02681
0.245878,0.695385,0.358042,50.8442,838946847,1.21491,0.442635,0.987001,1.22646,0.447525,0.968162,1.21753,0.467626,0.968162,1.20607,0.462538,0.987001,1.38961,0.516591,1.11712,1.40282,0.522184,1.09557,1.39254,0.545341,1.09557,1.37943,0.539522,1.11712
0.384172,0.764501,0.689786,-32.8343,838948914,1.0035,0.813313,1.10098,1.01364,0.822423,1.08273,0.998926,0.838799,1.08273,0.988949,0.829512,1.10098,1.1392,0.935255,1.24107,1.15072,0.9456,1.22034,1.13387,0.964346,1.22034,1.12254,0.953799,1.24107
0.317987,0.781105,3.01253,50.0877,838949559,-1.28064,0.177509,1.13017,-1.29446,0.178731,1.11211,-1.29602,0.156769,1.11211,-1.28218,0.155786,1.13017,-1.46051,0.193441,1.2727,-1.47621,0.194828,1.25218,-1.47799,0.169688,1.25218,-1.46228,0.168572,1.2727
0.169706,0.907002,-2.27919,-42.1566,838953200,-0.848821,-0.973404,1.3548,-0.858459,-0.985718,1.3378,-0.841088,-0.999314,1.3378,-0.831672,-0.986827,1.3548,-0.952007,-1.10524,1.51253,-0.962791,-1.11902,1.4935,-0.94317,-1.13438,1.4935,-0.932633,-1.12041,1.51253
0.240838,0.958229,-2.73179,42.4917,838954710,-1.18919,-0.504259,1.45268,-1.20379,-0.511362,1.43625,-1.19414,-0.531197,1.43625,-1.17966,-0.523841,1.45268,-1.33457,-0.574995,1.6163,-1.3509,-0.582944,1.59791,-1.34,-0.605349,1.59791,-1.3238,-0.597117,1.6163
0.334736,0.957588,-2.71445,50.5852,838954711,-1.18146,-0.525354,1.45268,-1.19593,-0.532715,1.43625,-1.18559,-0.552201,1.43625,-1.17125,-0.544592,1.45268,-1.3256,-0.598631,1.6163,-1.34179,-0.606867,1.59791,-1.33012,-0.628877,1.59791,-1.31407,-0.620363,1.6163
0.230585,0.975387,1.84059,45.2518,838955124,-0.333347,1.24789,1.48631,-0.338443,1.26362,1.46997,-0.359445,1.25682,1.46997,-0.354066,1.24118,1.48631,-0.382601,1.39995,1.65172,-0.38826,1.41742,1.63357,-0.411825,1.40979,1.63357,-0.40585,1.39242,1.65172
0.206767,0.992545,1.84059,48.2125,838955636,-0.333347,1.24789,1.52031,-0.338498,1.26379,1.50416,-0.359501,1.25699,1.50416,-0.354065,1.24118,1.52031,-0.382029,1.39818,1.68749,-0.387751,1.41585,1.66955,-0.411315,1.40821,1.66955,-0.405278,1.39065,1.68749
0.317042,0.992561,-1.85716,49.787,838955784,-0.375648,-1.23576,1.52031,-0.379709,-1.25197,1.50416,-0.358294,-1.25734,1.50416,-0.354523,-1.24105,1.52031,-0.414029,-1.389,1.68749,-0.418541,-1.40701,1.66955,-0.394513,-1.41303,1.66955,-0.390324,-1.39494,1.68749
0.171276,1.00897,1.7889,51.1403,838956145,-0.268738,1.26479,1.55471,-0.273093,1.28112,1.53874,-0.29432,1.27505,1.53874,-0.289678,1.25881,1.55471,-0.309068,1.41562,1.72364,-0.313905,1.43375,1.70591,-0.337721,1.42695,1.70591,-0.332565,1.4089,1.72364
0.205174,1.02679,0.0952679,39.1769,838956560,1.28682,0.111589,1.58952,1.30373,0.11395,1.57374,1.30067,0.135814,1.57374,1.28381,0.133158,1.58952,1.43954,0.132912,1.76019,1.45832,0.135534,1.74266,1.4549,0.160066,1.74266,1.43616,0.157115,1.76019
0.302242,1.04388,-0.602861,49.1175,838957392,1.05749,-0.741669,1.62476,1.07211,-0.750822,1.60917,1.08382,-0.73211,1.60917,1.06905,-0.723211,1.62476,1.18656,-0.822488,1.79714,1.2028,-0.832655,1.77982,1.21595,-0.811661,1.77982,1.19953,-0.801775,1.79714
0.0859493,1.06099,3.13333,-4.16033,838957758,-1.29152,0.0220019,1.66072,-1.30906,0.0214066,1.64521,-1.30831,-0.000673597,1.64521,-1.29078,0.000236673,1.66072,-1.44191,0.0168986,1.83468,-1.46126,0.0162421,1.81758,-1.46042,-0.00836893,1.81758,-1.44109,-0.00736516,1.83468
0.185615,1.12966,2.29714,46.7407,838959758,-0.849252,0.973031,1.80898,-0.86187,0.986125,1.79421,-0.877779,0.970795,1.79421,-0.864934,0.957919,1.80898,-0.948546,1.07608,1.98905,-0.962459,1.09052,1.97277,-0.980192,1.07343,1.97277,-0.966028,1.05923,1.98905
0.209573,1.16838,2.45255,47.3153,838960791,-0.990786,0.830834,1.89852,-1.00568,0.842088,1.88398,-1.01869,0.824214,1.88398,-1.0036,0.813227,1.89852,-1.10224,0.914872,2.08135,-1.11855,0.927195,2.06543,-1.13296,0.907401,2.06543,-1.11644,0.89537,2.08135
0.137933,1.25476,-0.426321,-2.64291,838963546,1.17129,-0.544457,2.10248,1.18934,-0.551774,2.08876,1.19765,-0.531271,2.08876,1.17947,-0.524274,2.10248,1.29248,-0.593567,2.29171,1.31212,-0.601525,2.27678,1.32126,-0.578961,2.27678,1.30148,-0.57135,2.29171
0.117081,1.272,-0.533774,14.6549,838964052,1.10601,-0.666892,2.14506,1.12332,-0.67611,2.13152,1.13372,-0.656587,2.13152,1.11626,-0.647672,2.14506,1.2199,-0.727572,2.33546,1.23872,-0.737598,2.32073,1.25017,-0.716112,2.32073,1.23117,-0.706415,2.33546
0.736255,1.28897,-2.10262,48.225,838964474,-0.664811,-1.10749,2.18821,-0.674089,-1.12489,2.17484,-0.654566,-1.1353,2.17484,-0.645592,-1.11773,2.18821,-0.724692,-1.21984,2.37977,-0.734784,-1.23877,2.36523,-0.713299,-1.25022,2.36523,-0.703538,-1.23111,2.37977
0.16443,1.28822,-2.08528,38.4348,838964475,-0.646164,-1.12001,2.18821,-0.655137,-1.13758,2.17484,-0.635264,-1.14729,2.17484,-0.6266,-1.12957,2.18821,-0.704056,-1.23342,2.37977,-0.713816,-1.25253,2.36523,-0.691945,-1.26322,2.36523,-0.682521,-1.24395,2.37977
0.272264,1.28828,-1.98174,50.0107,838964481,-0.526913,-1.18071,2.18821,-0.533999,-1.19912,2.17484,-0.513218,-1.20671,2.17484,-0.506455,-1.18818,2.18821,-0.572624,-1.29956,2.37977,-0.580331,-1.31959,2.36523,-0.557461,-1.32793,2.36523,-0.550105,-1.30778,2.37977
0.830473,1.28911,-0.533772,-1.37671,838964564,1.10601,-0.666892,2.18821,1.12342,-0.676168,2.17484,1.13383,-0.656644,2.17484,1.11626,-0.647672,2.18821,1.21838,-0.726759,2.37977,1.23731,-0.736848,2.36523,1.24876,-0.715361,2.36523,1.22965,-0.705603,2.37977
0.147936,1.289,-0.426317,16.217,838964570,1.17129,-0.544457,2.18821,1.18957,-0.551866,2.17484,1.19788,-0.531363,2.17484,1.17947,-0.524274,2.18821,1.28929,-0.592273,2.37977,1.30917,-0.600331,2.36523,1.31831,-0.577767,2.36523,1.29829,-0.570056,2.37977
0.141474,1.3062,-0.53377,6.78275,838965076,1.10601,-0.666892,2.23194,1.12353,-0.676224,2.21875,1.13393,-0.656701,2.21875,1.11626,-0.647672,2.23194,1.21684,-0.725941,2.42464,1.23589,-0.736092,2.4103,1.24734,-0.714605,2.4103,1.22811,-0.704785,2.42464
0.219499,1.32325,-2.76622,-46.3415,838965460,-1.2059,-0.462937,2.27679,-1.22429,-0.471104,2.26367,-1.2153,-0.491333,2.26367,-1.19706,-0.482841,2.27679,-1.31918,-0.513245,2.47054,-1.33906,-0.522071,2.45637,-1.32923,-0.544201,2.45637,-1.30951,-0.535023,2.47054
0.938306,1.3225,-2.74889,-50.1231,838965461,-1.19891,-0.484281,2.27679,-1.21716,-0.492764,2.26367,-1.20748,-0.512667,2.26367,-1.18938,-0.503863,2.27679,-1.31127,-0.53667,2.47054,-1.33099,-0.545838,2.45637,-1.3204,-0.567611,2.45637,-1.30084,-0.558097,2.47054
0.255603,1.32333,-1.26641,50.5487,838965546,0.376197,-1.23559,2.27679,0.383063,-1.2545,2.26367,0.403869,-1.24695,2.26367,0.396668,-1.22816,2.27679,0.418489,-1.35211,2.47054,0.425909,-1.37255,2.45637,0.448669,-1.36429,2.45637,0.440888,-1.34398,2.47054
0.161935,1.39111,-0.163457,17.7228,838967297,1.27367,-0.221592,2.46154,1.29407,-0.224116,2.44911,1.29641,-0.202106,2.44911,1.27597,-0.199936,2.46154,1.39018,-0.236029,2.65934,1.41223,-0.238757,2.64591,1.41478,-0.214679,2.64591,1.3927,-0.212333,2.65934
0.14588,1.39185,-2.58973,3.06195,838967518,-1.10572,-0.667388,2.46154,-1.12277,-0.678861,2.44911,-1.11041,-0.697224,2.44911,-1.09356,-0.685456,2.46154,-1.20311,-0.732922,2.65934,-1.22153,-0.745321,2.64591,-1.20801,-0.76541,2.64591,-1.1898,-0.752692,2.65934
0.123004,1.47665,-2.78339,25.9558,838970067,-1.21492,-0.442626,2.70935,-1.23446,-0.450902,2.69763,-1.22547,-0.471142,2.69763,-1.20608,-0.46253,2.70935,-1.31588,-0.485366,2.91156,-1.33687,-0.494254,2.89897,-1.32709,-0.51627,2.89897,-1.30627,-0.50702,2.91156
0.141541,1.47665,-1.42164,-23.7128,838970145,0.180862,-1.28031,2.70935,0.184893,-1.30115,2.69763,0.20656,-1.29657,2.69763,0.202169,-1.27581,2.70935,0.201674,-1.38796,2.91156,0.206003,-1.41034,2.89897,0.22957,-1.40535,2.89897,0.224854,-1.38306,2.91156
