energy,et,eta,phi,pos_x,pos_y,pos_z,hadronicOverEm,hadronicDepth1OverEcal,hadronicDepth2OverEcal,e1x5,e2x5,e3x3,e5x5,maxEnergyXtal,sigmaEtaEta,sigmaIetaIeta,r1x5,r2x5,r9,ecalRecHitSumEtConeDR04,hcalTowerSumEtConeDR04,hcalDepth1TowerSumEtConeDR04,hcalDepth2TowerSumEtConeDR04,trkSumPtSolidConeConeDR04,trkSumPtHollowConeDR04,nTrkSolidConeDR04,nTrkHollowConeDR04,ecalRecHitSumEtDR03,hcalTowerSumEtDR03,hcalDepth1TowerSumEtDR03,hcalDepth2TowerSumEtDR03,trkSumPtSolidConeDR03,trkSumPtHollowConeDR03,nTrkSolidConeDR03,nTrkHollowConeDR03,event_id
35.5566,35.556,0.00578447,1.834,0.000725879,0.000609286,-0.0475917,0.0,0.0,0.0,22.6318,24.3409,22.8505,26.2816,13.5058,0.00838625,0.00787498,0.861125,0.926158,0.639676,2.34016,2.91099,2.91099,0.0,1.28412,1.28412,1,1,1.65006,1.30431,1.30431,0.0,0.0,0.0,0,0,Event_652620608
110.741,30.9368,1.94829,-1.74553,0.000725879,0.000609286,-0.0475917,0.0,0.0,0.0,52.064,72.5905,76.1974,81.9361,34.2904,0.0187867,0.0272554,0.635422,0.88594,0.778704,3.24942,0.209322,0.0,0.209322,1.75071,1.75071,2,2,2.92522,0.209322,0.0,0.209322,1.75071,1.75071,2,2,Event_652620608
39.1053,37.2752,0.312086,-0.738311,0.00070572,0.000610879,-0.0616836,0.125858,0.125858,0.0,18.9921,25.8775,25.4205,28.1167,10.7709,0.0106736,0.0106936,0.675473,0.920358,0.651485,12.6661,5.87774,5.87774,0.0,20.9435,20.9435,3,3,11.3975,4.4294,4.4294,0.0,20.9435,20.9435,3,3,Event_272621358
63.0349,30.0835,-1.37033,1.9587,0.00070572,0.000610879,-0.0616836,0.0,0.0,0.0,39.9849,44.7033,42.6156,48.9103,18.3469,0.00925968,0.00939858,0.817516,0.913987,0.69837,3.78327,1.00561,1.00561,0.0,0.393934,0.393934,1,1,3.50169,0.461916,0.461916,0.0,0.393934,0.393934,1,1,Event_272621358
26.1648,13.1097,-1.31455,1.95949,0.00070572,0.000610879,-0.0616836,0.0,0.0,0.0,18.9263,20.3895,21.1544,26.0584,16.7457,0.018312,0.0189122,0.726302,0.782456,1.06441,19.5947,1.00561,1.00561,0.0,0.905191,0.905191,2,2,18.8775,0.0,0.0,0.0,0.393934,0.393934,1,1,Event_272621358
386.014,56.1669,-2.61536,0.149194,0.000719179,0.000604904,0.115721,0.0232584,0.0232584,0.0,315.749,332.336,337.352,358.974,267.021,0.0289952,0.0220036,0.879587,0.925795,0.908257,0.730528,6.37774,5.67852,0.699221,14.2712,14.2712,6,6,0.609196,4.75933,4.3883,0.371037,12.909,12.909,5,5,Event_651957713
143.588,24.5488,-2.45205,2.29635,0.000719179,0.000604904,0.115721,0.0410232,0.0234413,0.0175819,88.9197,119.195,120.269,132.345,66.068,0.0414004,0.0355491,0.671876,0.900639,0.875574,2.2417,9.46393,3.89668,5.56725,13.8047,13.8047,5,5,1.77611,6.42732,1.93873,4.4886,10.1939,10.1939,4,4,Event_651957713
86.157,41.8507,1.35019,-1.80889,0.000722528,0.00060663,-0.0408427,0.155725,0.155725,0.0,60.5707,65.0748,38.3201,68.4089,22.6115,0.00554134,0.00564223,0.885421,0.951262,0.462594,1.56753,3.24501,3.24501,0.0,12.7701,0.0,1,0,1.00488,2.61327,2.61327,0.0,12.7701,0.0,1,0,Event_273090582
37.9524,37.9024,-0.0513707,1.34396,0.000722528,0.00060663,-0.0408427,0.230168,0.230168,0.0,17.0826,28.1568,34.3777,37.092,11.5201,0.0151156,0.0144587,0.460546,0.759108,0.902898,5.1999,2.47987,2.47987,0.0,0.176688,0.176688,1,1,3.50531,2.47987,2.47987,0.0,0.176688,0.176688,1,1,Event_273090582
87.0792,54.9195,-1.03534,0.687792,0.000742235,0.000594516,0.0952953,0.100604,0.100604,0.0,59.4421,70.3682,70.7808,75.2528,51.8184,0.0105071,0.0106605,0.789899,0.935091,0.821429,3.02296,4.54461,4.54461,0.0,8.06237,2.16233,3,2,1.93667,2.57504,2.57504,0.0,8.06237,2.16233,3,2,Event_272801966
20.4145,19.2791,0.341542,2.7072,0.00071474,0.000627895,0.0391706,0.0,0.0,0.0,13.5101,19.3795,19.2967,20.4145,11.4192,0.0110015,0.0110112,0.661789,0.949299,0.948344,7.09894,2.62917,2.62917,0.0,3.01528,3.01528,2,2,4.41046,0.0,0.0,0.0,3.01528,3.01528,2,2,Event_652001849
427.424,76.6442,2.40361,-0.172406,0.00071474,0.000627895,0.0391706,0.086391,0.0546263,0.0317647,280.187,320.752,299.903,391.732,199.47,0.0447795,0.0388993,0.715252,0.818805,0.744602,15.457,8.48071,7.02614,1.45457,4.65829,0.0,2,0,14.3205,7.16551,5.83427,1.33125,4.65829,0.0,2,0,Event_652001849
249.379,38.7344,2.54931,-0.272078,0.00071474,0.000627895,0.0391706,0.0728604,0.0567657,0.0160947,128.84,223.586,201.798,287.27,78.0072,0.0407233,0.0314016,0.4485,0.778315,0.847082,57.2633,13.6006,10.0273,3.57326,10.6496,10.6496,4,4,56.1087,10.5164,7.71847,2.79791,10.6496,10.6496,4,4,Event_652001849
62.806,19.9644,1.81297,2.33508,0.00071474,0.000627895,0.0391706,0.128488,0.020179,0.10831,30.913,38.3647,38.7929,44.4829,20.2713,0.0198587,0.0329807,0.694941,0.862459,0.701309,9.26937,6.5389,3.78406,2.75483,9.69073,9.69073,3,3,9.01737,4.25841,1.7994,2.45901,6.96604,6.96604,2,2,Event_652001849
28.5546,9.73347,1.73899,2.23374,0.00071474,0.000627895,0.0391706,0.0979529,0.0422359,0.055717,13.3918,27.3817,22.8794,31.7458,10.6626,0.0212624,0.0386409,0.421845,0.86253,0.851305,13.3566,6.11047,1.7994,4.31107,18.0047,18.0047,4,4,13.102,5.32623,1.31098,4.01525,18.0047,18.0047,4,4,Event_652001849
78.9558,34.6685,1.46409,-1.19172,0.000726319,0.000623038,0.015756,0.110014,0.110014,0.0,58.5043,61.1344,60.0131,67.3109,53.7957,0.0154237,0.0156016,0.869166,0.90824,0.79813,12.6018,3.62776,3.62776,0.0,21.4264,21.4264,7,7,12.3151,2.85982,2.85982,0.0,20.8427,20.8427,6,6,Event_272716662
21.2884,10.0463,1.38311,-1.19962,0.000726319,0.000623038,0.015756,0.237909,0.237909,0.0,7.8335,13.1465,12.9155,13.9205,4.14939,0.0134162,0.0137701,0.562733,0.944402,0.631745,32.7124,6.02602,6.02602,0.0,20.8427,19.3148,6,5,32.2177,4.24905,4.24905,0.0,20.8427,19.3148,6,5,Event_272716662
62.5684,36.935,1.11886,1.62175,0.000710483,0.000618437,0.0766403,0.0,0.0,0.0,51.8761,54.4176,54.1618,57.5979,33.0121,0.00820475,0.00688711,0.90066,0.944784,0.896423,2.21908,0.64179,0.64179,0.0,1.1619,1.1619,2,2,1.78484,0.0,0.0,0.0,0.0,0.0,0,0,Event_805047482
62.3202,34.7229,1.18942,-1.43582,0.000710483,0.000618437,0.0766403,0.0,0.0,0.0,40.8173,46.3296,38.1288,48.7779,24.6692,0.0076299,0.00784141,0.836799,0.949808,0.631472,2.65205,0.685532,0.685532,0.0,0.280771,0.280771,1,1,1.26236,0.0,0.0,0.0,0.280771,0.280771,1,1,Event_805047482
36.9511,29.0283,0.72298,-2.65721,0.000710483,0.000618437,0.0766403,0.0,0.0,0.0,28.547,33.431,34.001,34.8955,25.5039,0.00947409,0.00978973,0.818071,0.958032,0.92291,3.48303,0.654767,0.654767,0.0,0.577501,0.307938,2,1,1.38913,0.0,0.0,0.0,0.577501,0.307938,2,1,Event_805047482
33.1306,27.6269,0.621179,-2.2338,0.000710483,0.000618437,0.0766403,0.0,0.0,0.0,19.8336,31.8828,27.7065,32.6076,12.312,0.00863448,0.00887181,0.608252,0.977772,0.8326,3.60459,0.654767,0.654767,0.0,0.0,0.0,0,0,2.67035,0.654767,0.654767,0.0,0.0,0.0,0,0,Event_805047482
41.9147,41.2783,0.175378,0.730867,0.000745818,0.000590769,0.05901,0.326117,0.326117,0.0,16.4377,22.8253,19.9981,25.5495,10.1421,0.0117506,0.011795,0.643367,0.893376,0.478316,9.57743,0.930109,0.930109,0.0,10.2814,10.2814,3,3,7.10818,0.930109,0.930109,0.0,10.2814,10.2814,3,3,Event_273164062
38.1621,25.9065,0.937937,-2.67115,0.000745818,0.000590769,0.05901,0.443514,0.443514,0.0,8.684,14.8047,15.5564,18.3008,6.30906,0.0160416,0.0163489,0.474515,0.808963,0.413167,21.5682,8.48216,8.48216,0.0,26.6899,26.6899,4,4,20.1279,7.3479,7.3479,0.0,26.6899,26.6899,4,4,Event_273164062
78.5351,45.2425,1.14891,1.99151,0.000737061,0.000605129,0.0297981,0.0744302,0.0744302,0.0,47.152,61.188,59.9244,64.6009,36.8899,0.00949385,0.00955503,0.729896,0.947169,0.780325,6.76388,4.06528,4.06528,0.0,13.4761,4.5549,3,2,5.01956,3.54791,3.54791,0.0,9.48741,0.566217,2,1,Event_652058695
47.7072,42.4256,-0.493941,-1.2057,0.000737061,0.000605129,0.0297981,0.174498,0.174498,0.0,36.3906,39.6701,39.7301,41.6558,31.8731,0.00882241,0.00898588,0.873603,0.95233,0.836822,2.66178,2.56783,2.56783,0.0,10.2394,10.2394,2,2,1.42991,2.56783,2.56783,0.0,10.2394,10.2394,2,2,Event_652058695
197.611,144.189,-0.836234,1.38383,0.000708602,0.000624259,-0.0153632,0.150241,0.150241,0.0,95.8244,156.06,155.263,168.994,78.4576,0.0112292,0.0113528,0.567028,0.923465,0.787268,13.3928,17.5153,17.5153,0.0,23.0806,13.4363,2,1,11.5611,7.00254,7.00254,0.0,23.0806,13.4363,2,1,Event_273102462
173.54,86.5032,1.32051,-1.91092,0.000708602,0.000624259,-0.0153632,0.341028,0.341028,0.0,90.2317,111.887,97.9742,120.087,62.3245,0.00934856,0.00949223,0.751384,0.931712,0.590053,9.09359,1.43773,1.43773,0.0,8.52752,3.93719,5,4,7.91516,1.43773,1.43773,0.0,7.2213,2.63098,3,2,Event_273102462
426.998,51.9517,-2.79589,-2.43527,0.000728853,0.000618388,0.0307402,0.0442556,0.0313476,0.012908,331.146,400.103,404.937,426.998,306.856,0.0428492,0.0257156,0.77552,0.937013,0.9545,1.03627,1.64704,1.64704,0.0,0.0,0.0,0,0,0.768542,1.64704,1.64704,0.0,0.0,0.0,0,0,Event_651933278
320.642,48.5723,-2.57463,0.666392,0.000728853,0.000618388,0.0307402,0.0148993,0.0148993,0.0,253.259,290.653,302.927,311.977,245.763,0.0296147,0.0227782,0.811787,0.93165,0.970991,0.59799,2.58671,2.15909,0.427628,0.0,0.0,0,0,0.486747,0.962472,0.739117,0.223355,0.0,0.0,0,0,Event_651933278
45.6413,38.3853,0.605573,-1.89011,0.000713589,0.000617512,0.0388035,0.0,0.0,0.0,24.8509,31.9355,31.7729,33.4951,20.5811,0.00961707,0.00975727,0.741925,0.953436,0.698755,6.4522,0.640631,0.640631,0.0,14.8049,14.8049,7,7,3.69206,0.640631,0.640631,0.0,11.6931,11.6931,4,4,Event_652163381
27.4964,19.0413,-0.910587,1.29395,0.000713589,0.000617512,0.0388035,0.0,0.0,0.0,22.4278,24.4744,24.9975,26.0065,14.543,0.00981242,0.0100121,0.862392,0.941087,0.907369,8.38635,8.27304,8.27304,0.0,584.76,584.76,8,8,2.36363,2.49956,2.49956,0.0,565.826,565.826,5,5,Event_652163381
38.6542,38.1575,0.161183,1.13237,0.000707769,0.000606687,0.0219375,0.112805,0.112805,0.0,6.23499,16.1888,14.1095,21.3118,4.08977,0.0131564,0.013281,0.29256,0.759616,0.362996,5.6572,2.42314,2.42314,0.0,17.44,17.44,4,4,4.78926,0.0,0.0,0.0,17.44,17.44,4,4,Event_652427387
16.8264,9.97728,1.11333,-2.7017,0.000707769,0.000606687,0.0219375,0.404476,0.404476,0.0,8.48165,9.19726,9.19557,12.5197,7.831,0.0188646,0.0184083,0.677464,0.734622,0.571545,8.37201,3.92708,3.92708,0.0,20.6972,20.6972,7,7,6.17555,1.19719,1.19719,0.0,17.5652,17.5652,5,5,Event_652427387
112.211,40.5181,1.67746,-0.484969,0.000707769,0.000606687,0.0219375,0.0,0.0,0.0,46.7011,69.3774,75.3647,87.0179,28.8901,0.0157889,0.0305815,0.536684,0.797278,0.74803,4.44375,4.58425,3.89032,0.69393,62.4759,11.5144,5,4,3.12101,2.41866,2.41866,0.0,61.2105,10.249,4,3,Event_652427387
34.0312,10.4967,-1.84469,1.07379,0.000707769,0.000606687,0.0219375,0.0298002,0.0298002,0.0,17.1128,29.608,30.8817,32.4691,15.102,0.0149348,0.024302,0.52705,0.91188,0.95111,2.10234,1.7151,0.0,1.7151,1.43305,1.43305,3,3,1.53619,1.7151,0.0,1.7151,0.541065,0.541065,2,2,Event_652427387
55.5034,36.5886,0.97744,-0.777525,0.000711551,0.000597197,-0.0675749,0.0,0.0,0.0,39.7424,52.8581,53.2375,55.4702,36.3621,0.00907847,0.00936841,0.716464,0.952909,0.955518,19.5685,2.67682,2.67682,0.0,19.3016,19.3016,7,7,8.35462,2.67682,2.67682,0.0,9.75299,9.75299,4,4,Event_651987545
48.8099,28.5611,-1.12973,1.94157,0.000711551,0.000597197,-0.0675749,0.0,0.0,0.0,23.8489,43.1763,41.7737,46.4987,19.3605,0.00945504,0.00964013,0.512895,0.92855,0.864993,11.831,5.78339,5.78339,0.0,35.8084,25.6641,14,13,8.4589,5.19694,5.19694,0.0,32.514,22.3697,11,10,Event_651987545
17.0199,12.9524,0.773112,-1.02315,0.000711551,0.000597197,-0.0675749,0.204106,0.204106,0.0,8.26523,8.99529,8.98977,9.34784,6.92935,0.00999464,0.0102198,0.884185,0.962285,0.52897,47.7433,6.21601,6.21601,0.0,9.57906,9.57906,4,4,9.4629,6.21601,6.21601,0.0,7.15128,7.15128,3,3,Event_651987545
115.124,61.6424,-1.23691,2.64486,0.000741774,0.000614135,-0.0318958,0.102898,0.102898,0.0,87.3041,93.058,95.803,99.1648,71.3931,0.00889454,0.00904979,0.880394,0.938417,0.860089,8.96629,2.80822,2.80822,0.0,17.2744,17.2744,5,5,6.7239,1.79922,1.79922,0.0,16.6981,16.6981,4,4,Event_272720518
26.8784,25.9713,0.263524,1.88125,0.000722025,0.000596753,0.0199057,0.319889,0.319889,0.0,14.3536,19.1429,16.4894,20.1972,9.0222,0.00968607,0.00978618,0.710672,0.947801,0.617229,22.0255,0.0,0.0,0.0,22.452,22.452,6,6,21.4408,0.0,0.0,0.0,18.7312,18.7312,3,3,Event_273100230
40.6524,31.7001,-0.734893,-2.04783,0.000713283,0.00061903,0.0236496,0.0,0.0,0.0,33.8124,38.5091,38.8922,40.6522,24.114,0.00913406,0.00928821,0.831748,0.947283,0.942674,2.09979,1.46553,1.46553,0.0,0.0,0.0,0,0,1.1308,1.46553,1.46553,0.0,0.0,0.0,0,0,Event_652538562
173.034,31.4499,-2.38988,0.897686,0.000713283,0.00061903,0.0236496,0.0047925,0.0047925,0.0,122.515,146.801,156.048,164.29,105.899,0.0267521,0.0246542,0.745728,0.893549,0.949835,0.261469,1.36523,1.36523,0.0,0.0,0.0,0,0,0.0,0.819894,0.819894,0.0,0.0,0.0,0,0,Event_652538562
20.9097,20.7528,0.122869,-0.49913,0.000725743,0.000580932,-0.0263132,0.239724,0.239724,0.0,5.63751,7.6724,7.21608,12.5293,4.3539,0.0149754,0.0149218,0.449946,0.612356,0.343209,11.1251,6.35246,6.35246,0.0,17.1129,17.1129,3,3,8.00877,4.24199,4.24199,0.0,16.1825,16.1825,2,2,Event_273201718
68.1629,16.715,-2.08336,2.25417,0.000725743,0.000580932,-0.0263132,0.254113,0.240475,0.0136379,21.6404,42.3918,41.1686,52.7966,14.9336,0.0431764,0.0547647,0.409882,0.802926,0.673929,11.1209,10.6271,10.1254,0.501718,22.1786,22.1786,5,5,9.28502,5.69988,5.46818,0.231698,22.1786,22.1786,5,5,Event_273201718
45.2935,34.4091,0.775789,-2.50054,0.000719179,0.000605857,-0.0260918,0.0,0.0,0.0,36.8944,39.7453,40.9364,42.8338,33.2973,0.0113908,0.0116388,0.861338,0.927895,0.905831,3.53981,4.50976,4.50976,0.0,1.54089,1.54089,2,2,2.29803,1.79344,1.79344,0.0,0.569341,0.569341,1,1,Event_652616753
24.8539,22.2661,-0.477573,0.94036,0.000719179,0.000605857,-0.0260918,0.0,0.0,0.0,9.07626,14.5433,15.1587,16.5499,6.5984,0.0115211,0.0115845,0.54842,0.878759,0.609274,6.3487,4.45337,4.45337,0.0,0.919169,0.919169,2,2,4.19351,4.45337,4.45337,0.0,0.472786,0.472786,1,1,Event_652616753
32.3912,29.3674,-0.449982,-1.9999,0.000738254,0.000617433,0.0155553,0.153519,0.153519,0.0,23.6829,25.141,25.4842,30.7845,12.7709,0.0195281,0.0175539,0.769313,0.816677,0.821774,15.5395,2.89698,2.89698,0.0,9.38787,9.38787,4,4,14.6387,0.0,0.0,0.0,9.38787,9.38787,4,4,Event_272735518
15.0273,13.2232,-0.516606,-2.06691,0.000738254,0.000617433,0.0155553,0.0926196,0.0926196,0.0,8.35239,9.52123,9.58443,9.69809,5.06362,0.0107769,0.0109278,0.861241,0.981764,0.636934,27.3273,6.32623,6.32623,0.0,9.38787,9.38787,4,4,26.2424,3.42925,3.42925,0.0,8.63299,8.63299,3,3,Event_272735518
37.4937,30.5782,0.660475,-1.45035,0.000734258,0.000620575,-0.0294885,0.0,0.0,0.0,31.1532,34.6318,35.1235,36.5315,25.588,0.0088123,0.00895992,0.852776,0.947998,0.933602,8.37789,0.606304,0.606304,0.0,13.1715,13.1715,6,6,6.54501,0.0,0.0,0.0,13.1715,13.1715,6,6,Event_652644506
198.953,42.7039,2.2202,1.6279,0.000734258,0.000620575,-0.0294885,0.0221742,0.0135021,0.00867214,128.557,149.223,158.39,172.258,95.813,0.0300025,0.0328486,0.746304,0.866277,0.851541,5.7396,8.23339,1.82208,6.41131,12.7117,12.7117,4,4,4.11983,8.23339,1.82208,6.41131,12.7117,12.7117,4,4,Event_652644506
21.5091,13.5536,1.03646,-2.99554,0.000735849,0.00060505,-0.0109454,0.0640853,0.0640853,0.0,12.2474,17.0317,14.7953,18.6763,8.59425,0.0115387,0.0119069,0.655772,0.911943,0.710432,9.28017,4.81417,4.81417,0.0,14.7129,14.7129,7,7,4.92753,3.26447,3.26447,0.0,12.3326,12.3326,5,5,Event_273136350
70.9197,12.0174,-2.46108,1.81489,0.000735849,0.00060505,-0.0109454,0.124681,0.124681,0.0,16.4232,24.7774,24.9175,48.6857,12.7519,0.0525111,0.0447714,0.337332,0.508926,0.379829,1.40887,10.2835,4.86066,5.42284,4.37403,4.37403,1,1,0.882655,4.01803,2.82637,1.19165,4.37403,4.37403,1,1,Event_273136350
20.5547,18.8375,-0.42381,2.03081,0.000721201,0.00062494,-0.0161505,0.0,0.0,0.0,17.9544,19.5532,19.5123,20.3224,13.3204,0.0101812,0.0084608,0.883476,0.962149,0.940712,9.2715,2.45222,2.45222,0.0,16.9775,16.9775,6,6,7.75822,2.45222,2.45222,0.0,16.5621,16.5621,5,5,Event_652524425
277.082,41.5326,-2.58532,-1.20205,0.000721201,0.00062494,-0.0161505,0.0805733,0.0568134,0.0237599,136.288,226.521,229.048,268.82,64.7966,0.0427905,0.0315783,0.506986,0.842651,0.860479,1.94628,6.24119,5.17624,1.06495,0.0,0.0,0,0,0.636364,5.69282,4.78542,0.907402,0.0,0.0,0,0,Event_652524425
108.044,48.1502,-1.44754,-1.45948,0.000729167,0.000624215,0.0761529,0.0,0.0,0.0,94.5878,102.27,104.221,107.479,78.562,0.00828811,0.00849303,0.880056,0.951529,0.961351,3.13024,1.68659,1.68659,0.0,6.48623,6.48623,2,2,1.62495,1.68659,1.68659,0.0,0.0,0.0,0,0,Event_652099539
26.3491,26.0714,0.145821,1.29868,0.000729167,0.000624215,0.0761529,0.251273,0.251273,0.0,6.23717,10.0189,11.1876,14.1228,5.03034,0.0174053,0.0174573,0.441637,0.709415,0.423856,8.29248,13.9035,13.9035,0.0,42.6935,17.6294,6,4,6.64372,0.816042,0.816042,0.0,25.8715,0.80751,3,1,Event_652099539
21.9059,21.1289,-0.270388,1.38598,0.000729167,0.000624215,0.0761529,0.0,0.0,0.0,14.7699,20.7343,20.957,21.9059,12.868,0.0100393,0.0100777,0.674244,0.946514,0.949968,7.12536,21.9787,21.9787,0.0,23.5694,23.5694,5,5,3.60803,6.02329,6.02329,0.0,23.5694,23.5694,5,5,Event_652099539
13.8622,13.7465,0.129666,-0.589884,0.000686927,0.000610587,-0.0124654,0.0,0.0,0.0,10.1881,11.1007,10.8339,11.8214,8.06769,0.0100941,0.0101441,0.861838,0.939033,0.775975,5.44813,0.640148,0.640148,0.0,3.35191,2.58548,3,2,3.50886,0.0,0.0,0.0,1.89719,1.13076,2,1,Event_1605749984
48.8817,46.4992,-0.318765,3.02277,0.000737436,0.000610373,0.0145512,0.0,0.0,0.0,26.2774,30.5969,30.0661,33.2312,17.4579,0.0100031,0.0100882,0.790745,0.920728,0.621966,9.29922,0.697061,0.697061,0.0,6.8651,6.8651,4,4,7.86011,0.697061,0.697061,0.0,5.0681,5.0681,2,2,Event_652595559
253.18,64.0551,-2.0511,0.310009,0.000737436,0.000610373,0.0145512,0.0,0.0,0.0,172.308,215.985,213.865,228.011,89.2047,0.0184514,0.0240723,0.755698,0.947256,0.927011,0.619016,0.502982,0.264178,0.238804,0.89979,0.89979,2,2,0.471601,0.502982,0.264178,0.238804,0.418284,0.418284,1,1,Event_652595559
71.6424,57.4692,0.688628,1.69066,0.000748639,0.000601833,0.0463334,0.296713,0.296713,0.0,23.2962,42.1846,37.8365,54.2191,13.0834,0.0146064,0.0147379,0.429668,0.778041,0.529264,5.70714,11.4908,11.4908,0.0,10.2817,10.2817,2,2,5.3079,9.31256,9.31256,0.0,10.2817,10.2817,2,2,Event_273184742
46.0726,45.9417,0.0754458,-1.68865,0.000711247,0.000622607,-0.0344849,0.0,0.0,0.0,36.1993,40.7211,32.6698,43.7567,14.3898,0.00950003,0.00895939,0.827286,0.930623,0.7073,6.67464,0.0,0.0,0.0,9.1324,9.1324,7,7,5.30789,0.0,0.0,0.0,2.11052,2.11052,2,2,Event_652450361
45.0136,22.3823,1.32336,2.93922,0.000711247,0.000622607,-0.0344849,0.0,0.0,0.0,26.4039,35.2612,34.4497,37.2575,23.1519,0.0108391,0.0110815,0.708687,0.946421,0.774247,1.51274,0.347476,0.347476,0.0,2.94756,2.94756,3,3,0.65674,0.0,0.0,0.0,2.94756,2.94756,3,3,Event_652450361
64.5443,30.8738,1.36775,2.84287,0.000726808,0.000607392,0.000819178,0.049452,0.049452,0.0,46.6569,54.7092,55.554,58.9551,33.3304,0.0106689,0.0109489,0.791396,0.927979,0.890111,2.41899,8.22101,8.22101,0.0,6.69756,6.69756,3,3,1.819,2.28089,2.28089,0.0,6.69756,6.69756,3,3,Event_652038193
447.146,58.049,2.7305,0.0625963,0.000726808,0.000607392,0.000819178,0.0201907,0.0175179,0.00267282,266.856,406.387,403.8,440.388,217.967,0.0475655,0.0311951,0.605957,0.922793,0.916918,0.0,2.24729,1.38226,0.865031,0.0,0.0,0,0,0.0,0.625585,0.625585,0.0,0.0,0.0,0,0,Event_652038193
26.1035,24.0741,-0.40778,2.86307,0.000691406,0.000624151,-0.0605083,0.0,0.0,0.0,17.6038,20.2598,20.2842,20.7692,15.0413,0.0112893,0.00922726,0.847592,0.97547,0.813006,5.95331,0.0,0.0,0.0,0.0,0.0,0,0,3.53297,0.0,0.0,0.0,0.0,0.0,0,0,Event_153791279
23.5944,17.8757,0.779966,1.68,0.000691406,0.000624151,-0.0605083,0.0,0.0,0.0,16.2516,17.4473,15.1765,19.1264,8.01424,0.00862409,0.00874043,0.849691,0.912207,0.640246,4.9409,0.0,0.0,0.0,0.0,0.0,0,0,3.25894,0.0,0.0,0.0,0.0,0.0,0,0,Event_153791279
108.55,30.9477,-1.92709,-0.497478,0.000691406,0.000624151,-0.0605083,0.446947,0.325123,0.121824,24.821,37.7485,36.5396,62.0615,17.5729,0.0260341,0.037416,0.399942,0.608243,0.390689,9.48134,9.58974,8.43694,1.1528,54.6559,44.3351,5,4,7.90129,8.14917,6.99636,1.1528,54.2226,43.9019,4,3,Event_153791279
43.773,33.864,-0.747475,2.53881,0.000702242,0.000611749,-0.0323211,0.0348416,0.0348416,0.0,18.4387,20.3054,20.5066,23.22,10.1738,0.0151512,0.0141237,0.794087,0.874477,0.469828,4.95514,1.16199,1.16199,0.0,18.431,18.431,1,1,4.39601,0.541363,0.541363,0.0,18.431,18.431,1,1,Event_273025542
16.4183,16.1839,-0.170006,-1.02248,0.000702242,0.000611749,-0.0323211,0.182425,0.182425,0.0,9.68232,10.8069,11.0161,11.4956,8.25466,0.0105307,0.0103357,0.842263,0.940092,0.666353,15.1246,7.15047,7.15047,0.0,19.8742,19.8742,6,6,13.8496,7.15047,7.15047,0.0,19.4362,19.4362,5,5,Event_273025542
11.9513,11.8858,-0.104962,-0.991219,0.000702242,0.000611749,-0.0323211,0.398822,0.398822,0.0,3.81897,4.69688,5.32156,13.2726,3.28997,0.0263072,0.0264938,0.287734,0.353878,0.442062,17.0589,5.34947,5.34947,0.0,7.00171,7.00171,4,4,15.7662,5.34947,5.34947,0.0,6.56377,6.56377,3,3,Event_273025542
82.2104,30.6844,1.64187,-1.70983,0.000702242,0.000611749,-0.0323211,0.0,0.0,0.0,8.49769,18.6638,20.3413,28.7372,7.58517,0.0153388,0.0315931,0.295704,0.649463,0.281436,1.06097,0.740431,0.740431,0.0,5.03859,5.03859,4,4,0.928138,0.740431,0.740431,0.0,3.39644,3.39644,2,2,Event_273025542
45.4633,23.9994,-1.25369,-0.0684999,0.00075155,0.000610506,0.0458205,0.0,0.0,0.0,29.7829,35.1063,36.8131,39.3472,21.3754,0.0113086,0.0115274,0.756927,0.892218,0.831439,5.75587,2.35916,2.35916,0.0,5.4586,5.4586,3,3,3.54837,2.35916,2.35916,0.0,4.43653,4.43653,2,2,Event_651977709
306.152,42.9484,-2.65227,3.02542,0.00075155,0.000610506,0.0458205,0.0237402,0.0156636,0.00807652,218.875,258.163,264.148,298.641,107.784,0.0413851,0.0287324,0.732906,0.864461,0.884501,2.19881,5.96348,5.23149,0.731997,1.62249,1.62249,1,1,0.920395,4.48076,4.00142,0.479344,0.0,0.0,0,0,Event_651977709
54.0797,53.9272,0.0751878,-1.51424,0.000729599,0.000618956,-0.0766663,0.0196,0.0196,0.0,21.9028,40.2,37.5732,42.5829,14.1861,0.0107296,0.0100971,0.514357,0.94404,0.694562,3.0334,2.05559,2.05559,0.0,3.55878,3.55878,1,1,2.23809,2.05559,2.05559,0.0,3.55878,3.55878,1,1,Event_652238569
46.8077,43.2874,0.40061,2.03594,0.000729599,0.000618956,-0.0766663,0.0569816,0.0569816,0.0,17.863,32.3174,27.8227,33.9224,13.9412,0.00881058,0.00886054,0.526585,0.952687,0.593851,1.13732,1.45219,1.45219,0.0,24.034,16.4259,4,3,0.587689,1.45219,1.45219,0.0,23.7224,16.1144,3,2,Event_652238569
25.627,25.1317,0.198199,-0.12641,0.000737642,0.000598514,0.116078,0.0,0.0,0.0,8.3953,12.9094,11.7554,13.9238,5.02376,0.0110381,0.0110937,0.602945,0.927145,0.459893,5.49622,0.0,0.0,0.0,3.10346,3.10346,2,2,4.83733,0.0,0.0,0.0,2.70538,2.70538,1,1,Event_652423091
171.833,46.8286,1.97407,-2.79244,0.000737642,0.000598514,0.116078,0.0650522,0.0595586,0.0054936,100.1,125.63,117.481,145.433,62.2987,0.0242983,0.0329838,0.688286,0.863832,0.729153,1.7206,3.84526,3.84526,0.0,9.23456,9.23456,3,3,0.98118,3.20009,3.20009,0.0,9.23456,9.23456,3,3,Event_652423091
81.8173,56.1112,-0.92399,2.69001,0.000754373,0.000593794,0.077768,0.304243,0.304243,0.0,42.3821,53.7679,43.3835,64.7977,19.9992,0.0135121,0.0136718,0.654068,0.829781,0.53409,10.4387,5.56499,5.56499,0.0,18.6044,18.6044,3,3,8.17149,3.4303,3.4303,0.0,17.6018,17.6018,2,2,Event_272696318
61.483,38.19,1.05488,-0.618561,0.000754373,0.000593794,0.077768,0.334596,0.334596,0.0,15.3382,33.8035,29.8955,35.5967,8.02642,0.00887012,0.00903907,0.430889,0.949626,0.504727,8.1394,2.54365,2.54365,0.0,10.5879,10.5879,2,2,4.07322,0.82559,0.82559,0.0,10.5879,10.5879,2,2,Event_272696318
93.9636,14.6272,2.54706,-1.82875,0.000754373,0.000593794,0.077768,0.128682,0.128682,0.0,37.381,58.7014,62.2971,81.8984,21.8621,0.0693569,0.0501514,0.456431,0.716759,0.753122,0.392786,5.9388,4.70414,1.23466,0.0,0.0,0,0,0.0,2.80207,2.32494,0.477136,0.0,0.0,0,0,Event_272696318
29.6276,26.0423,-0.518894,3.12348,0.000746367,0.000617288,0.0892238,0.237749,0.237749,0.0,9.33476,13.8828,14.0763,18.2158,7.4303,0.0218946,0.0203611,0.512453,0.762131,0.481748,6.28861,13.6045,13.6045,0.0,49.3127,38.9881,7,6,5.82369,13.6045,13.6045,0.0,48.8419,38.5172,6,5,Event_273206142
29.7545,28.4692,-0.29937,-1.77817,0.000715175,0.000612995,-0.0655583,0.0265681,0.0265681,0.0,22.9447,24.7663,25.8811,27.113,17.2087,0.0101006,0.0101758,0.846261,0.913449,0.866121,4.72446,3.17182,3.17182,0.0,12.8691,12.8691,7,7,2.95941,3.17182,3.17182,0.0,12.8691,12.8691,7,7,Event_652655004
99.5856,22.7748,-2.15517,1.13775,0.000715175,0.000612995,-0.0655583,0.0139151,0.0139151,0.0,30.91,73.4126,69.1187,89.8674,26.2649,0.0291445,0.0332861,0.343951,0.816899,0.769118,1.59262,7.71413,6.5323,1.18183,4.14606,4.14606,3,3,1.29441,5.70436,4.93657,0.76779,4.14606,4.14606,3,3,Event_652655004
43.336,34.322,-0.709756,2.32492,0.000732387,0.000622636,0.0738727,0.0,0.0,0.0,29.458,37.9298,37.7579,40.4852,25.9253,0.00940576,0.00952505,0.727624,0.936882,0.870895,11.5024,3.13541,3.13541,0.0,2.4535,2.4535,2,2,9.26068,1.90036,1.90036,0.0,1.09525,1.09525,1,1,Event_651938592
84.8296,21.2138,2.06312,-0.435449,0.000732387,0.000622636,0.0738727,0.0,0.0,0.0,34.2357,44.8439,45.0529,65.429,28.3277,0.0250362,0.0318418,0.52325,0.685383,0.647273,0.726641,0.586643,0.586643,0.0,0.0,0.0,0,0,0.448539,0.279683,0.279683,0.0,0.0,0.0,0,0,Event_651938592
18.7325,17.8776,-0.308032,-2.82352,0.000735085,0.000617265,0.0654543,0.0,0.0,0.0,7.18316,8.21736,8.12529,8.85237,4.89346,0.0111891,0.011214,0.811438,0.928267,0.434086,1.95001,0.0,0.0,0.0,0.0,0.0,0,0,0.933635,0.0,0.0,0.0,0.0,0.0,0,0,Event_27000461
21.3331,21.3275,0.022772,-1.27662,0.000727457,0.000624032,0.0333431,0.0,0.0,0.0,18.9147,19.9182,20.4002,21.3331,13.2356,0.0088068,0.00829885,0.886637,0.933677,0.959788,2.50656,1.36598,1.36598,0.0,0.0,0.0,0,0,1.8514,0.0,0.0,0.0,0.0,0.0,0,0,Event_137440354
11.3258,10.6521,-0.353804,2.49781,0.000727457,0.000624032,0.0333431,0.0,0.0,0.0,8.88499,10.044,9.10775,10.609,4.16993,0.00844048,0.00857254,0.837494,0.946741,0.798471,2.4803,1.00922,1.00922,0.0,0.0,0.0,0,0,1.91665,0.0,0.0,0.0,0.0,0.0,0,0,Event_137440354
46.9413,30.9606,-0.976743,0.140479,0.000738124,0.000601638,0.0674099,0.0,0.0,0.0,34.6846,37.8812,38.8441,39.9788,31.8353,0.00983727,0.0100071,0.867575,0.947532,0.836278,6.75279,2.01218,2.01218,0.0,11.2467,11.2467,4,4,4.51992,1.2433,1.2433,0.0,9.68037,9.68037,3,3,Event_651992907
110.204,24.6146,-2.17943,-3.06602,0.000738124,0.000601638,0.0674099,0.0604678,0.0604678,0.0,47.557,80.3578,83.1762,92.5933,28.293,0.0274875,0.0319299,0.513612,0.867858,0.785626,1.96551,4.5818,4.06357,0.518227,2.88608,2.88608,2,2,0.750117,3.781,3.50023,0.280766,2.88608,2.88608,2,2,Event_651992907
47.0711,43.7443,-0.387571,2.86923,0.000713394,0.000619952,-0.0393288,0.0,0.0,0.0,22.8778,30.48,23.4157,32.6176,9.16851,0.0101467,0.0101454,0.701395,0.934465,0.49943,4.45891,1.68456,1.68456,0.0,0.0,0.0,0,0,4.16068,0.0,0.0,0.0,0.0,0.0,0,0,Event_652357534
165.989,25.2184,2.57168,-0.123171,0.000713394,0.000619952,-0.0393288,0.056421,0.0485915,0.00782957,111.81,124.48,124.745,139.857,68.2633,0.0337287,0.0258468,0.799461,0.890049,0.850435,6.27033,5.7395,4.38051,1.35899,0.0,0.0,0,0,2.71968,3.57568,2.78771,0.787973,0.0,0.0,0,0,Event_652357534
87.3475,45.4814,-1.2698,2.41289,0.000732533,0.000589213,0.0316758,0.0108456,0.0108456,0.0,32.0444,43.2826,39.3432,47.5625,20.7541,0.0111226,0.0113111,0.673732,0.910015,0.469421,7.61738,3.33465,3.33465,0.0,6.58099,3.22219,3,2,6.20064,1.26276,1.26276,0.0,6.58099,3.22219,3,2,Event_273215406
145.426,41.9101,-1.91584,-1.07443,0.000732533,0.000589213,0.0316758,0.0170299,0.0170299,0.0,18.8908,40.4728,52.1948,89.751,13.3039,0.0226645,0.0356998,0.21048,0.450946,0.424143,3.23307,5.75816,5.51807,0.240088,6.33414,6.33414,2,2,3.10512,3.85617,3.85617,0.0,6.33414,6.33414,2,2,Event_273215406
19.736,9.93392,-1.30926,-0.690064,0.000735218,0.000589813,0.0417092,0.0,0.0,0.0,11.4282,16.7315,16.6887,18.3876,8.63338,0.0136707,0.0139683,0.621517,0.909934,0.864965,5.13463,3.2635,3.2635,0.0,7.54152,2.26984,2,1,3.0234,3.2635,3.2635,0.0,7.54152,2.26984,2,1,Event_272744622
36.0711,32.5749,0.459259,-2.59286,0.000729863,0.000615293,0.0967043,0.0,0.0,0.0,12.0664,17.2179,17.5496,18.9866,10.5227,0.0112118,0.0114152,0.635522,0.906843,0.487795,7.26522,0.0,0.0,0.0,0.47078,0.47078,1,1,2.49431,0.0,0.0,0.0,0.0,0.0,0,0,Event_652184289
65.5098,23.8734,1.66759,0.0983255,0.000729863,0.000615293,0.0967043,0.0,0.0,0.0,33.036,36.18,36.8443,39.3616,25.7793,0.0132597,0.0261746,0.839295,0.919168,0.648515,1.95942,1.21347,0.853363,0.360109,0.0,0.0,0,0,0.647488,0.0,0.0,0.0,0.0,0.0,0,0,Event_652184289
26.7238,19.2814,-0.852566,-0.565615,0.000703874,0.000609774,-0.0865634,0.466188,0.466188,0.0,9.52977,13.4205,13.9188,16.0204,5.12368,0.0157112,0.0160267,0.594854,0.837712,0.523462,6.79338,12.9675,12.9675,0.0,5.02042,5.02042,2,2,5.63722,12.9675,12.9675,0.0,4.20146,4.20146,1,1,Event_272976462
99.1083,69.553,-0.892012,1.97903,0.000739621,0.000639016,-0.0473004,0.0,0.0,0.0,57.7919,75.5757,67.6993,82.6501,42.6111,0.011481,0.011661,0.699235,0.914405,0.689639,7.43834,4.26819,4.26819,0.0,7.59361,7.59361,3,3,5.70136,3.06338,3.06338,0.0,7.59361,7.59361,3,3,Event_1357605031
29.5977,27.52,0.386181,1.77246,0.000739621,0.000639016,-0.0473004,0.0,0.0,0.0,14.9791,25.9932,26.4516,28.2541,10.1663,0.011683,0.0116977,0.530159,0.919982,0.88878,13.1559,20.1556,20.1556,0.0,25.8722,25.8722,5,5,10.0515,17.546,17.546,0.0,25.8722,25.8722,5,5,Event_1357605031
24.1847,23.9664,-0.134851,-2.04755,0.000739621,0.000639016,-0.0473004,0.0472391,0.0472391,0.0,18.1859,19.4259,20.1785,21.0995,15.461,0.00964607,0.00971486,0.861914,0.920683,0.834779,1.78883,1.83152,1.83152,0.0,0.6837,0.6837,2,2,1.28596,1.83152,1.83152,0.0,0.6837,0.6837,2,2,Event_1357605031
188.046,31.2021,-2.48239,-0.324273,0.000739621,0.000639016,-0.0473004,0.272383,0.147587,0.124796,56.3934,80.3307,74.4077,99.1865,46.408,0.0447922,0.0363848,0.56856,0.809896,0.442994,4.79924,4.28718,2.86624,1.42094,4.80784,4.80784,2,2,2.49267,2.84597,1.65224,1.19374,3.9904,3.9904,1,1,Event_1357605031
61.6261,31.6599,-1.2855,-1.89866,0.000721522,0.000615216,0.0331689,0.034788,0.034788,0.0,36.8332,41.2098,41.5942,44.6219,20.6218,0.00900303,0.0092003,0.825451,0.923534,0.694059,10.9591,1.02282,0.690928,0.331896,12.7036,12.7036,3,3,8.97158,0.690928,0.690928,0.0,12.7036,12.7036,3,3,Event_273184270
104.704,35.4915,-1.74494,0.401623,0.000735087,0.000595221,-0.0229035,0.489079,0.221643,0.267436,22.8655,42.2259,38.6723,62.3408,13.7863,0.0232172,0.0430004,0.366782,0.677339,0.420363,2.76131,15.5112,8.83286,6.67838,41.7935,20.9871,5,4,2.21664,13.2564,6.57807,6.67838,41.7935,20.9871,5,4,Event_273209470
194.759,36.5035,2.3586,-2.51756,0.00072068,0.000610482,-0.0770065,0.00546103,0.00546103,0.0,137.922,155.129,159.628,182.007,66.425,0.0473025,0.0473544,0.757784,0.852328,0.883267,2.05295,0.998946,0.998946,0.0,1.90649,0.791848,2,1,1.88096,0.676051,0.676051,0.0,1.90649,0.791848,2,1,Event_651906625
142.735,35.2512,2.07603,0.500762,0.00072068,0.000610482,-0.0770065,0.0158781,0.0158781,0.0,112.826,122.098,124.729,130.78,101.881,0.0197896,0.0262577,0.862715,0.933609,0.906193,0.866983,6.79834,5.69675,1.10159,11.6754,8.2391,3,2,0.641859,5.91977,4.81818,1.10159,11.6754,8.2391,3,2,Event_651906625
217.306,73.1782,-1.75192,2.17278,0.000712543,0.000626017,-0.00203229,0.0,0.0,0.0,58.0976,91.9817,94.5433,144.456,52.2804,0.0194293,0.0347577,0.402183,0.636746,0.490509,6.81174,6.03138,5.35732,0.674054,12.5332,6.87308,6,5,5.36749,3.422,3.01978,0.402227,11.7725,6.11231,5,4,Event_273070534
46.4374,42.3553,-0.435585,-0.710847,0.000680551,0.000643872,-0.0540034,0.0,0.0,0.0,41.2546,44.1129,45.331,46.4374,35.1262,0.00882393,0.0089198,0.888393,0.949943,0.967463,3.58779,0.0,0.0,0.0,0.686246,0.686246,1,1,2.79625,0.0,0.0,0.0,0.0,0.0,0,0,Event_421267699
18.3947,11.6349,-1.03159,-2.92429,0.000680551,0.000643872,-0.0540034,0.0,0.0,0.0,9.41716,10.332,9.55169,11.3263,5.01432,0.00989304,0.0101402,0.83144,0.912214,0.534337,3.1721,1.05918,1.05918,0.0,0.0,0.0,0,0,1.47137,0.0,0.0,0.0,0.0,0.0,0,0,Event_421267699
95.7699,34.4384,-1.6819,2.74349,0.000680551,0.000643872,-0.0540034,0.0,0.0,0.0,65.1462,75.3102,75.5399,80.5082,32.2921,0.0145781,0.0275616,0.809187,0.935435,0.902564,1.48265,3.1415,2.47063,0.670863,0.674414,0.674414,1,1,0.908933,0.34272,0.34272,0.0,0.674414,0.674414,1,1,Event_421267699
50.0134,16.4556,-1.77654,-0.201572,0.000680551,0.000643872,-0.0540034,0.0,0.0,0.0,20.899,24.1812,19.0455,28.9002,11.0576,0.0187974,0.0322241,0.723144,0.836714,0.477385,0.786337,1.12211,1.12211,0.0,0.0,0.0,0,0,0.49208,0.846497,0.846497,0.0,0.0,0.0,0,0,Event_421267699
